match_id,kickoff,Div,Date,Time,HomeTeam,AwayTeam,FTHG,FTAG,FTR,HTHG,HTAG,HTR,Referee,HS,AS,HST,AST,HF,AF,HC,AC,HY,AY,HR,AR,B365H,B365D,B365A,BWH,BWD,BWA,IWH,IWD,IWA,PSH,PSD,PSA,WHH,WHD,WHA,VCH,VCD,VCA,MaxH,MaxD,MaxA,AvgH,AvgD,AvgA,B365>2.5,B365<2.5,P>2.5,P<2.5,Max>2.5,Max<2.5,Avg>2.5,Avg<2.5,AHh,B365AHH,B365AHA,PAHH,PAHA,MaxAHH,MaxAHA,AvgAHH,AvgAHA,B365CH,B365CD,B365CA,BWCH,BWCD,BWCA,IWCH,IWCD,IWCA,PSCH,PSCD,PSCA,WHCH,WHCD,WHCA,VCCH,VCCD,VCCA,MaxCH,MaxCD,MaxCA,AvgCH,AvgCD,AvgCA,B365C>2.5,B365C<2.5,PC>2.5,PC<2.5,MaxC>2.5,MaxC<2.5,AvgC>2.5,AvgC<2.5,AHCh,B365CAHH,B365CAHA,PCAHH,PCAHA,MaxCAHH,MaxCAHA,AvgCAHH,AvgCAHA,market_home_prob,market_draw_prob,market_away_prob,market_home_prob_fair,market_draw_prob_fair,market_away_prob_fair,home_rest_days,home_points_last_5,home_points_last_10,home_goals_for_last_5,home_goals_for_last_10,home_goals_against_last_5,home_goals_against_last_10,home_shots_for_last_5,home_shots_for_last_10,home_shots_on_target_for_last_5,home_shots_on_target_for_last_10,home_fouls_for_last_5,home_fouls_for_last_10,home_corners_for_last_5,home_corners_for_last_10,home_yellow_cards_for_last_5,home_yellow_cards_for_last_10,home_red_cards_for_last_5,home_red_cards_for_last_10,away_rest_days,away_points_last_5,away_points_last_10,away_goals_for_last_5,away_goals_for_last_10,away_goals_against_last_5,away_goals_against_last_10,away_shots_for_last_5,away_shots_for_last_10,away_shots_on_target_for_last_5,away_shots_on_target_for_last_10,away_fouls_for_last_5,away_fouls_for_last_10,away_corners_for_last_5,away_corners_for_last_10,away_yellow_cards_for_last_5,away_yellow_cards_for_last_10,away_red_cards_for_last_5,away_red_cards_for_last_10,home_points_home_last_5,home_points_home_last_10,home_goals_for_home_last_5,home_goals_for_home_last_10,home_goals_against_home_last_5,home_goals_against_home_last_10,away_points_away_last_5,away_points_away_last_10,away_goals_for_away_last_5,away_goals_for_away_last_10,away_goals_against_away_last_5,away_goals_against_away_last_10,points_difference_last_5,goals_difference_last_5
1,2019-08-09 20:00:00,E0,09/08/2019,20:00,Liverpool,Norwich,4,1,H,4,0,H,M Oliver,15,12,7,5,9,9,11,2,0,2,0,0,1.14,10.0,19.0,1.14,8.25,18.5,1.15,8.0,18.0,1.15,9.59,18.05,1.12,8.5,21.0,1.14,9.5,23.0,1.16,10.0,23.0,1.14,8.75,19.83,1.4,3.0,1.4,3.11,1.45,3.11,1.41,2.92,-2.25,1.96,1.94,1.97,1.95,1.97,2.0,1.94,1.94,1.14,9.5,21.0,1.14,9.0,20.0,1.15,8.0,18.0,1.14,10.43,19.63,1.11,9.5,21.0,1.14,9.5,23.0,1.16,10.5,23.0,1.14,9.52,19.18,1.3,3.5,1.34,3.44,1.36,3.76,1.32,3.43,-2.25,1.91,1.99,1.94,1.98,1.99,2.07,1.9,1.99,0.8771929824561404,0.11428571428571428,0.05042864346949068,0.8419107425408927,0.1096889424567563,0.04840031500235087,,,,,,,,,,,,,,,,,,,,,,,,,,,,,,,,,,,,,,,,,,,,,,,,,,,,
2,2019-08-10 12:30:00,E0,10/08/2019,12:30,West Ham,Man City,0,5,A,0,1,A,M Dean,5,14,3,9,6,13,1,1,2,2,0,0,12.0,6.5,1.22,11.5,5.75,1.26,11.0,6.1,1.25,11.68,6.53,1.26,13.0,6.0,1.24,12.0,6.5,1.25,13.0,6.75,1.29,11.84,6.28,1.25,1.44,2.75,1.49,2.77,1.51,2.77,1.48,2.65,1.75,2.0,1.9,2.02,1.9,2.02,1.92,1.99,1.89,12.0,7.0,1.25,11.0,6.0,1.26,11.0,6.1,1.25,11.11,6.68,1.27,11.0,6.5,1.24,12.0,6.5,1.25,13.0,7.0,1.29,11.14,6.46,1.26,1.4,3.0,1.43,3.03,1.5,3.22,1.41,2.91,1.75,1.95,1.95,1.96,1.97,2.07,1.98,1.97,1.92,0.08445945945945946,0.1592356687898089,0.8,0.08092349688470309,0.15256914062338925,0.7665073624919078,,,,,,,,,,,,,,,,,,,,,,,,,,,,,,,,,,,,,,,,,,,,,,,,,,,,
3,2019-08-10 15:00:00,E0,10/08/2019,15:00,Bournemouth,Sheffield United,1,1,D,0,0,D,K Friend,13,8,3,3,10,19,3,4,2,1,0,0,1.95,3.6,3.6,1.95,3.6,3.9,1.97,3.55,3.8,2.04,3.57,3.9,2.0,3.5,3.8,2.0,3.6,4.0,2.06,3.65,4.0,2.01,3.53,3.83,1.9,1.9,1.96,1.96,2.0,1.99,1.9,1.93,-0.5,2.01,1.89,2.04,1.88,2.04,1.91,2.0,1.88,1.95,3.7,4.2,1.95,3.6,3.9,1.97,3.55,3.85,1.98,3.67,4.06,1.95,3.6,3.9,2.0,3.6,4.0,2.03,3.7,4.2,1.98,3.58,3.96,1.9,1.9,1.94,1.97,1.97,1.98,1.91,1.92,-0.5,1.95,1.95,1.98,1.95,2.0,1.96,1.96,1.92,0.49751243781094534,0.28328611898017,0.2610966057441253,0.4775071962138203,0.2718950324050365,0.25059777138114325,,,,,,,,,,,,,,,,,,,,,,,,,,,,,,,,,,,,,,,,,,,,,,,,,,,,
4,2019-08-10 15:00:00,E0,10/08/2019,15:00,Burnley,Southampton,3,0,H,0,0,D,G Scott,10,11,4,3,6,12,2,7,0,0,0,0,2.62,3.2,2.75,2.65,3.2,2.75,2.65,3.2,2.75,2.71,3.31,2.81,2.7,3.2,2.75,2.7,3.3,2.8,2.8,3.33,2.85,2.68,3.22,2.78,2.1,1.72,2.17,1.77,2.2,1.78,2.12,1.73,0.0,1.92,1.98,1.93,2.0,1.94,2.0,1.91,1.98,2.7,3.25,2.9,2.65,3.1,2.85,2.6,3.2,2.85,2.71,3.19,2.9,2.62,3.2,2.8,2.7,3.25,2.9,2.72,3.26,2.95,2.65,3.18,2.88,2.1,1.72,2.19,1.76,2.25,1.78,2.17,1.71,0.0,1.87,2.03,1.89,2.03,1.9,2.07,1.86,2.02,0.3731343283582089,0.3105590062111801,0.3597122302158274,0.35761197845922754,0.29763978331389124,0.3447482382268813,,,,,,,,,,,,,,,,,,,,,,,,,,,,,,,,,,,,,,,,,,,,,,,,,,,,
5,2019-08-10 15:00:00,E0,10/08/2019,15:00,Crystal Palace,Everton,0,0,D,0,0,D,J Moss,6,10,2,3,16,14,6,2,2,1,0,1,3.0,3.25,2.37,3.2,3.2,2.35,3.1,3.2,2.4,3.21,3.37,2.39,3.1,3.3,2.35,3.2,3.3,2.45,3.21,3.4,2.52,3.13,3.27,2.4,2.2,1.66,2.23,1.74,2.25,1.74,2.18,1.7,0.25,1.85,2.05,1.88,2.05,1.88,2.09,1.84,2.04,3.4,3.5,2.25,3.3,3.3,2.25,3.4,3.3,2.2,3.37,3.45,2.27,3.3,3.3,2.25,3.4,3.3,2.25,3.55,3.5,2.34,3.41,3.37,2.23,2.2,1.66,2.22,1.74,2.28,1.77,2.17,1.71,0.25,1.82,2.08,1.97,1.96,2.03,2.08,1.96,1.93,0.3194888178913738,0.3058103975535168,0.4166666666666667,0.30662118921199755,0.29349367652402214,0.3998851342639802,,,,,,,,,,,,,,,,,,,,,,,,,,,,,,,,,,,,,,,,,,,,,,,,,,,,
6,2019-08-10 15:00:00,E0,10/08/2019,15:00,Watford,Brighton,0,3,A,0,1,A,C Pawson,11,5,3,3,15,11,5,2,0,1,0,0,1.9,3.4,4.0,1.9,3.4,4.33,1.93,3.4,4.25,1.98,3.44,4.37,1.95,3.4,4.2,1.95,3.5,4.33,2.0,3.5,4.6,1.94,3.41,4.26,2.1,1.72,2.19,1.76,2.24,1.76,2.16,1.71,-0.5,1.95,1.95,1.98,1.95,1.98,1.98,1.94,1.94,2.1,3.25,4.2,2.1,3.1,4.0,2.05,3.2,4.0,2.05,3.38,4.12,2.05,3.25,4.0,2.15,3.3,3.9,2.15,3.38,4.2,2.07,3.27,4.04,2.1,1.72,2.16,1.78,2.2,1.78,2.14,1.73,-0.5,2.04,1.86,2.05,1.88,2.12,1.91,2.05,1.84,0.5154639175257733,0.29325513196480935,0.2347417840375587,0.49399450459763866,0.281040861853202,0.22496463354915938,,,,,,,,,,,,,,,,,,,,,,,,,,,,,,,,,,,,,,,,,,,,,,,,,,,,
7,2019-08-10 17:30:00,E0,10/08/2019,17:30,Tottenham,Aston Villa,3,1,H,0,1,A,C Kavanagh,31,7,7,4,13,9,14,0,1,0,0,0,1.3,5.25,10.0,1.3,5.5,10.0,1.3,5.5,9.6,1.3,5.84,10.96,1.29,5.5,10.0,1.3,5.5,12.0,1.33,5.95,12.0,1.3,5.53,10.51,1.66,2.2,1.64,2.4,1.7,2.4,1.65,2.26,-1.5,1.97,1.93,1.99,1.93,2.0,2.0,1.93,1.94,1.36,5.5,9.0,1.35,5.0,9.0,1.3,5.5,9.6,1.39,5.35,8.42,1.35,5.25,8.0,1.4,5.2,9.0,1.4,5.7,10.0,1.36,5.29,8.82,1.57,2.37,1.58,2.52,1.65,2.55,1.58,2.4,-1.5,2.1,1.7,2.18,1.77,2.21,1.87,2.08,1.8,0.7692307692307692,0.18083182640144665,0.09514747859181732,0.7359580511141248,0.17301003009916135,0.09103191878671384,,,,,,,,,,,,,,,,,,,,,,,,,,,,,,,,,,,,,,,,,,,,,,,,,,,,
8,2019-08-11 14:00:00,E0,11/08/2019,14:00,Leicester,Wolves,0,0,D,0,0,D,A Marriner,15,8,1,2,3,13,12,3,0,2,0,0,2.2,3.2,3.4,2.25,3.3,3.3,2.2,3.25,3.45,2.21,3.34,3.66,2.2,3.25,3.5,2.25,3.3,3.6,2.29,3.38,3.66,2.22,3.28,3.48,2.2,1.66,2.23,1.74,2.25,1.74,2.17,1.7,-0.25,1.9,2.0,1.9,2.04,1.95,2.04,1.91,1.98,2.4,3.25,3.3,2.35,3.2,3.3,2.35,3.15,3.2,2.5,3.12,3.3,2.35,3.1,3.3,2.45,3.2,3.3,2.55,3.25,3.58,2.41,3.14,3.29,2.3,1.61,2.45,1.63,2.45,1.71,2.33,1.62,-0.25,2.07,1.83,2.11,1.83,2.12,1.98,2.06,1.84,0.4504504504504504,0.3048780487804878,0.28735632183908044,0.4320101734944137,0.29239712962121905,0.2755926968843673,,,,,,,,,,,,,,,,,,,,,,,,,,,,,,,,,,,,,,,,,,,,,,,,,,,,
9,2019-08-11 14:00:00,E0,11/08/2019,14:00,Newcastle,Arsenal,0,1,A,0,0,D,M Atkinson,9,8,2,2,12,7,5,3,1,3,0,0,4.5,3.75,1.72,4.5,3.75,1.78,4.4,3.85,1.77,4.58,3.93,1.81,4.5,3.75,1.78,4.6,3.9,1.8,4.7,4.0,1.83,4.49,3.82,1.79,1.8,2.0,1.83,2.1,1.83,2.14,1.77,2.07,0.75,1.85,2.05,1.86,2.07,1.88,2.08,1.85,2.03,3.4,3.6,2.2,3.3,3.5,2.2,3.25,3.5,2.2,3.36,3.56,2.25,3.5,3.4,2.15,3.4,3.5,2.25,3.76,3.65,2.25,3.36,3.51,2.2,1.8,2.0,1.83,2.09,1.85,2.17,1.79,2.05,0.25,1.99,1.91,1.99,1.95,2.17,1.97,2.0,1.89,0.22271714922048996,0.2617801047120419,0.5586592178770949,0.2135031083439755,0.2509499886032592,0.5355469030527654,,,,,,,,,,,,,,,,,,,,,,,,,,,,,,,,,,,,,,,,,,,,,,,,,,,,
10,2019-08-11 16:30:00,E0,11/08/2019,16:30,Man United,Chelsea,4,0,H,1,0,H,A Taylor,11,18,5,7,15,13,3,5,3,4,0,0,2.1,3.3,3.5,2.15,3.3,3.5,2.15,3.35,3.4,2.21,3.37,3.63,2.15,3.3,3.5,2.25,3.3,3.5,2.28,3.43,3.63,2.19,3.32,3.49,2.0,1.8,2.05,1.87,2.1,1.87,2.01,1.83,-0.25,1.9,2.0,1.9,2.04,1.92,2.04,1.89,2.0,2.05,3.5,4.0,2.1,3.3,3.8,2.05,3.3,3.85,2.04,3.44,4.14,2.0,3.4,4.0,2.05,3.4,4.1,2.2,3.5,4.4,2.05,3.36,3.99,2.0,1.8,2.05,1.88,2.07,2.04,1.99,1.84,-0.5,2.02,1.88,2.04,1.9,2.1,1.91,2.04,1.85,0.4566210045662101,0.30120481927710846,0.28653295128939826,0.437226186478093,0.2884112495141638,0.27436256400774317,,,,,,,,,,,,,,,,,,,,,,,,,,,,,,,,,,,,,,,,,,,,,,,,,,,,
11,2019-08-17 12:30:00,E0,17/08/2019,12:30,Arsenal,Burnley,2,1,H,1,1,D,M Dean,16,18,9,5,13,11,10,7,2,1,0,0,1.3,5.5,10.0,1.3,5.5,10.0,1.3,5.6,9.5,1.34,5.68,9.35,1.32,5.25,10.0,1.33,5.5,10.5,1.36,5.75,11.0,1.33,5.49,9.48,1.57,2.37,1.61,2.47,1.65,2.47,1.6,2.34,-1.5,2.02,1.91,2.05,1.88,2.06,1.95,1.98,1.9,1.33,5.25,9.0,1.33,5.5,9.25,1.3,5.6,9.5,1.38,5.35,8.78,1.33,5.25,9.5,1.36,5.4,9.5,1.4,5.6,10.0,1.36,5.27,8.77,1.61,2.3,1.63,2.42,1.65,2.47,1.61,2.35,-1.5,2.11,1.82,2.11,1.82,2.16,1.94,2.05,1.84,0.7518796992481203,0.18214936247723132,0.10548523206751054,0.7232990481590654,0.17522545246840748,0.1014754993725271,5.9375,3.0,3.0,1.0,1.0,0.0,0.0,8.0,8.0,2.0,2.0,7.0,7.0,3.0,3.0,3.0,3.0,0.0,0.0,6.895833333333333,3.0,3.0,3.0,3.0,0.0,0.0,10.0,10.0,4.0,4.0,6.0,6.0,2.0,2.0,0.0,0.0,0.0,0.0,,,,,,,,,,,,,0.0,-2.0
12,2019-08-17 15:00:00,E0,17/08/2019,15:00,Aston Villa,Bournemouth,1,2,A,0,2,A,M Atkinson,22,12,7,4,10,13,10,5,0,2,0,0,2.3,3.4,3.1,2.25,3.5,3.1,2.3,3.45,3.05,2.32,3.56,3.17,2.25,3.5,3.1,2.38,3.5,3.2,2.42,3.64,3.2,2.33,3.49,3.08,1.8,2.0,1.81,2.11,1.86,2.11,1.81,2.03,-0.25,2.02,1.91,2.02,1.91,2.03,1.92,2.01,1.88,2.2,3.6,3.1,2.25,3.6,3.1,2.25,3.6,3.05,2.3,3.69,3.11,2.25,3.5,3.1,2.3,3.7,3.13,2.33,3.75,3.22,2.26,3.62,3.12,1.61,2.3,1.64,2.39,1.75,2.39,1.66,2.26,-0.25,2.01,1.92,2.01,1.92,2.01,1.96,1.97,1.92,0.4291845493562232,0.28653295128939826,0.3246753246753247,0.4125216350120696,0.2754084268132155,0.312069938174715,6.895833333333333,0.0,0.0,1.0,1.0,3.0,3.0,7.0,7.0,4.0,4.0,9.0,9.0,0.0,0.0,0.0,0.0,0.0,0.0,7.0,1.0,1.0,1.0,1.0,1.0,1.0,13.0,13.0,3.0,3.0,10.0,10.0,3.0,3.0,2.0,2.0,0.0,0.0,,,,,,,,,,,,,-1.0,0.0
13,2019-08-17 15:00:00,E0,17/08/2019,15:00,Brighton,West Ham,1,1,D,0,0,D,A Taylor,16,8,4,3,11,10,8,6,0,2,0,0,2.55,3.25,2.87,2.5,3.3,2.9,2.5,3.3,2.85,2.58,3.38,2.92,2.5,3.3,2.88,2.55,3.4,3.0,2.65,3.42,3.0,2.52,3.33,2.9,1.9,1.9,1.99,1.93,2.0,1.94,1.95,1.87,-0.25,2.07,1.72,2.21,1.75,2.21,1.8,2.16,1.75,2.2,3.4,3.3,2.25,3.3,3.4,2.2,3.4,3.3,2.22,3.6,3.34,2.1,3.5,3.5,2.25,3.4,3.5,2.3,3.6,3.74,2.23,3.44,3.34,1.9,1.9,1.95,1.97,2.0,2.12,1.92,1.91,-0.25,1.91,2.02,1.93,2.0,1.96,2.15,1.91,1.98,0.3968253968253968,0.3003003003003003,0.3448275862068966,0.3808475899765741,0.28820898700929937,0.3309434230141265,7.0,3.0,3.0,3.0,3.0,0.0,0.0,5.0,5.0,3.0,3.0,11.0,11.0,2.0,2.0,1.0,1.0,0.0,0.0,7.104166666666667,0.0,0.0,0.0,0.0,5.0,5.0,5.0,5.0,3.0,3.0,6.0,6.0,1.0,1.0,2.0,2.0,0.0,0.0,,,,,,,,,,,,,3.0,3.0
14,2019-08-17 15:00:00,E0,17/08/2019,15:00,Everton,Watford,1,0,H,1,0,H,L Mason,12,8,2,2,11,11,4,7,2,3,0,0,1.72,3.8,4.75,1.67,4.0,5.0,1.7,3.9,4.65,1.76,3.95,4.87,1.73,3.8,4.8,1.73,4.0,5.2,1.8,4.05,5.2,1.73,3.9,4.86,1.72,2.1,1.86,2.06,1.86,2.2,1.79,2.05,-0.75,1.97,1.96,2.0,1.93,2.0,1.97,1.94,1.95,1.8,3.6,4.5,1.83,3.75,4.5,1.83,3.65,4.35,1.85,3.66,4.64,1.78,3.7,4.5,1.85,3.75,4.6,1.89,3.88,4.84,1.83,3.69,4.56,1.72,2.1,1.81,2.12,1.82,2.14,1.78,2.07,-0.75,2.11,1.82,2.12,1.81,2.16,1.87,2.07,1.83,0.5780346820809249,0.25641025641025644,0.20576131687242796,0.555692372642837,0.24649943709541233,0.1978081902617506,7.0,1.0,1.0,0.0,0.0,0.0,0.0,10.0,10.0,3.0,3.0,14.0,14.0,2.0,2.0,1.0,1.0,1.0,1.0,7.0,0.0,0.0,0.0,0.0,3.0,3.0,11.0,11.0,3.0,3.0,15.0,15.0,5.0,5.0,0.0,0.0,0.0,0.0,,,,,,,,,,,,,1.0,0.0
15,2019-08-17 15:00:00,E0,17/08/2019,15:00,Norwich,Newcastle,3,1,H,1,0,H,S Attwell,15,10,8,3,9,11,7,5,1,3,0,0,2.25,3.3,3.3,2.25,3.3,3.3,2.2,3.35,3.35,2.25,3.42,3.44,2.15,3.4,3.4,2.25,3.4,3.5,2.3,3.5,3.5,2.23,3.38,3.38,1.9,1.9,1.98,1.93,2.05,1.93,1.95,1.88,-0.25,1.93,2.0,1.94,1.99,1.95,2.01,1.92,1.97,2.1,3.4,3.5,2.15,3.4,3.5,2.15,3.35,3.5,2.14,3.57,3.58,2.1,3.4,3.6,2.2,3.4,3.7,2.25,3.6,3.86,2.15,3.44,3.55,1.9,1.9,1.96,1.96,2.0,2.1,1.93,1.9,-0.25,1.84,2.09,1.85,2.08,1.88,2.15,1.84,2.05,0.4484304932735426,0.2958579881656805,0.2958579881656805,0.4311224489795918,0.2844387755102041,0.2844387755102041,7.791666666666667,0.0,0.0,1.0,1.0,4.0,4.0,12.0,12.0,5.0,5.0,9.0,9.0,2.0,2.0,2.0,2.0,0.0,0.0,6.041666666666667,0.0,0.0,0.0,0.0,1.0,1.0,9.0,9.0,2.0,2.0,12.0,12.0,5.0,5.0,1.0,1.0,0.0,0.0,,,,,,,,,,,,,0.0,1.0
16,2019-08-17 15:00:00,E0,17/08/2019,15:00,Southampton,Liverpool,1,2,A,0,1,A,A Marriner,14,15,3,6,10,6,5,9,2,1,0,0,6.5,4.75,1.44,6.25,4.75,1.48,7.5,4.8,1.4,7.04,4.72,1.48,7.0,4.6,1.44,7.5,4.8,1.45,7.5,4.9,1.52,6.77,4.67,1.47,1.66,2.2,1.65,2.37,1.7,2.38,1.64,2.28,1.25,1.86,2.07,1.85,2.08,1.87,2.09,1.84,2.04,6.5,4.5,1.45,6.5,4.5,1.5,7.0,4.5,1.45,6.43,4.57,1.53,7.0,4.4,1.47,7.0,4.6,1.5,7.4,4.85,1.55,6.48,4.56,1.5,1.61,2.3,1.66,2.36,1.68,2.44,1.63,2.32,1.0,2.07,1.86,2.05,1.88,2.21,1.9,2.08,1.81,0.14771048744460857,0.21413276231263384,0.6802721088435374,0.1417410138191759,0.2054789429455719,0.6527800432352522,7.0,0.0,0.0,0.0,0.0,3.0,3.0,11.0,11.0,3.0,3.0,12.0,12.0,7.0,7.0,0.0,0.0,0.0,0.0,7.791666666666667,3.0,3.0,4.0,4.0,1.0,1.0,15.0,15.0,7.0,7.0,9.0,9.0,11.0,11.0,0.0,0.0,0.0,0.0,,,,,,,,,,,,,-3.0,-4.0
17,2019-08-17 17:30:00,E0,17/08/2019,17:30,Man City,Tottenham,2,2,D,2,1,H,M Oliver,30,3,10,2,14,4,13,2,1,0,0,0,1.36,5.25,8.0,1.35,5.5,7.75,1.35,5.3,8.0,1.37,5.42,8.71,1.35,5.25,8.5,1.36,5.5,9.0,1.4,5.5,9.0,1.36,5.32,8.46,1.53,2.5,1.55,2.61,1.56,2.69,1.52,2.55,-1.5,2.03,1.9,2.04,1.89,2.04,1.91,2.0,1.87,1.33,5.5,8.0,1.36,5.5,8.25,1.35,5.3,8.0,1.37,5.63,8.39,1.35,5.25,8.5,1.36,5.5,9.0,1.4,5.7,9.05,1.36,5.47,8.2,1.5,2.62,1.52,2.71,1.55,2.92,1.5,2.62,-1.5,2.05,1.88,2.04,1.89,2.07,1.97,2.0,1.88,0.7352941176470588,0.18796992481203006,0.11820330969267138,0.7060174436845078,0.1804856622952877,0.11349689402020456,7.208333333333333,3.0,3.0,5.0,5.0,0.0,0.0,14.0,14.0,9.0,9.0,13.0,13.0,1.0,1.0,2.0,2.0,0.0,0.0,7.0,3.0,3.0,3.0,3.0,1.0,1.0,31.0,31.0,7.0,7.0,13.0,13.0,14.0,14.0,1.0,1.0,0.0,0.0,,,,,,,,,,,,,0.0,2.0
18,2019-08-18 14:00:00,E0,18/08/2019,14:00,Sheffield United,Crystal Palace,1,0,H,0,0,D,D Coote,15,6,3,4,16,11,8,4,3,1,0,0,2.55,3.1,2.9,2.55,3.2,2.9,2.55,3.1,2.95,2.6,3.21,3.02,2.55,3.2,2.9,2.63,3.2,3.0,2.65,3.35,3.1,2.57,3.19,2.95,2.3,1.61,2.41,1.63,2.45,1.66,2.37,1.6,-0.25,2.15,1.67,2.21,1.75,2.25,1.76,2.19,1.73,2.45,3.3,2.9,2.5,3.25,3.0,2.45,3.15,3.0,2.51,3.33,3.08,2.5,3.1,3.1,2.55,3.25,3.1,2.6,3.33,3.1,2.51,3.24,3.01,2.1,1.72,2.13,1.8,2.2,1.87,2.1,1.76,-0.25,2.02,1.77,2.14,1.81,2.18,1.84,2.13,1.78,0.38910505836575876,0.31347962382445144,0.3389830508474576,0.3735763369233395,0.3009690237909037,0.3254546392857568,7.958333333333333,1.0,1.0,1.0,1.0,1.0,1.0,8.0,8.0,3.0,3.0,19.0,19.0,4.0,4.0,1.0,1.0,0.0,0.0,7.958333333333333,1.0,1.0,0.0,0.0,0.0,0.0,6.0,6.0,2.0,2.0,16.0,16.0,6.0,6.0,2.0,2.0,0.0,0.0,,,,,,,,,,,,,0.0,1.0
19,2019-08-18 16:30:00,E0,18/08/2019,16:30,Chelsea,Leicester,1,1,D,1,0,H,O Langford,14,12,5,3,9,14,4,5,1,0,0,0,1.7,3.75,5.0,1.72,3.7,5.0,1.73,3.75,4.9,1.74,3.79,5.28,1.7,3.7,5.25,1.73,3.8,5.25,1.77,4.0,5.35,1.73,3.77,5.07,1.9,1.9,2.01,1.91,2.02,1.92,1.96,1.86,-0.75,1.97,1.96,1.99,1.94,1.99,1.97,1.95,1.94,1.7,3.75,5.0,1.72,3.8,5.0,1.7,3.8,5.0,1.73,3.9,5.23,1.7,3.7,5.25,1.75,3.8,5.0,1.8,4.0,5.7,1.73,3.84,5.0,1.8,2.0,1.83,2.1,1.87,2.17,1.82,2.01,-0.75,1.93,1.97,1.96,1.98,2.01,2.06,1.94,1.96,0.5780346820809249,0.26525198938992045,0.1972386587771203,0.5555219707560359,0.2549212226546265,0.18955680658933766,7.0,0.0,0.0,0.0,0.0,4.0,4.0,18.0,18.0,7.0,7.0,13.0,13.0,5.0,5.0,4.0,4.0,0.0,0.0,7.104166666666667,1.0,1.0,0.0,0.0,0.0,0.0,15.0,15.0,1.0,1.0,3.0,3.0,12.0,12.0,0.0,0.0,0.0,0.0,,,,,,,,,,,,,-1.0,0.0
20,2019-08-19 20:00:00,E0,19/08/2019,20:00,Wolves,Man United,1,1,D,0,1,A,J Moss,6,9,2,2,17,8,4,6,2,2,0,0,3.3,3.3,2.25,3.3,3.25,2.3,3.25,3.3,2.25,3.4,3.29,2.33,3.3,3.25,2.3,3.4,3.3,2.3,3.41,3.4,2.35,3.32,3.28,2.3,2.1,1.72,2.18,1.76,2.19,1.78,2.12,1.74,0.25,1.93,2.0,1.93,2.0,1.95,2.02,1.92,1.97,2.87,3.3,2.45,3.0,3.3,2.45,3.1,3.3,2.35,2.98,3.32,2.56,3.0,3.25,2.45,3.0,3.4,2.55,3.24,3.4,2.61,3.0,3.29,2.49,2.1,1.72,2.17,1.78,2.21,1.83,2.12,1.74,0.25,1.75,2.2,1.77,2.19,1.89,2.25,1.77,2.15,0.30120481927710846,0.3048780487804878,0.4347826086956522,0.28937920029459596,0.29290821493233493,0.417712584773069,8.25,1.0,1.0,0.0,0.0,0.0,0.0,8.0,8.0,2.0,2.0,13.0,13.0,3.0,3.0,2.0,2.0,0.0,0.0,8.145833333333334,3.0,3.0,4.0,4.0,0.0,0.0,11.0,11.0,5.0,5.0,15.0,15.0,3.0,3.0,3.0,3.0,0.0,0.0,,,,,,,,,,,,,-2.0,-4.0
21,2019-08-23 20:00:00,E0,23/08/2019,20:00,Aston Villa,Everton,2,0,H,1,0,H,M Oliver,7,12,3,1,10,18,0,6,2,3,0,0,3.25,3.5,2.15,3.1,3.5,2.25,3.1,3.5,2.25,3.22,3.54,2.31,3.1,3.5,2.25,3.25,3.6,2.3,3.26,3.72,2.35,3.16,3.5,2.27,1.72,2.1,1.85,2.07,1.85,2.22,1.79,2.05,0.25,1.93,2.0,1.93,2.0,1.98,2.01,1.92,1.97,3.0,3.4,2.37,3.0,3.4,2.4,2.9,3.4,2.4,3.1,3.41,2.43,3.1,3.3,2.35,3.0,3.5,2.5,3.26,3.72,2.5,3.02,3.4,2.42,1.8,2.0,1.88,2.04,1.9,2.22,1.84,2.0,0.25,1.86,2.07,1.84,2.09,1.98,2.14,1.83,2.08,0.3164556962025316,0.2857142857142857,0.44052863436123346,0.3034968026831485,0.27401425613678554,0.4224889411800658,6.208333333333333,0.0,0.0,1.0,1.0,2.5,2.5,14.5,14.5,5.5,5.5,9.5,9.5,5.0,5.0,0.0,0.0,0.0,0.0,6.208333333333333,2.0,2.0,0.5,0.5,0.0,0.0,11.0,11.0,2.5,2.5,12.5,12.5,3.0,3.0,1.5,1.5,0.5,0.5,0.0,0.0,1.0,1.0,2.0,2.0,1.0,1.0,0.0,0.0,0.0,0.0,-2.0,0.5
22,2019-08-24 12:30:00,E0,24/08/2019,12:30,Norwich,Chelsea,2,3,A,2,2,D,M Atkinson,6,23,5,8,9,9,1,8,1,1,0,0,4.33,3.75,1.8,4.33,3.8,1.8,4.05,3.95,1.8,4.13,4.07,1.85,4.2,3.9,1.8,4.4,4.0,1.83,4.4,4.07,1.87,4.18,3.92,1.83,1.53,2.5,1.57,2.55,1.59,2.55,1.56,2.44,0.75,1.86,2.07,1.84,2.09,1.88,2.09,1.84,2.05,4.33,3.75,1.8,4.2,3.9,1.8,4.2,3.8,1.8,4.17,3.91,1.89,4.33,3.75,1.8,4.2,3.9,1.9,4.66,4.2,1.9,4.16,3.89,1.85,1.57,2.37,1.6,2.5,1.61,2.53,1.57,2.42,0.5,1.97,1.82,2.04,1.89,2.09,1.9,2.03,1.86,0.23923444976076558,0.25510204081632654,0.5464480874316939,0.22985971815461126,0.24510551578731504,0.5250347660580736,6.895833333333333,1.5,1.5,2.0,2.0,2.5,2.5,13.5,13.5,6.5,6.5,9.0,9.0,4.5,4.5,1.5,1.5,0.0,0.0,5.833333333333333,0.5,0.5,0.5,0.5,2.5,2.5,16.0,16.0,6.0,6.0,11.0,11.0,4.5,4.5,2.5,2.5,0.0,0.0,3.0,3.0,3.0,3.0,1.0,1.0,0.0,0.0,0.0,0.0,4.0,4.0,1.0,1.5
23,2019-08-24 15:00:00,E0,24/08/2019,15:00,Brighton,Southampton,0,2,A,0,0,D,K Friend,12,12,3,4,9,10,8,5,1,3,1,0,2.4,3.3,3.0,2.4,3.2,3.1,2.4,3.25,3.05,2.45,3.28,3.18,2.4,3.2,3.1,2.45,3.3,3.2,2.55,3.4,3.2,2.43,3.25,3.08,2.1,1.72,2.14,1.79,2.2,1.81,2.1,1.75,-0.25,2.08,1.85,2.1,1.83,2.11,1.85,2.08,1.82,2.3,3.25,3.3,2.4,3.3,3.1,2.25,3.3,3.25,2.33,3.26,3.44,2.3,3.25,3.25,2.38,3.3,3.4,2.45,3.36,3.44,2.36,3.29,3.23,2.0,1.8,2.17,1.77,2.24,1.82,2.09,1.77,-0.25,2.02,1.91,1.99,1.93,2.06,1.94,2.01,1.88,0.4115226337448559,0.3076923076923077,0.3246753246753247,0.3942202040808289,0.2947554141281275,0.31102438179104364,7.0,2.0,2.0,2.0,2.0,0.5,0.5,10.5,10.5,3.5,3.5,11.0,11.0,5.0,5.0,0.5,0.5,0.0,0.0,7.0,0.0,0.0,0.5,0.5,2.5,2.5,12.5,12.5,3.0,3.0,11.0,11.0,6.0,6.0,1.0,1.0,0.0,0.0,1.0,1.0,1.0,1.0,1.0,1.0,0.0,0.0,0.0,0.0,3.0,3.0,2.0,1.5
24,2019-08-24 15:00:00,E0,24/08/2019,15:00,Man United,Crystal Palace,1,2,A,0,1,A,P Tierney,22,5,3,3,8,18,8,1,2,4,0,0,1.33,5.25,9.0,1.36,5.0,8.5,1.36,4.95,8.6,1.36,5.26,9.59,1.33,5.0,10.0,1.36,5.2,10.5,1.39,5.3,10.75,1.36,5.06,9.16,1.72,2.1,1.8,2.13,1.8,2.16,1.76,2.09,-1.5,2.05,1.75,2.1,1.83,2.13,1.87,2.07,1.81,1.33,5.25,9.0,1.35,5.25,9.0,1.3,5.5,9.6,1.37,5.33,9.23,1.32,5.25,9.5,1.33,5.5,10.0,1.38,5.6,10.0,1.35,5.28,9.26,1.61,2.3,1.68,2.32,1.75,2.47,1.66,2.25,-1.5,2.02,1.91,2.04,1.88,2.05,2.04,1.99,1.89,0.7352941176470588,0.19762845849802374,0.1091703056768559,0.7055936476233391,0.18964572347188566,0.10476062890477525,4.791666666666667,2.0,2.0,2.5,2.5,0.5,0.5,10.0,10.0,3.5,3.5,11.5,11.5,4.5,4.5,2.5,2.5,0.0,0.0,6.041666666666667,0.5,0.5,0.0,0.0,0.5,0.5,6.0,6.0,3.0,3.0,13.5,13.5,5.0,5.0,1.5,1.5,0.0,0.0,3.0,3.0,4.0,4.0,0.0,0.0,0.0,0.0,0.0,0.0,1.0,1.0,1.5,2.5
25,2019-08-24 15:00:00,E0,24/08/2019,15:00,Sheffield United,Leicester,1,2,A,0,1,A,A Madley,8,10,3,2,11,6,7,4,1,0,0,0,3.3,3.3,2.25,3.5,3.2,2.2,3.4,3.15,2.25,3.52,3.29,2.28,3.5,3.2,2.2,3.6,3.25,2.3,3.6,3.34,2.32,3.45,3.23,2.26,2.3,1.61,2.36,1.66,2.38,1.67,2.3,1.63,0.25,1.99,1.94,1.97,1.95,2.0,1.95,1.96,1.92,3.25,3.3,2.25,3.3,3.3,2.3,3.2,3.2,2.35,3.19,3.28,2.44,3.3,3.2,2.3,3.25,3.25,2.45,3.64,3.38,2.48,3.23,3.27,2.36,2.2,1.66,2.24,1.72,2.25,1.74,2.19,1.7,0.25,1.84,2.09,1.84,2.09,1.89,2.11,1.85,2.05,0.2898550724637681,0.30959752321981426,0.4424778761061947,0.2781904170302931,0.29713837113142766,0.4246712118382793,6.041666666666667,2.0,2.0,1.0,1.0,0.5,0.5,11.5,11.5,3.0,3.0,17.5,17.5,6.0,6.0,2.0,2.0,0.0,0.0,5.9375,1.0,1.0,0.5,0.5,0.5,0.5,13.5,13.5,2.0,2.0,8.5,8.5,8.5,8.5,0.0,0.0,0.0,0.0,3.0,3.0,1.0,1.0,0.0,0.0,1.0,1.0,1.0,1.0,1.0,1.0,1.0,0.5
26,2019-08-24 15:00:00,E0,24/08/2019,15:00,Watford,West Ham,1,3,A,1,1,D,C Kavanagh,23,16,3,10,12,11,8,7,1,1,0,0,2.05,3.5,3.5,2.1,3.6,3.4,2.1,3.6,3.4,2.16,3.52,3.57,2.1,3.5,3.5,2.15,3.6,3.6,2.2,3.65,3.65,2.13,3.53,3.47,1.72,2.1,1.79,2.14,1.79,2.2,1.73,2.13,-0.25,1.77,2.02,1.87,2.06,1.88,2.11,1.84,2.05,2.15,3.5,3.3,2.2,3.5,3.3,2.2,3.45,3.25,2.16,3.61,3.48,2.15,3.5,3.3,2.25,3.6,3.3,2.28,3.62,3.48,2.21,3.52,3.32,1.66,2.2,1.71,2.27,1.75,2.31,1.69,2.2,-0.25,1.97,1.96,1.88,2.05,1.99,2.05,1.92,1.98,0.4694835680751174,0.28328611898017,0.2881844380403458,0.4510127360626825,0.2721408294089274,0.27684643452839014,7.0,0.0,0.0,0.0,0.0,2.0,2.0,9.5,9.5,2.5,2.5,13.0,13.0,6.0,6.0,1.5,1.5,0.0,0.0,7.0,0.5,0.5,0.5,0.5,3.0,3.0,6.5,6.5,3.0,3.0,8.0,8.0,3.5,3.5,2.0,2.0,0.0,0.0,0.0,0.0,0.0,0.0,3.0,3.0,1.0,1.0,1.0,1.0,1.0,1.0,-0.5,-0.5
27,2019-08-24 17:30:00,E0,24/08/2019,17:30,Liverpool,Arsenal,3,1,H,1,0,H,A Taylor,25,9,5,3,8,5,6,4,1,1,0,0,1.5,4.6,6.0,1.48,4.75,6.0,1.5,4.7,5.7,1.48,4.98,6.47,1.47,4.75,6.5,1.5,4.8,6.5,1.53,5.0,6.5,1.5,4.76,6.09,1.44,2.75,1.45,2.97,1.47,2.97,1.44,2.79,-1.25,2.03,1.87,2.05,1.88,2.08,1.89,2.03,1.86,1.45,5.0,6.0,1.45,5.0,6.5,1.5,4.7,5.7,1.46,5.12,6.74,1.44,4.8,6.5,1.5,5.2,6.5,1.5,5.2,6.8,1.47,4.96,6.34,1.36,3.2,1.39,3.24,1.41,3.25,1.38,3.08,-1.25,1.96,1.94,1.97,1.97,2.08,2.04,1.96,1.93,0.6666666666666666,0.21008403361344538,0.16420361247947454,0.6404379697503944,0.20181868794655283,0.15774334230305279,7.104166666666667,3.0,3.0,3.0,3.0,1.0,1.0,15.0,15.0,6.5,6.5,7.5,7.5,10.0,10.0,0.5,0.5,0.0,0.0,7.208333333333333,3.0,3.0,1.5,1.5,0.5,0.5,12.0,12.0,5.5,5.5,10.0,10.0,6.5,6.5,2.5,2.5,0.0,0.0,3.0,3.0,4.0,4.0,1.0,1.0,3.0,3.0,1.0,1.0,0.0,0.0,0.0,1.5
28,2019-08-25 14:00:00,E0,25/08/2019,14:00,Bournemouth,Man City,1,3,A,1,2,A,A Marriner,10,19,7,5,7,13,4,5,1,3,0,0,15.0,7.5,1.16,13.5,7.0,1.2,15.0,6.5,1.2,14.88,7.52,1.2,15.0,7.5,1.18,17.0,8.0,1.18,17.0,8.0,1.22,14.52,7.28,1.19,1.36,3.2,1.4,3.13,1.4,3.3,1.37,3.08,2.0,2.06,1.87,2.03,1.88,2.07,1.9,2.01,1.87,17.0,7.5,1.16,16.5,8.0,1.17,15.0,7.5,1.17,17.0,9.5,1.16,17.0,8.5,1.14,18.0,8.5,1.18,19.0,9.5,1.2,16.35,8.47,1.17,1.3,3.5,1.32,3.68,1.36,3.8,1.31,3.52,2.25,1.92,2.01,1.95,1.99,2.03,2.09,1.91,1.98,0.06887052341597796,0.13736263736263735,0.8403361344537815,0.06580598506923029,0.13125039879192632,0.8029436161388435,7.958333333333333,2.0,2.0,1.5,1.5,1.0,1.0,12.5,12.5,3.5,3.5,11.5,11.5,4.0,4.0,2.0,2.0,0.0,0.0,7.854166666666667,2.0,2.0,3.5,3.5,1.0,1.0,22.0,22.0,9.5,9.5,13.5,13.5,7.0,7.0,1.5,1.5,0.0,0.0,1.0,1.0,1.0,1.0,1.0,1.0,3.0,3.0,5.0,5.0,0.0,0.0,0.0,-2.0
29,2019-08-25 16:30:00,E0,25/08/2019,16:30,Tottenham,Newcastle,0,1,A,0,1,A,M Dean,17,8,2,3,10,5,6,6,2,2,0,0,1.2,6.5,14.0,1.22,6.5,13.5,1.22,6.2,13.5,1.26,6.46,12.01,1.24,6.0,13.0,1.25,6.5,13.0,1.27,6.75,14.0,1.24,6.26,12.35,1.53,2.5,1.57,2.53,1.59,2.58,1.55,2.47,-1.75,1.98,1.95,2.0,1.92,2.0,1.98,1.95,1.93,1.25,6.0,11.0,1.28,6.0,11.0,1.25,6.1,11.0,1.28,6.21,11.48,1.27,5.8,11.0,1.3,6.0,12.0,1.3,6.35,13.0,1.28,6.02,10.99,1.57,2.37,1.6,2.5,1.65,2.55,1.59,2.4,-1.5,1.93,2.0,1.93,2.01,1.94,2.07,1.87,2.02,0.8064516129032259,0.1597444089456869,0.08097165991902834,0.7701265298234639,0.15254902507685225,0.07732444509968382,7.958333333333333,2.0,2.0,2.5,2.5,1.5,1.5,17.0,17.0,4.5,4.5,8.5,8.5,8.0,8.0,0.5,0.5,0.0,0.0,8.0625,0.0,0.0,0.5,0.5,2.0,2.0,9.5,9.5,2.5,2.5,11.5,11.5,5.0,5.0,2.0,2.0,0.0,0.0,3.0,3.0,3.0,3.0,1.0,1.0,0.0,0.0,1.0,1.0,3.0,3.0,2.0,2.0
30,2019-08-25 16:30:00,E0,25/08/2019,16:30,Wolves,Burnley,1,1,D,0,1,A,C Pawson,17,13,2,4,9,11,4,3,0,2,0,0,1.85,3.4,4.5,1.83,3.5,4.6,1.85,3.4,4.7,1.83,3.52,5.06,1.83,3.4,4.8,1.83,3.5,5.0,1.9,3.55,5.06,1.85,3.43,4.78,2.3,1.61,2.35,1.66,2.38,1.67,2.29,1.63,-0.5,1.86,2.07,1.83,2.1,1.87,2.1,1.84,2.05,1.75,3.4,5.25,1.8,3.4,5.25,1.75,3.6,5.0,1.78,3.51,5.6,1.75,3.5,5.25,1.8,3.5,5.5,1.85,3.6,5.6,1.79,3.48,5.21,2.2,1.66,2.29,1.69,2.35,1.75,2.23,1.67,-0.75,2.05,1.88,2.04,1.89,2.07,1.9,2.04,1.86,0.5405405405405405,0.29154518950437314,0.20920502092050208,0.5191062535025757,0.2799844224430802,0.20090932405434417,5.854166666666667,1.0,1.0,0.5,0.5,0.5,0.5,7.0,7.0,2.0,2.0,15.0,15.0,3.5,3.5,2.0,2.0,0.0,0.0,8.166666666666666,1.5,1.5,2.0,2.0,1.0,1.0,14.0,14.0,4.5,4.5,8.5,8.5,4.5,4.5,0.5,0.5,0.0,0.0,1.0,1.0,1.0,1.0,1.0,1.0,0.0,0.0,1.0,1.0,2.0,2.0,-0.5,-1.5
31,2019-08-31 12:30:00,E0,31/08/2019,12:30,Southampton,Man United,1,1,D,0,1,A,M Dean,10,21,2,8,17,7,2,3,1,2,1,0,3.8,3.3,2.05,3.7,3.4,2.05,3.65,3.35,2.1,3.83,3.41,2.12,3.75,3.3,2.1,3.8,3.4,2.15,3.9,3.48,2.15,3.75,3.38,2.1,1.9,1.9,1.92,2.0,1.94,2.05,1.9,1.94,0.25,2.05,1.75,2.12,1.81,2.15,1.83,2.1,1.8,4.0,3.5,1.9,4.0,3.6,1.95,3.9,3.5,1.95,4.12,3.59,1.99,4.2,3.4,1.95,4.1,3.6,2.0,4.56,3.65,2.04,4.06,3.52,1.97,1.9,1.9,1.99,1.93,2.01,2.08,1.92,1.91,0.5,1.94,1.99,1.94,1.99,1.95,2.0,1.92,1.97,0.26666666666666666,0.2958579881656805,0.47619047619047616,0.2567274305555556,0.2848307291666667,0.45844184027777773,6.895833333333333,1.0,1.0,1.0,1.0,1.6666666666666667,1.6666666666666667,12.333333333333334,12.333333333333334,3.3333333333333335,3.3333333333333335,10.666666666666666,10.666666666666666,5.666666666666667,5.666666666666667,1.6666666666666667,1.6666666666666667,0.0,0.0,6.895833333333333,1.3333333333333333,1.3333333333333333,2.0,2.0,1.0,1.0,14.0,14.0,3.3333333333333335,3.3333333333333335,10.333333333333334,10.333333333333334,5.666666666666667,5.666666666666667,2.3333333333333335,2.3333333333333335,0.0,0.0,0.0,0.0,1.0,1.0,2.0,2.0,1.0,1.0,1.0,1.0,1.0,1.0,-0.33333333333333326,-1.0
32,2019-08-31 15:00:00,E0,31/08/2019,15:00,Chelsea,Sheffield United,2,2,D,2,0,H,S Attwell,13,8,5,2,6,11,3,4,0,1,0,0,1.36,4.75,9.0,1.34,5.0,9.5,1.35,5.3,8.0,1.36,5.12,10.23,1.35,4.8,9.0,1.4,5.0,10.0,1.4,5.3,10.75,1.36,4.98,9.53,1.72,2.1,1.76,2.18,1.77,2.2,1.73,2.13,-1.5,2.05,1.75,2.15,1.79,2.19,1.82,2.11,1.79,1.36,4.75,8.0,1.36,5.0,9.5,1.35,5.3,8.0,1.44,4.65,8.21,1.38,4.6,8.5,1.44,4.8,8.5,1.46,5.3,9.5,1.41,4.78,8.32,1.72,2.1,1.75,2.2,1.75,2.32,1.7,2.18,-1.25,2.01,1.92,2.06,1.86,2.11,2.05,1.97,1.92,0.7352941176470588,0.2008032128514056,0.10493179433368312,0.7063146458708496,0.1928891402378224,0.10079621389132798,7.104166666666667,1.3333333333333333,1.3333333333333333,1.3333333333333333,1.3333333333333333,2.3333333333333335,2.3333333333333335,18.333333333333332,18.333333333333332,6.666666666666667,6.666666666666667,10.333333333333334,10.333333333333334,5.666666666666667,5.666666666666667,2.0,2.0,0.0,0.0,7.0,1.3333333333333333,1.3333333333333333,1.0,1.0,1.0,1.0,10.333333333333334,10.333333333333334,3.0,3.0,15.333333333333334,15.333333333333334,6.333333333333333,6.333333333333333,1.6666666666666667,1.6666666666666667,0.0,0.0,1.0,1.0,1.0,1.0,1.0,1.0,1.0,1.0,1.0,1.0,1.0,1.0,0.0,0.33333333333333326
33,2019-08-31 15:00:00,E0,31/08/2019,15:00,Crystal Palace,Aston Villa,1,0,H,0,0,D,K Friend,22,10,5,2,15,16,13,2,2,4,0,1,2.15,3.3,3.5,2.2,3.3,3.4,2.2,3.4,3.35,2.22,3.44,3.5,2.2,3.3,3.4,2.2,3.4,3.6,2.27,3.46,3.6,2.21,3.38,3.43,1.9,1.9,2.03,1.89,2.03,1.92,1.97,1.86,-0.25,1.91,2.02,1.92,2.01,1.92,2.03,1.89,2.0,2.2,3.4,3.3,2.3,3.4,3.2,2.25,3.45,3.15,2.29,3.39,3.4,2.25,3.3,3.3,2.3,3.4,3.4,2.34,3.49,3.42,2.27,3.4,3.29,1.9,1.9,1.92,2.0,1.95,2.05,1.87,1.95,-0.25,1.96,1.97,1.97,1.96,1.98,1.98,1.95,1.94,0.45248868778280543,0.2958579881656805,0.29154518950437314,0.43513051963893634,0.28450841668699683,0.2803610636740668,7.0,1.3333333333333333,1.3333333333333333,0.6666666666666666,0.6666666666666666,0.6666666666666666,0.6666666666666666,5.666666666666667,5.666666666666667,3.0,3.0,15.0,15.0,3.6666666666666665,3.6666666666666665,2.3333333333333335,2.3333333333333335,0.0,0.0,7.791666666666667,1.0,1.0,1.3333333333333333,1.3333333333333333,1.6666666666666667,1.6666666666666667,12.0,12.0,4.666666666666667,4.666666666666667,9.666666666666666,9.666666666666666,3.3333333333333335,3.3333333333333335,0.6666666666666666,0.6666666666666666,0.0,0.0,1.0,1.0,0.0,0.0,0.0,0.0,0.0,0.0,1.0,1.0,3.0,3.0,0.33333333333333326,-0.6666666666666666
34,2019-08-31 15:00:00,E0,31/08/2019,15:00,Leicester,Bournemouth,3,1,H,2,1,H,P Bankes,13,8,5,2,9,11,4,5,1,3,0,0,1.7,4.0,4.75,1.7,4.0,4.75,1.73,4.05,4.5,1.71,4.12,4.95,1.7,3.9,4.8,1.73,4.1,5.0,1.77,4.12,5.0,1.72,4.02,4.81,1.66,2.2,1.67,2.33,1.7,2.33,1.65,2.26,-0.75,1.93,2.0,1.93,2.0,1.95,2.01,1.91,1.98,1.61,4.0,5.25,1.65,4.2,5.0,1.75,3.8,4.6,1.68,4.03,5.4,1.65,3.9,5.25,1.7,4.0,5.4,1.75,4.2,5.9,1.67,4.03,5.16,1.72,2.1,1.81,2.11,1.82,2.3,1.72,2.14,-0.75,1.87,2.06,1.88,2.04,1.9,2.08,1.86,2.03,0.5813953488372093,0.24875621890547267,0.2079002079002079,0.5600831889884659,0.23963758334829885,0.2002792276632352,7.0,1.6666666666666667,1.6666666666666667,1.0,1.0,0.6666666666666666,0.6666666666666666,12.333333333333334,12.333333333333334,2.0,2.0,7.666666666666667,7.666666666666667,7.0,7.0,0.0,0.0,0.0,0.0,6.041666666666667,1.3333333333333333,1.3333333333333333,1.3333333333333333,1.3333333333333333,1.6666666666666667,1.6666666666666667,11.666666666666666,11.666666666666666,4.666666666666667,4.666666666666667,10.0,10.0,4.0,4.0,1.6666666666666667,1.6666666666666667,0.0,0.0,1.0,1.0,0.0,0.0,0.0,0.0,3.0,3.0,2.0,2.0,1.0,1.0,0.3333333333333335,-0.33333333333333326
35,2019-08-31 15:00:00,E0,31/08/2019,15:00,Man City,Brighton,4,0,H,2,0,H,J Moss,15,6,6,2,10,6,8,1,1,1,0,0,1.08,10.0,26.0,1.07,11.5,31.0,1.08,10.5,29.0,1.08,13.01,34.71,1.07,11.0,34.0,1.1,12.0,34.0,1.1,13.01,36.0,1.09,11.73,30.92,1.3,3.5,1.3,3.82,1.32,3.82,1.3,3.53,-2.75,1.97,1.96,1.95,1.97,1.98,1.98,1.95,1.94,1.08,11.0,26.0,1.09,11.0,29.0,1.1,9.1,28.0,1.09,13.06,35.17,1.07,11.0,34.0,1.09,11.5,36.0,1.1,13.06,38.0,1.09,11.5,31.01,1.33,3.4,1.35,3.38,1.36,3.55,1.33,3.31,-2.5,1.98,1.95,1.96,1.96,2.0,2.05,1.94,1.95,0.9174311926605504,0.08525149190110827,0.03234152652005175,0.8863862147743743,0.08236666445899984,0.03124712076662575,6.041666666666667,2.3333333333333335,2.3333333333333335,3.3333333333333335,3.3333333333333335,1.0,1.0,21.0,21.0,8.0,8.0,13.333333333333334,13.333333333333334,6.333333333333333,6.333333333333333,2.0,2.0,0.0,0.0,7.0,1.3333333333333333,1.3333333333333333,1.3333333333333333,1.3333333333333333,1.0,1.0,11.0,11.0,3.3333333333333335,3.3333333333333335,10.333333333333334,10.333333333333334,6.0,6.0,0.6666666666666666,0.6666666666666666,0.3333333333333333,0.3333333333333333,1.0,1.0,2.0,2.0,2.0,2.0,3.0,3.0,3.0,3.0,0.0,0.0,1.0000000000000002,2.0
36,2019-08-31 15:00:00,E0,31/08/2019,15:00,Newcastle,Watford,1,1,D,1,1,D,G Scott,13,13,5,3,5,11,6,5,2,3,0,0,2.5,3.25,2.87,2.5,3.3,2.85,2.6,3.25,2.8,2.73,3.22,2.86,2.62,3.2,2.8,2.7,3.3,2.88,2.73,3.32,3.0,2.63,3.24,2.86,2.0,1.8,2.12,1.81,2.2,1.83,2.08,1.77,0.0,1.9,2.03,1.92,2.01,1.92,2.04,1.88,2.01,2.55,3.1,2.9,2.6,3.2,2.9,2.45,3.25,2.95,2.53,3.21,3.13,2.5,3.2,3.0,2.55,3.25,3.1,2.63,3.28,3.28,2.53,3.19,3.01,2.1,1.72,2.14,1.79,2.2,1.81,2.09,1.76,-0.25,2.07,1.72,2.15,1.79,2.2,1.82,2.15,1.77,0.3802281368821293,0.30864197530864196,0.3496503496503497,0.3661248389926272,0.297193927947719,0.33668123305965375,5.9375,1.0,1.0,0.6666666666666666,0.6666666666666666,1.3333333333333333,1.3333333333333333,9.0,9.0,2.6666666666666665,2.6666666666666665,9.333333333333334,9.333333333333334,5.333333333333333,5.333333333333333,2.0,2.0,0.0,0.0,7.0,0.0,0.0,0.3333333333333333,0.3333333333333333,2.3333333333333335,2.3333333333333335,14.0,14.0,2.6666666666666665,2.6666666666666665,12.666666666666666,12.666666666666666,6.666666666666667,6.666666666666667,1.3333333333333333,1.3333333333333333,0.0,0.0,0.0,0.0,0.0,0.0,1.0,1.0,0.0,0.0,0.0,0.0,1.0,1.0,1.0,0.3333333333333333
37,2019-08-31 15:00:00,E0,31/08/2019,15:00,West Ham,Norwich,2,0,H,1,0,H,P Tierney,18,8,8,3,16,10,8,2,2,1,0,0,1.85,3.9,3.9,1.87,3.8,4.0,1.87,3.95,3.75,1.91,3.93,4.04,1.88,3.8,3.9,1.91,4.0,4.0,1.94,4.03,4.1,1.89,3.91,3.92,1.44,2.75,1.51,2.74,1.53,2.79,1.48,2.64,-0.5,1.9,2.03,1.91,2.02,1.91,2.04,1.89,2.0,1.85,4.0,3.75,1.87,4.0,3.9,1.9,4.0,3.6,1.93,4.12,3.8,1.85,4.0,3.8,1.9,4.1,4.0,1.96,4.2,4.22,1.9,4.0,3.81,1.4,3.0,1.43,3.06,1.48,3.1,1.43,2.85,-0.5,1.92,2.01,1.93,2.0,1.93,2.04,1.9,1.99,0.5291005291005292,0.2557544757033248,0.25510204081632654,0.5087715221785906,0.24592792248530335,0.24530055533610612,7.0,1.3333333333333333,1.3333333333333333,1.3333333333333333,1.3333333333333333,2.3333333333333335,2.3333333333333335,9.666666666666666,9.666666666666666,5.333333333333333,5.333333333333333,9.0,9.0,4.666666666666667,4.666666666666667,1.6666666666666667,1.6666666666666667,0.0,0.0,7.104166666666667,1.0,1.0,2.0,2.0,2.6666666666666665,2.6666666666666665,11.0,11.0,6.0,6.0,9.0,9.0,3.3333333333333335,3.3333333333333335,1.3333333333333333,1.3333333333333333,0.0,0.0,0.0,0.0,0.0,0.0,5.0,5.0,0.0,0.0,1.0,1.0,4.0,4.0,0.33333333333333326,-0.6666666666666667
38,2019-08-31 17:30:00,E0,31/08/2019,17:30,Burnley,Liverpool,0,3,A,0,2,A,C Kavanagh,7,15,2,7,10,16,6,4,0,0,0,0,9.5,5.5,1.3,9.75,5.5,1.3,8.4,5.5,1.33,10.24,5.37,1.34,10.0,5.25,1.32,11.0,5.5,1.33,11.0,5.7,1.37,9.45,5.43,1.33,1.61,2.3,1.65,2.39,1.65,2.4,1.61,2.33,1.5,1.9,2.03,1.88,2.04,1.92,2.05,1.89,2.0,8.5,5.25,1.33,8.75,5.25,1.36,8.4,5.5,1.33,9.22,5.77,1.34,9.5,5.25,1.32,10.0,5.4,1.36,10.0,6.05,1.38,8.83,5.43,1.35,1.53,2.5,1.54,2.65,1.6,2.66,1.55,2.49,1.5,1.9,2.03,1.92,2.02,1.96,2.05,1.89,2.0,0.10582010582010583,0.1841620626151013,0.7518796992481203,0.10156826840721818,0.17676245606781063,0.7216692755249712,6.041666666666667,1.3333333333333333,1.3333333333333333,1.6666666666666667,1.6666666666666667,1.0,1.0,13.666666666666666,13.666666666666666,4.333333333333333,4.333333333333333,9.333333333333334,9.333333333333334,4.0,4.0,1.0,1.0,0.0,0.0,7.0,3.0,3.0,3.0,3.0,1.0,1.0,18.333333333333332,18.333333333333332,6.0,6.0,7.666666666666667,7.666666666666667,8.666666666666666,8.666666666666666,0.6666666666666666,0.6666666666666666,0.0,0.0,3.0,3.0,3.0,3.0,0.0,0.0,3.0,3.0,2.0,2.0,1.0,1.0,-1.6666666666666667,-1.3333333333333333
39,2019-09-01 14:00:00,E0,01/09/2019,14:00,Everton,Wolves,3,2,H,2,1,H,A Taylor,15,8,6,5,12,12,7,7,1,4,0,1,2.2,3.25,3.5,2.15,3.25,3.6,2.1,3.25,3.65,2.17,3.36,3.71,2.15,3.25,3.6,2.15,3.3,3.75,2.22,3.4,3.85,2.17,3.29,3.65,2.2,1.66,2.33,1.68,2.4,1.7,2.25,1.66,-0.25,1.86,2.07,1.86,2.06,1.87,2.08,1.85,2.04,2.0,3.25,4.0,2.05,3.25,3.9,2.05,3.25,3.95,2.08,3.29,4.19,2.05,3.25,4.0,2.1,3.3,4.1,2.15,3.36,4.2,2.07,3.26,4.01,2.3,1.61,2.35,1.66,2.4,1.69,2.3,1.63,-0.5,2.02,1.77,2.08,1.85,2.11,1.86,2.07,1.82,0.4608294930875576,0.303951367781155,0.273972602739726,0.4436370219038507,0.292611652745093,0.2637513253510564,8.75,1.3333333333333333,1.3333333333333333,0.3333333333333333,0.3333333333333333,0.6666666666666666,0.6666666666666666,11.333333333333334,11.333333333333334,2.0,2.0,14.333333333333334,14.333333333333334,4.0,4.0,2.0,2.0,0.3333333333333333,0.3333333333333333,6.895833333333333,1.0,1.0,0.6666666666666666,0.6666666666666666,0.6666666666666666,0.6666666666666666,10.333333333333334,10.333333333333334,2.0,2.0,13.0,13.0,3.6666666666666665,3.6666666666666665,1.3333333333333333,1.3333333333333333,0.0,0.0,3.0,3.0,1.0,1.0,0.0,0.0,1.0,1.0,0.0,0.0,0.0,0.0,0.33333333333333326,-0.3333333333333333
40,2019-09-01 16:30:00,E0,01/09/2019,16:30,Arsenal,Tottenham,2,2,D,1,2,A,M Atkinson,26,13,8,9,13,19,11,6,3,5,0,0,2.37,3.6,2.8,2.4,3.6,2.8,2.35,3.6,2.85,2.38,3.67,3.0,2.35,3.6,2.9,2.4,3.7,2.9,2.43,3.75,3.0,2.38,3.63,2.9,1.57,2.37,1.59,2.52,1.6,2.52,1.57,2.4,-0.25,2.1,1.83,2.07,1.85,2.12,1.85,2.07,1.83,2.55,3.6,2.62,2.6,3.6,2.65,2.55,3.6,2.6,2.59,3.7,2.72,2.5,3.6,2.7,2.6,3.75,2.7,2.65,3.75,2.87,2.58,3.63,2.65,1.53,2.5,1.54,2.64,1.57,2.69,1.53,2.53,0.0,1.95,1.98,1.92,2.02,1.97,2.05,1.92,1.97,0.42016806722689076,0.27548209366391185,0.3448275862068966,0.40382225222875207,0.2647650028386859,0.33141274493256206,7.958333333333333,2.0,2.0,1.3333333333333333,1.3333333333333333,1.3333333333333333,1.3333333333333333,11.0,11.0,4.666666666666667,4.666666666666667,8.333333333333334,8.333333333333334,5.666666666666667,5.666666666666667,2.0,2.0,0.0,0.0,7.0,1.3333333333333333,1.3333333333333333,1.6666666666666667,1.6666666666666667,1.3333333333333333,1.3333333333333333,17.0,17.0,3.6666666666666665,3.6666666666666665,9.0,9.0,7.333333333333333,7.333333333333333,1.0,1.0,0.0,0.0,3.0,3.0,2.0,2.0,1.0,1.0,1.0,1.0,2.0,2.0,2.0,2.0,0.6666666666666667,-0.3333333333333335
41,2019-09-14 12:30:00,E0,14/09/2019,12:30,Liverpool,Newcastle,3,1,H,2,1,H,A Marriner,21,8,9,1,5,4,10,1,0,0,0,0,1.14,8.5,17.0,1.14,8.25,18.5,1.15,8.0,17.5,1.16,8.41,20.6,1.14,8.0,21.0,1.15,8.5,20.0,1.18,9.15,23.0,1.15,8.27,19.45,1.4,3.0,1.44,2.98,1.45,3.05,1.42,2.89,-2.25,2.03,1.9,2.04,1.88,2.05,1.95,2.01,1.87,1.18,7.5,13.0,1.19,7.5,15.0,1.15,8.0,17.5,1.21,7.29,14.23,1.18,7.5,15.0,1.2,7.0,15.0,1.23,8.05,17.5,1.2,7.31,14.15,1.5,2.62,1.51,2.74,1.51,2.96,1.46,2.74,-1.75,1.82,1.97,1.92,2.02,1.92,2.17,1.82,2.07,0.8695652173913044,0.12091898428053205,0.05141388174807198,0.834597194513554,0.11605644180055465,0.04934636368589136,13.791666666666666,3.0,3.0,3.0,3.0,0.75,0.75,17.5,17.5,6.25,6.25,9.75,9.75,7.5,7.5,0.5,0.5,0.0,0.0,13.895833333333334,1.0,1.0,0.75,0.75,1.25,1.25,10.0,10.0,3.25,3.25,8.25,8.25,5.5,5.5,2.0,2.0,0.0,0.0,3.0,3.0,3.5,3.5,1.0,1.0,1.5,1.5,1.0,1.0,1.5,1.5,2.0,2.25
42,2019-09-14 15:00:00,E0,14/09/2019,15:00,Brighton,Burnley,1,1,D,0,0,D,M Oliver,14,7,5,1,13,7,3,6,0,2,0,0,2.15,3.3,3.5,2.15,3.3,3.5,2.1,3.35,3.55,2.17,3.35,3.75,2.15,3.3,3.6,2.15,3.4,3.6,2.2,3.42,3.8,2.15,3.34,3.62,2.1,1.72,2.12,1.81,2.2,1.81,2.09,1.76,-0.25,1.86,2.07,1.85,2.07,1.88,2.11,1.84,2.05,2.05,3.4,3.7,2.15,3.3,3.5,2.25,3.35,3.2,2.15,3.44,3.68,2.1,3.4,3.6,2.1,3.4,3.8,2.25,3.52,3.8,2.13,3.38,3.64,2.1,1.72,2.16,1.78,2.24,1.79,2.12,1.74,-0.25,1.85,2.08,1.85,2.08,1.88,2.12,1.83,2.07,0.46511627906976744,0.29940119760479045,0.27624309392265195,0.44690036518473614,0.28767538477460564,0.2654242500406582,14.0,1.0,1.0,1.0,1.0,1.75,1.75,9.75,9.75,3.0,3.0,9.25,9.25,4.75,4.75,0.75,0.75,0.25,0.25,13.895833333333334,1.0,1.0,1.25,1.25,1.5,1.5,12.0,12.0,3.75,3.75,9.5,9.5,4.5,4.5,0.75,0.75,0.0,0.0,0.5,0.5,0.5,0.5,1.5,1.5,0.5,0.5,1.0,1.0,1.5,1.5,0.0,-0.25
43,2019-09-14 15:00:00,E0,14/09/2019,15:00,Man United,Leicester,1,0,H,1,0,H,M Atkinson,10,9,5,3,14,14,3,9,1,2,0,0,1.95,3.5,4.0,1.87,3.7,4.1,1.8,3.6,4.5,1.99,3.53,4.17,1.95,3.5,4.0,1.95,3.6,4.1,2.0,3.8,4.5,1.94,3.55,4.12,1.9,1.9,1.9,2.02,1.91,2.07,1.85,1.98,-0.5,1.97,1.96,1.99,1.93,1.99,2.08,1.93,1.95,2.1,3.25,3.75,2.15,3.3,3.7,2.0,3.4,3.8,2.19,3.37,3.66,2.1,3.25,3.75,2.15,3.4,3.6,2.22,3.46,4.0,2.13,3.35,3.7,2.0,1.8,2.06,1.86,2.08,1.92,1.98,1.85,-0.25,1.86,2.07,1.88,2.05,1.9,2.15,1.84,2.05,0.5154639175257733,0.28169014084507044,0.24271844660194175,0.4956991506754605,0.2708891133268714,0.2334117359976683,14.104166666666666,1.25,1.25,1.75,1.75,1.0,1.0,15.75,15.75,4.5,4.5,9.5,9.5,5.0,5.0,2.25,2.25,0.0,0.0,14.0,2.0,2.0,1.5,1.5,0.75,0.75,12.5,12.5,2.75,2.75,8.0,8.0,6.25,6.25,0.25,0.25,0.0,0.0,1.5,1.5,2.5,2.5,1.0,1.0,2.0,2.0,1.5,1.5,1.0,1.0,-0.75,0.25
44,2019-09-14 15:00:00,E0,14/09/2019,15:00,Sheffield United,Southampton,0,1,A,0,0,D,L Mason,17,11,4,7,10,7,12,6,1,1,1,0,2.45,3.2,3.0,2.45,3.1,3.1,2.45,3.2,3.05,2.45,3.35,3.12,2.45,3.25,3.0,2.45,3.25,3.13,2.55,3.35,3.15,2.46,3.26,3.06,2.1,1.72,2.19,1.76,2.25,1.76,2.18,1.7,-0.25,2.11,1.82,2.1,1.83,2.13,1.84,2.09,1.81,2.4,3.3,3.0,2.55,3.1,2.95,2.4,3.2,3.1,2.44,3.3,3.18,2.45,3.2,3.0,2.55,3.2,3.0,2.55,3.38,3.2,2.48,3.25,3.04,2.2,1.66,2.3,1.69,2.35,1.75,2.22,1.68,-0.25,2.09,1.84,2.09,1.84,2.2,1.88,2.1,1.8,0.4065040650406504,0.3067484662576687,0.32679738562091504,0.3908505336405097,0.29493629225633555,0.31421317410315486,14.0,1.25,1.25,1.25,1.25,1.25,1.25,9.75,9.75,2.75,2.75,14.25,14.25,5.75,5.75,1.5,1.5,0.0,0.0,14.104166666666666,1.0,1.0,1.0,1.0,1.5,1.5,11.75,11.75,3.0,3.0,12.25,12.25,4.75,4.75,1.5,1.5,0.25,0.25,1.5,1.5,1.0,1.0,1.0,1.0,1.5,1.5,1.0,1.0,1.5,1.5,0.25,0.25
45,2019-09-14 15:00:00,E0,14/09/2019,15:00,Tottenham,Crystal Palace,4,0,H,4,0,H,C Pawson,13,11,5,6,19,11,4,3,4,2,0,0,1.36,5.25,8.0,1.36,5.0,8.5,1.45,4.6,6.8,1.4,4.92,8.87,1.38,4.8,8.5,1.4,5.0,8.5,1.45,5.25,9.0,1.39,5.0,8.24,1.61,2.3,1.67,2.35,1.7,2.36,1.64,2.28,-1.25,1.93,2.0,1.95,1.98,1.95,2.04,1.89,1.99,1.36,5.0,8.0,1.36,5.0,8.5,1.45,4.6,6.8,1.44,4.91,7.61,1.4,4.8,8.0,1.45,4.75,7.5,1.45,5.2,8.5,1.41,4.94,7.7,1.57,2.37,1.63,2.41,1.65,2.47,1.61,2.33,-1.25,2.03,1.9,2.03,1.9,2.04,1.98,1.97,1.92,0.7194244604316548,0.2,0.12135922330097088,0.6912334154312827,0.19216288948989657,0.11660369507882073,12.9375,1.25,1.25,1.75,1.75,1.5,1.5,16.0,16.0,5.0,5.0,11.5,11.5,7.0,7.0,2.0,2.0,0.0,0.0,14.0,1.75,1.75,0.75,0.75,0.5,0.5,9.75,9.75,3.5,3.5,15.0,15.0,6.0,6.0,2.25,2.25,0.0,0.0,1.5,1.5,1.5,1.5,1.0,1.0,1.5,1.5,1.0,1.0,1.0,1.0,-0.5,1.0
46,2019-09-14 15:00:00,E0,14/09/2019,15:00,Wolves,Chelsea,2,5,A,0,3,A,G Scott,11,15,4,6,8,11,7,5,1,2,0,0,2.9,3.3,2.5,2.95,3.4,2.4,2.95,3.35,2.4,3.07,3.37,2.48,3.0,3.3,2.4,3.0,3.4,2.45,3.07,3.43,2.6,2.97,3.36,2.46,1.9,1.9,2.02,1.9,2.02,1.91,1.97,1.86,0.25,1.81,2.13,1.81,2.12,1.82,2.16,1.79,2.12,3.0,3.4,2.37,3.0,3.4,2.4,3.0,3.35,2.35,3.1,3.43,2.42,3.0,3.4,2.38,3.1,3.4,2.4,3.15,3.5,2.45,3.05,3.4,2.39,2.0,1.8,2.04,1.88,2.04,2.05,1.97,1.86,0.25,1.84,2.09,1.85,2.08,1.86,2.12,1.83,2.06,0.33670033670033667,0.2976190476190476,0.4065040650406504,0.32349418809439945,0.2859457555477281,0.39056005635787255,13.041666666666666,0.75,0.75,1.0,1.0,1.25,1.25,9.75,9.75,2.75,2.75,12.75,12.75,4.5,4.5,2.0,2.0,0.25,0.25,14.0,1.25,1.25,1.5,1.5,2.25,2.25,17.0,17.0,6.25,6.25,9.25,9.25,5.0,5.0,1.5,1.5,0.0,0.0,1.0,1.0,1.0,1.0,1.0,1.0,1.5,1.5,1.5,1.5,3.0,3.0,-0.5,-0.5
47,2019-09-14 17:30:00,E0,14/09/2019,17:30,Norwich,Man City,3,2,H,2,1,H,K Friend,7,25,3,8,8,7,3,16,3,1,0,0,15.0,9.0,1.14,14.5,8.5,1.16,15.0,8.5,1.15,18.79,9.48,1.14,17.0,8.5,1.14,17.0,9.0,1.15,21.0,9.85,1.18,17.04,9.03,1.15,1.22,4.33,1.24,4.38,1.25,4.38,1.23,4.15,2.5,1.89,2.04,1.88,2.03,1.89,2.11,1.86,2.02,23.0,11.0,1.08,29.0,13.0,1.08,20.0,9.0,1.12,25.83,13.49,1.09,29.0,12.0,1.07,26.0,11.5,1.1,35.0,13.63,1.12,25.99,11.87,1.09,1.22,4.33,1.2,5.12,1.22,5.12,1.2,4.52,3.0,1.72,2.07,1.78,2.19,1.99,2.3,1.77,2.14,0.05868544600938967,0.1107419712070875,0.8695652173913044,0.056483024089524325,0.1065859059230891,0.8369310699873866,14.104166666666666,0.75,0.75,1.5,1.5,2.5,2.5,10.25,10.25,5.25,5.25,9.25,9.25,3.0,3.0,1.25,1.25,0.0,0.0,14.104166666666666,2.5,2.5,3.5,3.5,0.75,0.75,19.5,19.5,7.5,7.5,12.5,12.5,6.75,6.75,1.75,1.75,0.0,0.0,1.5,1.5,2.5,2.5,2.0,2.0,3.0,3.0,4.0,4.0,0.5,0.5,-1.75,-2.0
48,2019-09-15 14:00:00,E0,15/09/2019,14:00,Bournemouth,Everton,3,1,H,1,1,D,P Tierney,13,14,6,5,5,14,7,7,0,4,0,0,2.9,3.5,2.4,3.0,3.5,2.3,2.95,3.5,2.3,3.05,3.53,2.41,3.0,3.4,2.35,3.1,3.5,2.4,3.1,3.55,2.5,3.01,3.48,2.37,1.72,2.1,1.77,2.17,1.8,2.17,1.75,2.1,0.25,1.86,2.07,1.85,2.08,1.87,2.09,1.84,2.05,3.2,3.5,2.2,3.3,3.4,2.2,3.2,3.4,2.25,3.37,3.57,2.23,3.5,3.4,2.15,3.3,3.6,2.2,3.76,3.65,2.3,3.32,3.51,2.21,1.8,2.0,1.82,2.11,1.85,2.33,1.77,2.08,0.25,2.0,1.93,2.0,1.94,2.14,1.97,1.98,1.91,0.33222591362126247,0.28735632183908044,0.42194092827004215,0.31898082077343454,0.27590007773794195,0.40511910148862357,14.958333333333334,1.0,1.0,1.25,1.25,2.0,2.0,10.75,10.75,4.0,4.0,10.25,10.25,4.25,4.25,2.0,2.0,0.0,0.0,14.0,1.75,1.75,1.0,1.0,1.0,1.0,12.25,12.25,3.0,3.0,13.75,13.75,4.75,4.75,1.75,1.75,0.25,0.25,0.5,0.5,1.0,1.0,2.0,2.0,0.5,0.5,0.0,0.0,1.0,1.0,-0.75,0.25
49,2019-09-15 16:30:00,E0,15/09/2019,16:30,Watford,Arsenal,2,2,D,0,2,A,A Taylor,31,10,7,4,14,4,7,1,3,3,0,0,3.6,3.6,2.0,3.8,3.8,1.91,3.9,3.7,1.9,3.66,3.74,2.06,3.6,3.7,2.0,3.6,3.75,2.05,3.9,3.9,2.08,3.64,3.74,2.01,1.57,2.37,1.57,2.56,1.61,2.56,1.57,2.41,0.5,1.89,2.04,1.87,2.06,1.91,2.08,1.87,2.02,4.0,3.9,1.85,4.0,3.8,1.9,3.9,3.7,1.9,4.22,3.92,1.88,4.2,3.8,1.83,4.2,3.9,1.87,4.32,4.05,1.91,4.08,3.88,1.87,1.53,2.5,1.52,2.69,1.6,2.72,1.52,2.55,0.5,2.06,1.87,2.05,1.88,2.08,1.92,2.03,1.86,0.2747252747252747,0.267379679144385,0.49751243781094534,0.26425613588588054,0.2571904638033704,0.478553400310749,15.0625,0.25,0.25,0.5,0.5,2.0,2.0,13.75,13.75,2.75,2.75,12.25,12.25,6.25,6.25,1.75,1.75,0.0,0.0,14.0,1.75,1.75,1.5,1.5,1.5,1.5,14.75,14.75,5.5,5.5,9.5,9.5,7.0,7.0,2.25,2.25,0.0,0.0,0.0,0.0,0.5,0.5,3.0,3.0,1.5,1.5,1.0,1.0,1.5,1.5,-1.5,-1.0
50,2019-09-16 20:00:00,E0,16/09/2019,20:00,Aston Villa,West Ham,0,0,D,0,0,D,M Dean,10,13,5,1,13,12,2,4,2,1,0,1,2.62,3.5,2.6,2.6,3.4,2.7,2.6,3.6,2.55,2.65,3.6,2.69,2.6,3.5,2.62,2.63,3.6,2.7,2.7,3.67,2.7,2.64,3.56,2.63,1.61,2.3,1.63,2.42,1.67,2.42,1.62,2.31,0.0,1.96,1.97,1.94,1.98,1.97,1.99,1.94,1.95,2.7,3.5,2.5,2.7,3.6,2.5,2.7,3.45,2.5,2.72,3.71,2.57,2.7,3.6,2.5,2.75,3.7,2.5,2.85,3.73,2.64,2.73,3.61,2.53,1.57,2.37,1.6,2.5,1.62,2.5,1.58,2.4,0.0,2.04,1.89,2.02,1.9,2.07,1.92,2.02,1.87,0.3787878787878788,0.2808988764044944,0.3802281368821293,0.3642489223634864,0.2701171783819113,0.3656338992546023,16.208333333333332,0.75,0.75,1.0,1.0,1.5,1.5,11.5,11.5,4.0,4.0,11.25,11.25,3.0,3.0,1.5,1.5,0.25,0.25,16.208333333333332,1.75,1.75,1.5,1.5,1.75,1.75,11.75,11.75,6.0,6.0,10.75,10.75,5.5,5.5,1.75,1.75,0.0,0.0,1.5,1.5,1.5,1.5,1.0,1.0,2.0,2.0,2.0,2.0,1.0,1.0,-1.0,-0.5
51,2019-09-20 20:00:00,E0,20/09/2019,20:00,Southampton,Bournemouth,1,3,A,0,2,A,C Kavanagh,25,6,6,3,8,9,4,5,1,3,0,0,2.05,3.6,3.5,2.0,3.7,3.6,2.1,3.6,3.4,2.12,3.65,3.55,2.1,3.5,3.5,2.1,3.7,3.4,2.17,3.7,3.7,2.1,3.62,3.5,1.66,2.2,1.68,2.31,1.75,2.31,1.69,2.21,-0.25,1.8,2.0,1.84,2.09,1.87,2.11,1.83,2.06,2.15,3.5,3.3,2.15,3.6,3.25,2.2,3.55,3.15,2.17,3.6,3.46,2.2,3.5,3.25,2.3,3.5,3.13,2.3,3.7,3.5,2.18,3.56,3.34,1.66,2.2,1.65,2.37,1.69,2.45,1.65,2.26,-0.25,1.9,2.03,1.88,2.04,2.0,2.06,1.89,2.0,0.47619047619047616,0.27624309392265195,0.2857142857142857,0.4586923466801825,0.2660922453117081,0.2752154080081095,6.208333333333333,1.4,1.4,1.0,1.0,1.2,1.2,11.6,11.6,3.8,3.8,11.2,11.2,5.0,5.0,1.4,1.4,0.2,0.2,5.25,1.4,1.4,1.6,1.6,1.8,1.8,11.2,11.2,4.4,4.4,9.2,9.2,4.8,4.8,1.6,1.6,0.0,0.0,0.5,0.5,1.0,1.0,1.5,1.5,1.5,1.5,1.5,1.5,2.0,2.0,0.0,-0.6000000000000001
52,2019-09-21 12:30:00,E0,21/09/2019,12:30,Leicester,Tottenham,2,1,H,0,1,A,P Tierney,16,11,7,4,16,13,8,2,1,2,0,0,2.87,3.5,2.37,2.95,3.4,2.4,2.85,3.45,2.4,2.92,3.53,2.5,2.8,3.5,2.45,2.9,3.5,2.45,2.95,3.6,2.55,2.87,3.5,2.45,1.8,2.0,1.82,2.11,1.85,2.11,1.79,2.04,0.25,1.8,2.14,1.79,2.16,1.82,2.16,1.79,2.11,2.62,3.4,2.6,2.75,3.4,2.6,2.65,3.4,2.6,2.72,3.51,2.69,2.7,3.4,2.62,2.7,3.5,2.6,3.0,3.51,2.72,2.71,3.44,2.63,1.8,2.0,1.78,2.16,1.85,2.25,1.8,2.04,0.0,1.97,1.96,1.98,1.96,2.13,1.98,1.97,1.92,0.3484320557491289,0.2857142857142857,0.4081632653061224,0.3342884431709647,0.27411652340019105,0.39159503342884433,6.895833333333333,1.6,1.6,1.2,1.2,0.8,0.8,11.8,11.8,2.8,2.8,9.2,9.2,6.8,6.8,0.6,0.6,0.0,0.0,6.895833333333333,1.6,1.6,2.2,2.2,1.2,1.2,15.4,15.4,5.0,5.0,13.0,13.0,6.4,6.4,2.4,2.4,0.0,0.0,2.0,2.0,1.5,1.5,0.5,0.5,1.0,1.0,2.0,2.0,2.0,2.0,0.0,-1.0000000000000002
53,2019-09-21 15:00:00,E0,21/09/2019,15:00,Burnley,Norwich,2,0,H,2,0,H,D Coote,13,11,6,2,11,10,7,3,0,1,0,0,2.0,3.8,3.5,1.95,3.8,3.6,2.0,3.6,3.6,2.02,3.8,3.73,1.95,3.7,3.7,1.95,3.8,3.8,2.05,3.9,3.8,1.99,3.76,3.67,1.66,2.2,1.7,2.28,1.71,2.3,1.67,2.22,-0.5,2.0,1.93,2.02,1.9,2.02,1.94,1.99,1.89,2.0,3.75,3.5,2.0,3.7,3.7,2.0,3.6,3.6,2.02,3.88,3.67,2.0,3.7,3.6,2.0,3.75,3.7,2.07,3.9,3.7,2.02,3.73,3.62,1.66,2.2,1.68,2.31,1.7,2.37,1.66,2.25,-0.5,2.01,1.92,2.02,1.91,2.05,1.94,2.01,1.87,0.5025125628140703,0.26595744680851063,0.2724795640326976,0.4827443860219906,0.2554950340914259,0.2617605798865835,7.0,1.0,1.0,1.2,1.2,1.4,1.4,11.0,11.0,3.2,3.2,9.0,9.0,4.8,4.8,1.0,1.0,0.0,0.0,6.895833333333333,1.2,1.2,1.8,1.8,2.4,2.4,9.6,9.6,4.8,4.8,9.0,9.0,3.0,3.0,1.6,1.6,0.0,0.0,1.5,1.5,1.5,1.5,1.5,1.5,0.0,0.0,0.5,0.5,3.0,3.0,-0.19999999999999996,-0.6000000000000001
54,2019-09-21 15:00:00,E0,21/09/2019,15:00,Everton,Sheffield United,0,2,A,0,1,A,S Hooper,16,2,3,1,9,9,12,3,1,3,0,0,1.61,3.75,6.0,1.65,3.8,5.5,1.67,3.75,5.3,1.69,3.8,5.76,1.65,3.7,5.8,1.67,3.8,5.75,1.71,4.0,6.0,1.67,3.8,5.58,2.0,1.8,2.08,1.84,2.08,1.86,2.03,1.81,-0.75,1.9,2.03,1.91,2.02,1.91,2.08,1.87,2.01,1.72,3.6,5.0,1.75,3.5,5.5,1.7,3.5,5.5,1.79,3.57,5.31,1.73,3.6,5.25,1.75,3.6,5.2,1.81,3.7,5.5,1.76,3.56,5.21,2.0,1.8,2.09,1.83,2.12,1.92,2.04,1.8,-0.75,2.05,1.88,2.05,1.88,2.06,2.0,2.01,1.88,0.5988023952095809,0.2631578947368421,0.17921146953405018,0.5751235468664393,0.25275166401761934,0.1721247891159415,6.041666666666667,1.4,1.4,1.0,1.0,1.4,1.4,12.6,12.6,3.4,3.4,13.8,13.8,5.2,5.2,2.2,2.2,0.2,0.2,7.0,1.0,1.0,1.0,1.0,1.2,1.2,11.2,11.2,3.0,3.0,13.4,13.4,7.0,7.0,1.4,1.4,0.2,0.2,3.0,3.0,2.0,2.0,1.0,1.0,1.0,1.0,1.5,1.5,1.5,1.5,0.3999999999999999,0.0
55,2019-09-21 15:00:00,E0,21/09/2019,15:00,Man City,Watford,8,0,H,5,0,H,M Dean,28,5,11,4,5,9,5,4,2,2,0,0,1.1,11.0,21.0,1.11,10.5,17.5,1.12,9.0,20.0,1.11,10.69,27.58,1.1,11.0,21.0,1.1,11.0,23.0,1.13,11.5,31.0,1.11,10.24,23.21,1.25,4.0,1.28,4.01,1.29,4.2,1.25,3.91,-2.5,1.98,1.95,1.97,1.95,1.99,1.98,1.95,1.94,1.08,11.0,23.0,1.11,10.5,23.0,1.12,9.0,20.0,1.11,11.33,25.74,1.1,11.0,19.0,1.09,11.5,29.0,1.13,12.5,29.0,1.1,10.72,24.55,1.25,4.0,1.28,4.01,1.28,4.33,1.25,3.99,-2.5,1.9,2.03,1.93,1.99,1.93,2.16,1.88,2.0,0.9009009009009008,0.09765625,0.043084877208099955,0.8648853220106703,0.09375221752264103,0.04136246046668867,6.895833333333333,2.0,2.0,3.2,3.2,1.2,1.2,20.6,20.6,7.6,7.6,11.4,11.4,8.6,8.6,1.6,1.6,0.0,0.0,5.9375,0.4,0.4,0.8,0.8,2.0,2.0,17.2,17.2,3.6,3.6,12.6,12.6,6.4,6.4,2.0,2.0,0.0,0.0,2.0,2.0,3.0,3.0,1.0,1.0,0.5,0.5,0.5,0.5,1.0,1.0,1.6,2.4000000000000004
56,2019-09-21 17:30:00,E0,21/09/2019,17:30,Newcastle,Brighton,0,0,D,0,0,D,M Atkinson,11,16,4,3,12,8,5,3,2,1,0,0,2.5,3.2,3.0,2.45,3.2,3.0,2.5,3.1,3.05,2.55,3.15,3.16,2.45,3.2,3.0,2.5,3.13,3.13,2.55,3.28,3.2,2.5,3.16,3.07,2.3,1.61,2.4,1.64,2.41,1.67,2.35,1.61,-0.25,2.05,1.75,2.16,1.79,2.16,1.82,2.12,1.78,2.37,3.2,3.1,2.4,3.2,3.2,2.4,3.15,3.15,2.42,3.24,3.3,2.35,3.2,3.2,2.4,3.13,3.3,2.5,3.3,3.4,2.4,3.2,3.23,2.3,1.61,2.39,1.65,2.41,1.67,2.33,1.62,-0.25,2.04,1.89,2.06,1.87,2.11,1.91,2.03,1.86,0.4,0.3164556962025316,0.32573289902280134,0.3838076926120224,0.30364532643356196,0.31254698095441563,7.208333333333333,0.8,0.8,0.8,0.8,1.6,1.6,9.6,9.6,2.8,2.8,7.4,7.4,4.6,4.6,1.6,1.6,0.0,0.0,7.104166666666667,1.0,1.0,1.0,1.0,1.6,1.6,10.6,10.6,3.4,3.4,10.0,10.0,4.4,4.4,0.6,0.6,0.2,0.2,0.5,0.5,0.5,0.5,1.0,1.0,1.5,1.5,1.5,1.5,2.0,2.0,-0.19999999999999996,-0.19999999999999996
57,2019-09-22 14:00:00,E0,22/09/2019,14:00,Crystal Palace,Wolves,1,1,D,0,0,D,S Attwell,13,14,4,4,7,10,6,7,2,1,0,1,2.62,3.1,2.87,2.65,3.0,2.95,2.6,3.1,2.9,2.68,3.15,2.98,2.62,3.1,2.88,2.7,3.13,2.9,2.7,3.2,3.0,2.64,3.11,2.93,2.37,1.57,2.43,1.63,2.45,1.63,2.37,1.59,0.0,1.87,2.06,1.85,2.07,1.88,2.07,1.84,2.05,2.7,3.1,2.8,2.75,3.1,2.85,2.65,3.1,2.85,2.9,3.1,2.81,2.75,3.1,2.75,2.8,3.13,2.75,2.95,3.2,2.95,2.75,3.11,2.83,2.37,1.57,2.39,1.64,2.4,1.67,2.33,1.62,0.0,1.99,1.94,2.0,1.93,2.02,2.05,1.94,1.94,0.3787878787878788,0.3215434083601286,0.341296928327645,0.3636497870930924,0.30869306685715886,0.32765714604974877,7.958333333333333,1.4,1.4,0.6,0.6,1.2,1.2,10.0,10.0,4.0,4.0,14.2,14.2,5.4,5.4,2.2,2.2,0.0,0.0,7.958333333333333,0.6,0.6,1.2,1.2,2.0,2.0,10.0,10.0,3.0,3.0,11.8,11.8,5.0,5.0,1.8,1.8,0.2,0.2,2.0,2.0,0.5,0.5,0.0,0.0,0.5,0.5,1.0,1.0,1.5,1.5,0.7999999999999999,-0.6
58,2019-09-22 14:00:00,E0,22/09/2019,14:00,West Ham,Man United,2,0,H,1,0,H,A Taylor,8,9,6,3,8,9,3,7,2,2,0,0,3.1,3.6,2.2,3.25,3.6,2.15,3.4,3.5,2.1,3.33,3.56,2.24,3.2,3.6,2.2,3.2,3.7,2.25,3.45,3.72,2.28,3.24,3.59,2.21,1.66,2.2,1.76,2.19,1.76,2.31,1.69,2.2,0.25,1.96,1.97,1.98,1.94,2.02,1.98,1.96,1.93,3.0,3.5,2.3,3.2,3.5,2.25,3.15,3.3,2.3,3.07,3.45,2.45,3.0,3.5,2.3,3.0,3.5,2.38,3.2,3.68,2.45,3.08,3.48,2.34,1.8,2.0,1.85,2.06,1.87,2.26,1.78,2.06,0.25,1.84,2.09,1.83,2.1,1.91,2.12,1.85,2.05,0.30864197530864196,0.2785515320334262,0.45248868778280543,0.2968618456254046,0.26791988295997515,0.4352182714146203,5.75,1.6,1.6,1.2,1.2,1.4,1.4,12.0,12.0,5.0,5.0,11.0,11.0,5.2,5.2,1.6,1.6,0.2,0.2,7.958333333333333,1.6,1.6,1.6,1.6,0.8,0.8,14.6,14.6,4.6,4.6,10.4,10.4,4.6,4.6,2.0,2.0,0.0,0.0,1.5,1.5,1.0,1.0,2.5,2.5,1.0,1.0,1.0,1.0,1.0,1.0,0.0,-0.40000000000000013
59,2019-09-22 16:30:00,E0,22/09/2019,16:30,Arsenal,Aston Villa,3,2,H,0,1,A,J Moss,21,14,6,9,13,15,9,4,5,1,1,0,1.4,4.75,8.0,1.4,5.0,7.25,1.4,4.8,7.5,1.43,4.86,8.01,1.4,4.75,8.0,1.44,5.0,7.5,1.45,5.05,8.25,1.42,4.9,7.49,1.44,2.75,1.47,2.88,1.48,2.88,1.45,2.77,-1.25,1.95,1.98,1.96,1.97,1.96,2.05,1.9,1.98,1.4,5.0,7.0,1.4,5.25,7.25,1.4,4.8,7.5,1.42,5.23,7.59,1.4,5.0,7.5,1.44,5.0,7.0,1.45,5.35,8.0,1.42,5.07,7.23,1.4,3.0,1.43,3.03,1.45,3.22,1.41,2.95,-1.25,1.97,1.96,1.94,2.0,1.99,2.05,1.91,1.99,0.7042253521126761,0.2040816326530612,0.13351134846461948,0.6759579186220412,0.19588984580475477,0.12815223557320404,7.0,1.6,1.6,1.6,1.6,1.6,1.6,13.8,13.8,5.2,5.2,8.4,8.4,5.8,5.8,2.4,2.4,0.0,0.0,5.854166666666667,0.8,0.8,0.8,0.8,1.2,1.2,11.2,11.2,4.2,4.2,11.6,11.6,2.8,2.8,1.6,1.6,0.2,0.2,2.0,2.0,2.0,2.0,1.5,1.5,0.0,0.0,0.5,0.5,2.0,2.0,0.8,0.8
60,2019-09-22 16:30:00,E0,22/09/2019,16:30,Chelsea,Liverpool,1,2,A,0,2,A,M Oliver,13,6,2,3,8,13,6,4,3,3,0,0,3.5,3.75,2.0,3.6,3.7,2.0,3.4,3.5,2.1,3.66,3.66,2.08,3.6,3.7,2.0,3.6,3.8,2.05,3.75,3.83,2.1,3.58,3.69,2.04,1.57,2.37,1.63,2.43,1.63,2.45,1.59,2.37,0.5,1.87,2.06,1.85,2.08,1.88,2.08,1.85,2.04,3.2,3.75,2.1,3.2,3.75,2.15,3.2,3.5,2.2,3.24,3.64,2.27,3.25,3.7,2.1,3.2,3.8,2.15,3.44,3.84,2.27,3.25,3.7,2.17,1.53,2.5,1.58,2.54,1.6,2.72,1.54,2.49,0.25,2.01,1.92,1.96,1.98,2.17,1.98,1.99,1.9,0.27932960893854747,0.2710027100271003,0.49019607843137253,0.2684497699796726,0.2604472023109019,0.47110302770942547,8.0625,1.6,1.6,2.2,2.2,2.2,2.2,16.6,16.6,6.2,6.2,9.6,9.6,5.0,5.0,1.6,1.6,0.0,0.0,8.166666666666666,3.0,3.0,3.0,3.0,0.8,0.8,18.2,18.2,6.8,6.8,8.8,8.8,8.0,8.0,0.4,0.4,0.0,0.0,1.0,1.0,1.5,1.5,1.5,1.5,3.0,3.0,2.5,2.5,0.5,0.5,-1.4,-0.7999999999999998
61,2019-09-28 12:30:00,E0,28/09/2019,12:30,Sheffield United,Liverpool,0,1,A,0,0,D,A Taylor,12,16,2,4,8,4,6,5,1,1,0,0,9.0,5.25,1.33,9.5,5.25,1.33,8.1,5.1,1.36,9.4,5.22,1.36,9.0,5.0,1.35,9.0,5.2,1.36,10.0,5.4,1.39,8.9,5.17,1.36,1.61,2.3,1.66,2.35,1.67,2.4,1.62,2.32,1.5,1.72,2.07,1.79,2.14,1.89,2.15,1.82,2.06,9.0,5.25,1.33,8.5,5.0,1.36,8.0,5.3,1.35,9.44,5.53,1.34,8.5,5.25,1.35,9.0,5.2,1.36,10.0,5.65,1.4,8.92,5.33,1.35,1.61,2.3,1.65,2.37,1.66,2.5,1.62,2.32,1.5,1.75,2.05,1.81,2.13,1.92,2.14,1.82,2.06,0.11235955056179775,0.19342359767891684,0.7352941176470588,0.1079262358745138,0.18579177935844737,0.7062819847670389,6.895833333333333,1.4,1.3333333333333333,1.2,1.1666666666666667,1.0,1.0,10.0,9.666666666666666,2.6,2.6666666666666665,11.4,12.666666666666666,6.8,6.333333333333333,1.8,1.6666666666666667,0.2,0.16666666666666666,5.833333333333333,3.0,3.0,2.6,2.8333333333333335,0.8,0.8333333333333334,16.4,16.166666666666668,6.0,6.166666666666667,9.6,9.5,6.6,7.333333333333333,1.0,0.8333333333333334,0.0,0.0,1.0,1.0,0.6666666666666666,0.6666666666666666,1.0,1.0,3.0,3.0,2.3333333333333335,2.3333333333333335,0.6666666666666666,0.6666666666666666,-1.6,-1.4000000000000001
62,2019-09-28 15:00:00,E0,28/09/2019,15:00,Aston Villa,Burnley,2,2,D,1,0,H,L Mason,16,10,3,3,10,16,7,3,1,4,0,0,2.3,3.4,3.1,2.35,3.3,3.1,2.35,3.35,3.0,2.39,3.45,3.15,2.35,3.3,3.1,2.4,3.4,3.0,2.45,3.47,3.18,2.38,3.38,3.08,1.9,1.9,1.92,2.0,1.96,2.0,1.91,1.92,-0.25,2.07,1.86,2.06,1.87,2.11,1.87,2.05,1.84,2.25,3.4,3.2,2.3,3.3,3.2,2.2,3.45,3.25,2.36,3.44,3.19,2.3,3.3,3.2,2.3,3.5,3.13,2.4,3.55,3.26,2.31,3.41,3.19,1.9,1.9,1.93,2.0,1.95,2.05,1.88,1.95,-0.25,2.04,1.89,2.04,1.89,2.05,1.92,2.01,1.89,0.42016806722689076,0.2958579881656805,0.3246753246753247,0.4037354761646216,0.2842871104354436,0.31197741339993484,5.9375,0.8,0.6666666666666666,1.0,1.0,1.2,1.5,12.6,11.666666666666666,5.2,5.0,12.8,12.166666666666666,3.6,3.0,1.8,1.5,0.2,0.16666666666666666,7.0,1.0,1.3333333333333333,1.0,1.3333333333333333,1.4,1.1666666666666667,11.6,11.333333333333334,3.6,3.6666666666666665,10.0,9.333333333333334,5.8,5.166666666666667,1.0,0.8333333333333334,0.0,0.0,1.3333333333333333,1.3333333333333333,1.0,1.0,0.6666666666666666,0.6666666666666666,0.6666666666666666,0.6666666666666666,1.0,1.0,1.3333333333333333,1.3333333333333333,-0.19999999999999996,0.0
63,2019-09-28 15:00:00,E0,28/09/2019,15:00,Bournemouth,West Ham,2,2,D,1,1,D,S Attwell,13,17,5,6,7,8,6,6,3,1,0,0,2.5,3.5,2.75,2.5,3.6,2.7,2.4,3.6,2.75,2.49,3.62,2.86,2.45,3.5,2.8,2.45,3.6,2.8,2.58,3.65,2.9,2.48,3.56,2.79,1.57,2.37,1.57,2.55,1.61,2.55,1.57,2.41,-0.25,2.07,1.72,2.16,1.79,2.2,1.8,2.14,1.77,2.37,3.6,2.8,2.4,3.6,2.8,2.35,3.6,2.9,2.41,3.65,2.96,2.35,3.6,2.88,2.4,3.6,2.9,2.45,3.7,3.0,2.39,3.61,2.89,1.53,2.5,1.54,2.64,1.56,2.65,1.52,2.54,-0.25,2.1,1.83,2.1,1.83,2.13,1.86,2.08,1.82,0.40322580645161293,0.2808988764044944,0.35842293906810035,0.38676967648478994,0.26943505552873004,0.3437952679864799,7.791666666666667,1.8,1.6666666666666667,2.0,1.8333333333333333,1.8,1.6666666666666667,9.8,10.333333333333334,4.4,4.166666666666667,9.0,9.166666666666666,5.2,4.833333333333333,1.8,1.8333333333333333,0.0,0.0,6.041666666666667,2.2,1.8333333333333333,1.6,1.3333333333333333,0.4,1.1666666666666667,12.6,11.333333333333334,5.6,5.166666666666667,11.4,10.5,5.6,4.833333333333333,1.6,1.6666666666666667,0.2,0.16666666666666666,1.3333333333333333,1.3333333333333333,1.6666666666666667,1.6666666666666667,1.6666666666666667,1.6666666666666667,1.6666666666666667,1.6666666666666667,1.3333333333333333,1.3333333333333333,0.6666666666666666,0.6666666666666666,-0.40000000000000013,0.3999999999999999
64,2019-09-28 15:00:00,E0,28/09/2019,15:00,Chelsea,Brighton,2,0,H,0,0,D,C Kavanagh,24,8,10,1,5,13,5,2,2,3,0,0,1.4,4.75,8.0,1.42,4.6,7.75,1.45,4.65,6.8,1.44,4.65,8.41,1.42,4.5,8.0,1.44,4.6,7.5,1.47,4.8,8.5,1.44,4.64,7.64,1.66,2.2,1.68,2.33,1.69,2.36,1.65,2.27,-1.25,2.03,1.9,2.04,1.89,2.04,1.95,1.99,1.9,1.4,4.75,7.5,1.44,4.6,7.5,1.42,4.85,7.1,1.45,4.64,8.06,1.42,4.5,8.0,1.44,4.75,7.5,1.46,5.0,8.5,1.43,4.74,7.74,1.61,2.3,1.66,2.36,1.67,2.47,1.64,2.29,-1.25,2.03,1.9,2.06,1.87,2.07,2.01,1.99,1.9,0.6944444444444444,0.21551724137931036,0.13089005235602094,0.6671886292459648,0.20705854011081667,0.1257528306432185,5.9375,1.6,1.3333333333333333,2.4,2.0,1.8,2.1666666666666665,15.6,16.0,5.2,5.5,8.6,9.333333333333334,5.2,5.166666666666667,1.4,1.8333333333333333,0.0,0.0,6.895833333333333,0.6,1.0,0.4,0.8333333333333334,1.6,1.3333333333333333,12.8,11.5,3.4,3.3333333333333335,9.4,9.666666666666666,4.6,4.166666666666667,0.6,0.6666666666666666,0.2,0.16666666666666666,0.6666666666666666,0.6666666666666666,1.3333333333333333,1.3333333333333333,1.6666666666666667,1.6666666666666667,1.3333333333333333,1.3333333333333333,1.0,1.0,1.3333333333333333,1.3333333333333333,1.0,2.0
65,2019-09-28 15:00:00,E0,28/09/2019,15:00,Crystal Palace,Norwich,2,0,H,1,0,H,J Moss,15,10,3,3,14,10,5,5,3,1,0,0,1.9,3.75,3.75,1.95,3.6,3.8,1.9,3.75,3.85,1.97,3.78,3.96,1.91,3.7,3.9,1.9,3.8,4.0,2.0,3.85,4.0,1.94,3.75,3.88,1.72,2.1,1.76,2.19,1.8,2.23,1.72,2.14,-0.5,1.93,2.0,1.97,1.96,1.97,2.01,1.93,1.95,1.9,3.75,3.75,1.91,3.75,3.8,1.93,3.75,3.8,1.91,3.89,4.09,1.91,3.7,3.9,1.87,3.8,4.1,1.96,3.91,4.12,1.91,3.8,3.95,1.72,2.1,1.71,2.26,1.82,2.26,1.7,2.18,-0.5,1.9,2.03,1.91,2.02,1.95,2.05,1.91,1.98,0.5154639175257733,0.26666666666666666,0.2577319587628866,0.49570389953734306,0.25644415069398546,0.24785194976867153,6.041666666666667,1.4,1.3333333333333333,0.8,0.6666666666666666,1.4,1.1666666666666667,11.4,10.5,4.4,4.0,12.4,13.0,5.4,5.5,2.2,2.1666666666666665,0.0,0.0,7.0,1.2,1.0,1.6,1.5,2.0,2.3333333333333335,9.4,9.833333333333334,4.2,4.333333333333333,9.2,9.166666666666666,3.2,3.0,1.4,1.5,0.0,0.0,1.6666666666666667,1.6666666666666667,0.6666666666666666,0.6666666666666666,0.3333333333333333,0.3333333333333333,0.0,0.0,0.3333333333333333,0.3333333333333333,2.6666666666666665,2.6666666666666665,0.19999999999999996,-0.8
66,2019-09-28 15:00:00,E0,28/09/2019,15:00,Tottenham,Southampton,2,1,H,2,1,H,G Scott,9,14,4,6,5,16,6,6,0,2,1,0,1.4,4.75,8.0,1.42,4.6,7.5,1.45,4.7,6.7,1.44,4.69,8.18,1.42,4.5,8.0,1.44,4.75,7.5,1.49,4.8,8.18,1.44,4.67,7.61,1.57,2.37,1.63,2.42,1.64,2.42,1.61,2.35,-1.25,2.02,1.91,2.02,1.9,2.03,1.95,1.98,1.9,1.36,5.25,7.5,1.4,5.0,7.5,1.47,4.3,7.0,1.38,5.23,8.73,1.38,4.8,8.5,1.36,5.25,9.0,1.47,5.4,10.25,1.39,5.07,8.29,1.53,2.5,1.6,2.48,1.6,2.58,1.56,2.45,-1.25,1.8,2.14,1.82,2.11,1.87,2.25,1.81,2.09,0.6944444444444444,0.21413276231263384,0.1314060446780552,0.6677457963732975,0.20590020273609172,0.12635400089061083,7.104166666666667,1.0,1.3333333333333333,1.8,2.0,1.4,1.3333333333333333,11.4,14.666666666666666,4.4,4.833333333333333,13.0,13.0,4.0,5.666666666666667,2.6,2.3333333333333335,0.0,0.0,7.791666666666667,1.4,1.1666666666666667,1.2,1.0,1.2,1.5,14.4,13.833333333333334,4.4,4.166666666666667,10.4,10.666666666666666,4.4,4.833333333333333,1.6,1.3333333333333333,0.2,0.16666666666666666,2.0,2.0,2.3333333333333335,2.3333333333333335,0.6666666666666666,0.6666666666666666,2.0,2.0,1.0,1.0,1.0,1.0,-0.3999999999999999,0.6000000000000001
67,2019-09-28 15:00:00,E0,28/09/2019,15:00,Wolves,Watford,2,0,H,1,0,H,P Tierney,6,14,2,5,5,6,1,6,0,1,0,0,1.85,3.4,4.5,1.87,3.5,4.33,1.87,3.4,4.5,1.9,3.5,4.69,1.85,3.5,4.5,1.87,3.5,4.5,1.95,3.6,4.7,1.89,3.49,4.46,1.9,1.9,2.0,1.92,2.1,1.92,1.99,1.84,-0.5,1.9,2.03,1.9,2.03,1.93,2.03,1.88,2.0,1.9,3.4,4.2,1.91,3.4,4.33,1.87,3.45,4.25,1.96,3.52,4.34,1.91,3.4,4.33,1.91,3.5,4.3,1.99,3.6,4.6,1.93,3.45,4.29,1.9,1.9,2.01,1.91,2.05,2.05,1.96,1.87,-0.5,1.95,1.98,1.96,1.97,1.98,2.0,1.93,1.95,0.5291005291005292,0.28653295128939826,0.2242152466367713,0.5088245197101099,0.27555253359659243,0.21562294669329768,6.041666666666667,0.6,0.6666666666666666,1.4,1.1666666666666667,2.2,1.8333333333333333,11.2,10.666666666666666,3.4,3.1666666666666665,11.2,11.5,5.8,5.333333333333333,1.6,1.6666666666666667,0.4,0.3333333333333333,7.0,0.4,0.3333333333333333,0.8,0.6666666666666666,3.0,3.0,16.0,15.166666666666666,3.8,3.6666666666666665,11.4,12.0,6.2,6.0,2.4,2.0,0.0,0.0,0.6666666666666666,0.6666666666666666,1.3333333333333333,1.3333333333333333,2.3333333333333335,2.3333333333333335,0.3333333333333333,0.3333333333333333,0.3333333333333333,0.3333333333333333,3.3333333333333335,3.3333333333333335,0.19999999999999996,0.5999999999999999
68,2019-09-28 17:30:00,E0,28/09/2019,17:30,Everton,Man City,1,3,A,1,1,D,M Oliver,12,20,8,9,4,8,5,2,2,2,0,0,10.0,5.5,1.3,9.75,6.0,1.28,9.6,5.5,1.3,10.21,6.03,1.3,10.0,5.8,1.29,11.0,5.75,1.29,11.0,6.35,1.33,9.84,5.86,1.3,1.5,2.62,1.5,2.76,1.5,2.8,1.47,2.69,1.5,2.03,1.9,2.02,1.91,2.06,1.91,2.02,1.87,8.0,5.5,1.33,8.5,5.5,1.33,9.6,5.5,1.3,8.9,5.51,1.36,11.0,5.5,1.29,9.0,5.25,1.36,11.0,6.0,1.4,8.67,5.55,1.35,1.57,2.37,1.6,2.49,1.63,2.7,1.57,2.43,1.5,1.72,2.07,1.81,2.14,1.96,2.17,1.83,2.05,0.1016260162601626,0.1706484641638225,0.7692307692307692,0.09757609603393773,0.16384791552456437,0.7385759884414979,7.104166666666667,1.2,1.1666666666666667,1.0,0.8333333333333334,1.8,1.5,13.8,13.166666666666666,3.4,3.3333333333333335,12.8,13.0,7.2,6.333333333333333,2.2,2.0,0.0,0.16666666666666666,7.104166666666667,2.0,2.1666666666666665,3.8,4.0,1.2,1.0,23.4,21.833333333333332,8.0,8.166666666666666,9.8,10.333333333333334,9.4,8.0,1.6,1.6666666666666667,0.0,0.0,2.0,2.0,1.3333333333333333,1.3333333333333333,1.3333333333333333,1.3333333333333333,2.0,2.0,3.3333333333333335,3.3333333333333335,1.3333333333333333,1.3333333333333333,-0.8,-2.8
69,2019-09-29 16:30:00,E0,29/09/2019,16:30,Leicester,Newcastle,5,0,H,1,0,H,C Pawson,13,3,5,0,12,9,9,0,1,1,0,1,1.5,4.0,7.5,1.53,4.0,6.75,1.53,4.0,6.7,1.53,4.21,7.27,1.5,4.0,7.5,1.53,4.0,7.0,1.56,4.21,7.6,1.53,4.09,7.06,2.0,1.8,2.14,1.79,2.15,1.82,2.08,1.77,-1.0,1.98,1.95,1.96,1.97,1.99,1.99,1.93,1.95,1.5,4.0,7.0,1.53,4.1,7.0,1.55,4.0,6.5,1.52,4.33,7.04,1.52,4.0,7.0,1.53,4.2,7.0,1.57,4.44,7.75,1.53,4.18,6.92,1.9,1.9,1.9,2.02,2.0,2.05,1.89,1.94,-1.0,1.93,2.0,1.93,2.0,1.95,2.03,1.9,1.98,0.6535947712418301,0.24449877750611249,0.141643059490085,0.6286157148486228,0.23515453391647748,0.13622975123489983,8.166666666666666,2.0,1.8333333333333333,1.6,1.3333333333333333,1.0,0.8333333333333334,12.0,12.5,4.0,3.5,11.8,10.333333333333334,6.0,7.0,0.8,0.6666666666666666,0.0,0.0,7.958333333333333,1.0,0.8333333333333334,0.8,0.6666666666666666,1.4,1.3333333333333333,10.0,9.833333333333334,3.2,3.0,7.4,8.166666666666666,4.6,4.666666666666667,1.8,1.6666666666666667,0.0,0.0,2.3333333333333335,2.3333333333333335,1.6666666666666667,1.6666666666666667,0.6666666666666666,0.6666666666666666,1.0,1.0,1.0,1.0,2.0,2.0,1.0,0.8
70,2019-09-30 20:00:00,E0,30/09/2019,20:00,Man United,Arsenal,1,1,D,1,0,H,K Friend,16,10,4,5,18,13,8,7,4,2,0,0,2.37,3.5,2.9,2.35,3.4,3.0,2.35,3.6,2.9,2.41,3.56,3.03,2.35,3.5,3.0,2.38,3.6,2.9,2.43,3.65,3.15,2.36,3.53,2.99,1.61,2.3,1.67,2.34,1.68,2.39,1.63,2.28,-0.25,2.07,1.86,2.08,1.85,2.08,1.87,2.05,1.84,2.2,3.6,3.1,2.2,3.5,3.2,2.2,3.4,3.3,2.26,3.57,3.29,2.2,3.5,3.2,2.2,3.6,3.2,2.35,3.68,3.35,2.24,3.55,3.21,1.61,2.3,1.68,2.31,1.7,2.47,1.65,2.27,-0.25,1.96,1.97,1.97,1.97,1.99,1.99,1.94,1.95,0.42372881355932207,0.28328611898017,0.33444816053511706,0.40685917376907627,0.27200783288810765,0.32113299334281603,8.25,1.0,1.3333333333333333,0.8,1.3333333333333333,1.2,1.0,14.2,13.666666666666666,4.2,4.333333333333333,9.2,10.166666666666666,5.4,5.0,1.8,2.0,0.0,0.0,8.145833333333334,1.6,1.8333333333333333,2.0,1.8333333333333333,2.0,1.6666666666666667,16.4,15.0,6.0,5.333333333333333,9.6,9.166666666666666,7.0,6.333333333333333,2.8,2.8333333333333335,0.2,0.16666666666666666,2.0,2.0,2.0,2.0,0.6666666666666666,0.6666666666666666,1.3333333333333333,1.3333333333333333,1.3333333333333333,1.3333333333333333,1.6666666666666667,1.6666666666666667,-0.6000000000000001,-1.2
71,2019-10-05 12:30:00,E0,05/10/2019,12:30,Brighton,Tottenham,3,0,H,2,0,H,J Moss,17,8,6,3,11,7,4,4,2,1,0,0,3.9,3.6,1.9,3.8,3.6,1.95,3.8,3.6,1.95,3.97,3.67,2.0,3.9,3.6,1.95,3.9,3.7,1.95,4.1,3.75,2.02,3.9,3.63,1.96,1.72,2.1,1.76,2.18,1.85,2.18,1.76,2.09,0.5,1.95,1.98,1.93,2.0,1.95,2.0,1.93,1.96,4.75,3.9,1.7,5.5,4.0,1.65,4.8,3.7,1.75,5.15,3.89,1.74,5.25,3.8,1.67,5.0,4.0,1.7,5.65,4.05,1.83,4.92,3.91,1.73,1.72,2.1,1.78,2.15,1.78,2.26,1.72,2.14,0.75,1.98,1.95,1.98,1.95,2.11,1.98,1.97,1.92,0.25641025641025644,0.27548209366391185,0.5102040816326531,0.2460523312514266,0.2643537443197145,0.48959392442885896,6.895833333333333,0.4,0.8571428571428571,0.2,0.7142857142857143,1.8,1.4285714285714286,11.2,11.0,2.8,3.0,9.8,10.142857142857142,3.4,3.857142857142857,1.2,1.0,0.2,0.14285714285714285,6.895833333333333,1.4,1.5714285714285714,1.8,2.0,1.2,1.2857142857142858,12.6,13.857142857142858,4.8,4.714285714285714,13.2,11.857142857142858,4.8,5.714285714285714,2.6,2.0,0.2,0.14285714285714285,0.6666666666666666,0.6666666666666666,0.6666666666666666,0.6666666666666666,1.3333333333333333,1.3333333333333333,0.6666666666666666,0.6666666666666666,1.6666666666666667,1.6666666666666667,2.0,2.0,-0.9999999999999999,-1.6
72,2019-10-05 15:00:00,E0,05/10/2019,15:00,Burnley,Everton,1,0,H,0,0,D,G Scott,9,11,3,2,5,12,7,9,2,1,0,1,2.87,3.3,2.5,2.85,3.25,2.55,2.9,3.25,2.5,3.01,3.36,2.52,2.9,3.25,2.5,2.9,3.3,2.55,3.05,3.37,2.65,2.93,3.3,2.52,2.1,1.72,2.14,1.79,2.2,1.79,2.12,1.74,0.25,1.7,2.1,1.79,2.16,1.79,2.21,1.76,2.15,3.2,3.1,2.37,3.2,3.2,2.4,3.05,3.2,2.4,3.22,3.35,2.39,3.2,3.2,2.35,3.13,3.3,2.4,3.3,3.37,2.5,3.19,3.24,2.4,2.0,1.8,2.1,1.82,2.15,1.85,2.06,1.78,0.25,1.86,2.07,1.87,2.05,1.88,2.09,1.84,2.05,0.341296928327645,0.30303030303030304,0.3968253968253968,0.32780681630046593,0.2910527187152622,0.38114046498427195,7.0,1.2,1.2857142857142858,1.2,1.4285714285714286,1.4,1.2857142857142858,10.0,11.142857142857142,3.2,3.5714285714285716,11.0,10.285714285714286,5.0,4.857142857142857,1.6,1.2857142857142858,0.0,0.0,6.895833333333333,0.6,1.0,1.0,0.8571428571428571,2.4,1.7142857142857142,13.8,13.0,4.6,4.0,11.4,11.714285714285714,7.4,6.142857142857143,2.2,2.0,0.0,0.14285714285714285,2.0,2.0,1.6666666666666667,1.6666666666666667,1.0,1.0,0.3333333333333333,0.3333333333333333,0.3333333333333333,0.3333333333333333,1.6666666666666667,1.6666666666666667,0.6,0.19999999999999996
73,2019-10-05 15:00:00,E0,05/10/2019,15:00,Liverpool,Leicester,2,1,H,1,0,H,C Kavanagh,18,2,8,1,9,17,4,6,1,4,0,0,1.44,4.75,7.0,1.45,4.6,7.0,1.47,4.6,6.5,1.47,4.77,7.18,1.44,4.6,7.5,1.45,4.75,7.0,1.5,4.85,7.7,1.46,4.66,7.0,1.57,2.37,1.63,2.41,1.65,2.45,1.61,2.34,-1.25,2.07,1.86,2.08,1.85,2.08,1.89,2.03,1.85,1.57,4.2,5.5,1.57,4.33,5.75,1.5,4.5,6.1,1.59,4.42,5.76,1.55,4.33,5.8,1.57,4.4,5.75,1.63,4.55,6.5,1.58,4.36,5.65,1.57,2.37,1.61,2.47,1.66,2.51,1.59,2.38,-1.0,2.03,1.9,2.03,1.89,2.05,1.95,1.98,1.9,0.684931506849315,0.2145922746781116,0.14285714285714285,0.6570836925605718,0.20586742299108043,0.13704888444834784,7.104166666666667,3.0,3.0,2.4,2.5714285714285716,0.6,0.7142857142857143,16.6,16.142857142857142,5.6,5.857142857142857,9.2,8.714285714285714,5.8,7.0,1.0,0.8571428571428571,0.0,0.0,5.9375,2.4,2.0,2.4,1.8571428571428572,0.8,0.7142857142857143,12.2,12.571428571428571,4.4,3.7142857142857144,11.4,10.571428571428571,6.8,7.285714285714286,1.0,0.7142857142857143,0.0,0.0,3.0,3.0,3.3333333333333335,3.3333333333333335,1.0,1.0,1.3333333333333333,1.3333333333333333,1.0,1.0,1.0,1.0,0.6000000000000001,0.0
74,2019-10-05 15:00:00,E0,05/10/2019,15:00,Norwich,Aston Villa,1,5,A,0,2,A,A Madley,21,22,5,12,14,17,10,6,1,3,0,0,2.37,3.6,2.8,2.3,3.6,2.95,2.35,3.65,2.8,2.46,3.61,2.91,2.4,3.6,2.8,2.4,3.7,2.8,2.5,3.75,2.95,2.41,3.6,2.85,1.57,2.37,1.61,2.48,1.63,2.52,1.57,2.43,-0.25,2.07,1.72,2.13,1.81,2.15,1.82,2.11,1.79,2.37,3.6,2.8,2.4,3.6,2.9,2.35,3.6,2.85,2.46,3.62,2.9,2.4,3.6,2.8,2.38,3.7,2.88,2.5,3.75,2.93,2.42,3.6,2.86,1.53,2.5,1.55,2.61,1.61,2.64,1.56,2.45,-0.25,2.13,1.81,2.14,1.8,2.16,1.84,2.11,1.8,0.41493775933609955,0.2777777777777778,0.3508771929824561,0.3976050688833343,0.26617450444689883,0.33622042666976687,7.0,0.6,0.8571428571428571,1.0,1.2857142857142858,2.2,2.2857142857142856,8.4,9.857142857142858,3.2,4.142857142857143,9.4,9.285714285714286,2.8,3.2857142857142856,1.4,1.4285714285714286,0.0,0.0,7.0,1.0,0.7142857142857143,1.2,1.1428571428571428,1.2,1.5714285714285714,11.4,12.285714285714286,4.4,4.714285714285714,12.8,11.857142857142858,3.0,3.5714285714285716,2.0,1.4285714285714286,0.2,0.14285714285714285,2.0,2.0,2.6666666666666665,2.6666666666666665,2.0,2.0,0.0,0.0,1.0,1.0,2.3333333333333335,2.3333333333333335,-0.4,-0.19999999999999996
75,2019-10-05 15:00:00,E0,05/10/2019,15:00,Watford,Sheffield United,0,0,D,0,0,D,A Marriner,8,9,2,3,7,6,7,7,0,2,0,0,2.05,3.4,3.6,2.2,3.3,3.4,2.1,3.4,3.5,2.14,3.43,3.73,2.1,3.4,3.6,2.15,3.4,3.6,2.25,3.5,3.75,2.14,3.38,3.58,2.0,1.8,2.04,1.88,2.1,1.89,2.0,1.84,-0.25,1.86,2.07,1.84,2.09,1.9,2.09,1.84,2.05,2.3,3.2,3.25,2.35,3.3,3.2,2.2,3.4,3.3,2.38,3.27,3.32,2.35,3.2,3.2,2.38,3.25,3.2,2.44,3.4,3.4,2.35,3.28,3.23,2.1,1.72,2.2,1.75,2.2,1.85,2.08,1.77,-0.25,2.05,1.88,2.04,1.89,2.07,1.95,2.03,1.87,0.4672897196261682,0.2958579881656805,0.27932960893854747,0.4482492924563249,0.2838028064664306,0.2679479010772445,7.0,0.4,0.2857142857142857,0.8,0.5714285714285714,3.2,2.857142857142857,17.2,15.0,4.4,3.857142857142857,10.4,11.142857142857142,6.0,6.0,2.0,1.8571428571428572,0.0,0.0,7.104166666666667,0.8,1.1428571428571428,1.0,1.0,1.2,1.0,9.4,10.0,2.4,2.5714285714285716,9.8,12.0,6.4,6.285714285714286,1.4,1.5714285714285714,0.2,0.14285714285714285,0.3333333333333333,0.3333333333333333,1.0,1.0,2.6666666666666665,2.6666666666666665,1.6666666666666667,1.6666666666666667,1.6666666666666667,1.6666666666666667,1.0,1.0,-0.4,-0.19999999999999996
76,2019-10-05 17:30:00,E0,05/10/2019,17:30,West Ham,Crystal Palace,1,2,A,0,0,D,M Oliver,9,7,4,4,11,7,2,2,3,2,0,0,1.95,3.6,3.8,2.0,3.5,3.75,2.0,3.55,3.7,2.02,3.65,3.92,1.95,3.6,3.8,2.0,3.6,3.8,2.05,3.7,4.0,2.0,3.58,3.8,1.8,2.0,1.85,2.07,1.9,2.09,1.83,2.0,-0.5,2.02,1.91,2.02,1.91,2.03,1.92,2.01,1.88,1.95,3.6,3.75,2.0,3.6,3.8,2.05,3.5,3.6,2.02,3.75,3.85,2.0,3.6,3.75,2.0,3.7,3.7,2.05,3.8,3.88,2.0,3.65,3.76,1.72,2.1,1.74,2.22,1.8,2.26,1.72,2.15,-0.5,2.02,1.91,2.02,1.92,2.05,1.95,2.0,1.89,0.5,0.27932960893854747,0.2631578947368421,0.47962205612748554,0.26794528275278523,0.25243266111972923,7.104166666666667,2.2,1.7142857142857142,1.8,1.4285714285714286,0.6,1.2857142857142858,14.4,12.142857142857142,6.2,5.285714285714286,11.0,10.142857142857142,5.6,5.0,1.4,1.5714285714285714,0.2,0.14285714285714285,7.104166666666667,2.0,1.5714285714285714,1.2,0.8571428571428571,1.2,1.0,13.2,11.142857142857142,4.2,3.857142857142857,13.0,13.142857142857142,5.6,5.428571428571429,2.6,2.2857142857142856,0.0,0.0,2.0,2.0,1.3333333333333333,1.3333333333333333,1.6666666666666667,1.6666666666666667,1.0,1.0,0.6666666666666666,0.6666666666666666,2.0,2.0,0.20000000000000018,0.6000000000000001
77,2019-10-06 14:00:00,E0,06/10/2019,14:00,Arsenal,Bournemouth,1,0,H,1,0,H,M Atkinson,12,10,2,2,12,6,14,5,1,2,0,0,1.44,4.75,7.0,1.42,5.0,6.75,1.46,5.0,6.0,1.44,5.08,7.13,1.44,4.8,7.0,1.44,5.0,6.25,1.5,5.2,7.2,1.45,4.97,6.68,1.33,3.4,1.36,3.41,1.4,3.41,1.35,3.2,-1.25,1.97,1.96,1.94,1.98,1.99,2.02,1.93,1.96,1.36,5.5,7.0,1.36,5.75,7.5,1.4,4.8,7.6,1.37,5.83,7.87,1.33,5.8,8.0,1.36,5.75,8.0,1.4,6.0,8.4,1.36,5.72,7.57,1.28,3.75,1.3,3.83,1.33,4.02,1.29,3.65,-1.5,1.91,2.02,1.93,2.01,2.05,2.13,1.92,1.97,0.6896551724137931,0.2012072434607646,0.14970059880239522,0.6627711754947387,0.1933638238364932,0.14386500066876814,5.75,1.2,1.7142857142857142,1.8,1.7142857142857142,2.0,1.5714285714285714,15.2,14.285714285714286,5.2,5.285714285714286,9.6,9.714285714285714,6.4,6.428571428571429,2.8,2.7142857142857144,0.2,0.14285714285714285,7.958333333333333,1.4,1.5714285714285714,2.0,1.8571428571428572,2.0,1.7142857142857142,10.0,10.714285714285714,4.6,4.285714285714286,7.8,8.857142857142858,5.4,5.0,2.0,2.0,0.0,0.0,2.3333333333333335,2.3333333333333335,2.3333333333333335,2.3333333333333335,1.6666666666666667,1.6666666666666667,2.0,2.0,2.0,2.0,1.6666666666666667,1.6666666666666667,-0.19999999999999996,-0.19999999999999996
78,2019-10-06 14:00:00,E0,06/10/2019,14:00,Man City,Wolves,0,2,A,0,0,D,C Pawson,18,7,2,2,11,14,9,1,5,2,0,0,1.12,9.0,21.0,1.13,9.0,19.5,1.13,9.0,18.0,1.13,9.61,23.95,1.11,9.0,26.0,1.11,9.5,22.0,1.14,10.5,28.0,1.13,9.26,21.61,1.36,3.2,1.4,3.16,1.41,3.2,1.38,3.08,-2.25,1.93,2.0,1.93,1.98,1.94,2.04,1.9,1.99,1.12,8.5,21.0,1.15,8.5,20.0,1.15,7.6,18.5,1.14,8.98,21.94,1.12,9.0,21.0,1.13,9.0,22.0,1.17,10.0,24.0,1.14,8.99,20.26,1.36,3.2,1.4,3.14,1.41,3.44,1.38,3.06,-2.25,2.04,1.89,2.04,1.88,2.06,2.04,1.99,1.9,0.8849557522123894,0.1079913606911447,0.04627487274409996,0.8515560336811896,0.10391558510364407,0.04452838121516632,7.854166666666667,2.4,2.2857142857142856,4.0,3.857142857142857,1.0,1.0,21.4,21.571428571428573,7.8,8.285714285714286,8.6,10.0,7.2,7.142857142857143,1.8,1.7142857142857142,0.0,0.0,7.958333333333333,1.0,1.0,1.6,1.2857142857142858,2.0,1.5714285714285714,11.2,10.0,3.4,3.0,8.8,10.571428571428571,5.2,4.714285714285714,1.2,1.4285714285714286,0.4,0.2857142857142857,2.3333333333333335,2.3333333333333335,4.666666666666667,4.666666666666667,0.6666666666666666,0.6666666666666666,0.6666666666666666,0.6666666666666666,1.0,1.0,1.3333333333333333,1.3333333333333333,1.4,2.4
79,2019-10-06 14:00:00,E0,06/10/2019,14:00,Southampton,Chelsea,1,4,A,1,3,A,P Tierney,10,13,3,7,8,15,3,4,0,1,0,0,4.0,3.8,1.85,4.0,3.75,1.87,3.95,3.8,1.87,4.09,3.97,1.88,4.0,3.8,1.85,4.1,3.75,1.85,4.3,4.0,1.93,4.02,3.84,1.87,1.72,2.1,1.71,2.25,1.75,2.25,1.7,2.18,0.5,2.04,1.89,2.04,1.88,2.05,1.93,2.01,1.87,4.6,4.2,1.66,4.5,4.2,1.72,4.4,3.9,1.75,4.75,4.29,1.71,4.8,4.2,1.65,4.8,4.2,1.7,5.2,4.5,1.75,4.66,4.2,1.71,1.53,2.5,1.55,2.61,1.65,2.61,1.57,2.44,1.0,1.7,2.1,1.74,2.25,1.87,2.28,1.72,2.21,0.24875621890547267,0.2604166666666667,0.53475935828877,0.23828770532603288,0.24945744151319066,0.5122548531607765,7.958333333333333,1.4,1.0,1.2,1.0,1.2,1.5714285714285714,14.4,13.857142857142858,5.0,4.428571428571429,11.6,11.428571428571429,4.6,5.0,1.6,1.4285714285714286,0.2,0.14285714285714285,7.958333333333333,2.0,1.5714285714285714,2.6,2.0,1.6,1.8571428571428572,17.6,17.142857142857142,6.2,6.142857142857143,7.8,8.714285714285714,5.4,5.142857142857143,1.6,1.8571428571428572,0.0,0.0,0.3333333333333333,0.3333333333333333,1.0,1.0,2.0,2.0,2.0,2.0,2.6666666666666665,2.6666666666666665,2.6666666666666665,2.6666666666666665,-0.6000000000000001,-1.4000000000000001
80,2019-10-06 16:30:00,E0,06/10/2019,16:30,Newcastle,Man United,1,0,H,0,0,D,M Dean,12,12,2,3,12,10,4,6,3,3,0,0,4.5,3.5,1.85,4.5,3.4,1.87,4.35,3.4,1.9,4.51,3.51,1.93,4.4,3.4,1.88,4.4,3.4,1.9,4.6,3.55,1.95,4.42,3.44,1.9,2.2,1.66,2.23,1.73,2.23,1.76,2.16,1.71,0.5,2.0,1.93,2.0,1.93,2.02,1.95,1.98,1.9,3.8,3.25,2.05,4.0,3.3,2.05,3.9,3.3,2.05,3.92,3.37,2.12,3.9,3.25,2.05,3.8,3.3,2.1,4.18,3.45,2.14,3.9,3.31,2.08,2.1,1.72,2.2,1.75,2.21,1.8,2.15,1.72,0.25,2.07,1.72,2.13,1.81,2.26,1.83,2.13,1.78,0.22624434389140272,0.29069767441860467,0.5263157894736842,0.216863312407926,0.27864413977995145,0.5044925478121225,7.0,1.0,0.7142857142857143,0.6,0.5714285714285714,1.8,1.8571428571428572,8.6,8.857142857142858,2.6,2.5714285714285716,7.0,8.285714285714286,3.6,4.0,1.4,1.5714285714285714,0.2,0.14285714285714285,5.854166666666667,1.0,1.2857142857142858,0.8,1.2857142857142858,1.2,1.0,15.6,14.0,4.6,4.285714285714286,11.2,11.285714285714286,5.8,5.428571428571429,2.2,2.2857142857142856,0.0,0.0,0.6666666666666666,0.6666666666666666,0.3333333333333333,0.3333333333333333,0.6666666666666666,0.6666666666666666,0.6666666666666666,0.6666666666666666,0.6666666666666666,0.6666666666666666,1.3333333333333333,1.3333333333333333,0.0,-0.20000000000000007
81,2019-10-19 12:30:00,E0,19/10/2019,12:30,Everton,West Ham,2,0,H,1,0,H,P Tierney,19,8,10,4,15,15,11,2,2,2,0,0,1.95,3.75,3.75,1.95,3.6,3.8,1.97,3.65,3.7,1.99,3.76,3.88,1.95,3.6,3.8,1.95,3.75,3.8,2.02,3.9,4.0,1.97,3.71,3.81,1.72,2.1,1.76,2.18,1.8,2.22,1.72,2.14,-0.5,1.99,1.91,1.99,1.93,2.01,1.95,1.97,1.91,1.75,4.0,4.2,1.78,4.0,4.4,1.87,3.8,3.95,1.79,4.15,4.41,1.8,3.9,4.2,1.8,4.0,4.4,2.0,4.2,4.55,1.81,4.0,4.25,1.57,2.37,1.61,2.45,1.68,2.47,1.62,2.33,-0.5,1.72,2.07,1.79,2.15,2.01,2.17,1.8,2.08,0.5076142131979695,0.2695417789757412,0.26246719160104987,0.4882675003022504,0.25926872657558847,0.252463773122161,13.895833333333334,0.6,0.875,1.0,0.75,2.2,1.625,13.6,12.75,4.8,3.75,10.2,11.75,8.0,6.5,1.8,1.875,0.2,0.25,13.791666666666666,1.6,1.5,1.4,1.375,0.8,1.375,13.0,11.75,5.0,5.125,11.0,10.25,4.6,4.625,1.8,1.75,0.2,0.125,1.5,1.5,1.25,1.25,1.75,1.75,1.5,1.5,1.5,1.5,1.0,1.0,-1.0,-0.3999999999999999
82,2019-10-19 15:00:00,E0,19/10/2019,15:00,Aston Villa,Brighton,2,1,H,1,1,D,D Coote,24,20,8,5,9,17,7,5,1,2,0,1,2.35,3.4,3.0,2.4,3.3,3.0,2.35,3.4,3.0,2.39,3.51,3.09,2.35,3.4,3.0,2.38,3.4,3.1,2.45,3.55,3.15,2.38,3.43,3.05,1.8,2.0,1.83,2.09,1.87,2.1,1.82,2.01,-0.25,2.04,1.86,2.07,1.86,2.08,1.89,2.04,1.85,2.3,3.5,3.0,2.4,3.4,3.0,2.35,3.45,3.0,2.43,3.49,3.04,2.38,3.4,3.0,2.4,3.5,3.0,2.45,3.58,3.32,2.39,3.45,3.03,1.8,2.0,1.81,2.11,1.86,2.17,1.79,2.04,-0.25,2.09,1.81,2.1,1.83,2.16,1.9,2.07,1.83,0.42016806722689076,0.29154518950437314,0.3278688524590164,0.404170159829083,0.28044460069773103,0.31538523947318614,14.0,1.0,1.0,1.8,1.625,1.4,1.5,14.4,13.5,6.2,5.625,14.2,12.5,4.2,3.875,2.2,1.625,0.2,0.125,14.104166666666666,1.0,1.125,0.8,1.0,1.4,1.25,12.2,11.75,3.4,3.375,10.2,10.25,2.6,3.875,1.4,1.125,0.0,0.125,1.25,1.25,1.25,1.25,1.0,1.0,1.0,1.0,0.75,0.75,1.5,1.5,0.0,1.0
83,2019-10-19 15:00:00,E0,19/10/2019,15:00,Bournemouth,Norwich,0,0,D,0,0,D,L Mason,11,10,2,1,8,11,6,7,1,3,0,0,1.72,4.2,4.2,1.72,4.2,4.33,1.75,4.0,4.3,1.72,4.47,4.45,1.73,4.2,4.33,1.7,4.33,4.5,1.78,4.6,4.5,1.73,4.33,4.35,1.4,3.0,1.42,3.1,1.45,3.1,1.41,2.94,-0.75,1.89,2.01,1.91,2.01,1.95,2.04,1.9,1.98,1.72,4.2,4.2,1.72,4.33,4.4,1.7,4.0,4.6,1.78,4.18,4.42,1.73,4.2,4.33,1.75,4.3,4.2,1.82,4.45,4.62,1.76,4.24,4.29,1.4,3.0,1.43,3.03,1.45,3.22,1.41,2.93,-0.75,1.96,1.94,2.0,1.93,2.01,2.03,1.95,1.93,0.5780346820809249,0.23094688221709006,0.2298850574712644,0.5564089460266632,0.22230657658802017,0.22128447738531667,13.041666666666666,1.4,1.375,1.8,1.625,1.6,1.625,10.0,10.625,3.6,4.0,7.6,8.5,5.6,5.0,2.2,2.0,0.0,0.0,14.0,0.6,0.75,0.8,1.25,2.6,2.625,11.4,11.25,3.2,4.25,10.4,9.875,4.6,4.125,1.4,1.375,0.0,0.0,1.25,1.25,1.75,1.75,1.75,1.75,0.0,0.0,0.25,0.25,2.5,2.5,0.7999999999999999,1.0
84,2019-10-19 15:00:00,E0,19/10/2019,15:00,Chelsea,Newcastle,1,0,H,0,0,D,A Marriner,16,5,8,0,9,12,11,0,2,1,0,0,1.3,5.5,10.0,1.3,5.5,10.0,1.3,5.5,9.6,1.32,5.7,10.32,1.29,5.5,11.0,1.29,5.75,11.5,1.34,5.9,12.0,1.31,5.62,10.38,1.57,2.37,1.61,2.46,1.65,2.47,1.59,2.38,-1.5,1.89,2.01,1.91,2.02,1.95,2.04,1.88,2.0,1.25,6.0,11.0,1.28,5.75,12.0,1.3,5.5,9.6,1.27,6.4,11.56,1.27,6.0,11.0,1.29,6.0,11.0,1.3,6.5,12.0,1.28,6.01,10.93,1.53,2.5,1.52,2.69,1.57,2.69,1.52,2.54,-1.5,1.83,2.07,1.85,2.08,1.89,2.13,1.83,2.06,0.7633587786259541,0.17793594306049823,0.09633911368015413,0.7356725972185089,0.17148240255449232,0.09284500022699871,13.041666666666666,2.0,1.75,2.8,2.25,1.4,1.75,15.6,16.625,6.0,6.25,9.0,9.5,4.6,5.0,1.6,1.75,0.0,0.0,12.9375,1.0,1.0,0.6,0.625,1.8,1.625,9.4,9.25,2.4,2.5,8.4,8.75,3.2,4.0,1.6,1.75,0.2,0.125,1.25,1.25,1.5,1.5,1.25,1.25,0.75,0.75,0.75,0.75,2.75,2.75,1.0,2.1999999999999997
85,2019-10-19 15:00:00,E0,19/10/2019,15:00,Leicester,Burnley,2,1,H,1,1,D,J Moss,19,13,3,4,4,10,9,4,0,3,0,0,1.57,4.0,6.0,1.55,4.0,6.5,1.57,4.05,6.1,1.57,4.12,6.69,1.55,4.0,6.5,1.55,4.1,6.5,1.62,4.3,6.8,1.57,4.09,6.37,1.9,1.9,2.0,1.92,2.01,1.95,1.94,1.89,-1.0,2.0,1.9,2.01,1.92,2.03,1.92,1.99,1.89,1.45,4.33,7.0,1.5,4.33,7.0,1.55,4.0,6.2,1.5,4.48,7.15,1.47,4.33,7.5,1.5,4.4,7.0,1.55,4.59,7.5,1.5,4.41,6.85,1.66,2.2,1.72,2.25,1.85,2.29,1.73,2.14,-1.0,1.78,2.13,1.83,2.09,1.9,2.16,1.81,2.09,0.6369426751592356,0.24449877750611249,0.15698587127158556,0.6133724146861131,0.2354510247083613,0.15117656060552553,14.0,1.8,1.75,2.2,1.75,1.0,0.875,10.6,11.25,4.2,3.375,13.6,11.375,7.2,7.125,1.8,1.125,0.0,0.0,14.0,1.6,1.5,1.2,1.375,1.2,1.125,9.2,10.875,3.0,3.5,9.8,9.625,5.8,5.125,1.6,1.375,0.0,0.0,2.5,2.5,2.5,2.5,0.5,0.5,0.75,0.75,1.25,1.25,1.5,1.5,0.19999999999999996,1.0000000000000002
86,2019-10-19 15:00:00,E0,19/10/2019,15:00,Tottenham,Watford,1,1,D,0,1,A,C Kavanagh,12,7,2,2,5,9,11,2,4,3,0,0,1.4,5.0,7.5,1.42,4.75,7.25,1.45,4.5,7.0,1.43,5.0,7.67,1.4,4.8,8.0,1.4,5.0,8.0,1.45,5.1,8.0,1.42,4.9,7.48,1.53,2.5,1.54,2.64,1.57,2.64,1.53,2.52,-1.25,1.93,1.97,1.94,1.98,1.95,1.99,1.92,1.96,1.45,4.5,7.0,1.45,4.75,7.0,1.45,4.5,7.0,1.53,4.35,6.74,1.47,4.4,7.0,1.5,4.6,6.5,1.55,4.75,7.1,1.51,4.49,6.54,1.57,2.37,1.65,2.38,1.65,2.5,1.58,2.39,-1.0,1.86,2.04,1.9,2.02,1.91,2.1,1.84,2.04,0.7042253521126761,0.2040816326530612,0.1336898395721925,0.675842128943273,0.19585629042845865,0.12830158062826835,14.104166666666666,1.4,1.375,1.8,1.75,1.6,1.5,10.8,13.125,5.0,4.5,12.6,11.25,4.4,5.5,2.4,1.875,0.2,0.125,14.0,0.6,0.375,0.6,0.5,2.6,2.5,14.2,14.125,4.2,3.625,9.4,10.625,5.8,6.125,1.8,1.625,0.0,0.0,2.25,2.25,2.25,2.25,0.75,0.75,0.25,0.25,0.25,0.25,3.0,3.0,0.7999999999999999,1.2000000000000002
87,2019-10-19 15:00:00,E0,19/10/2019,15:00,Wolves,Southampton,1,1,D,0,0,D,P Bankes,4,14,1,5,10,17,1,3,3,2,0,0,1.8,3.6,4.5,1.83,3.5,4.5,1.85,3.5,4.4,1.88,3.61,4.61,1.83,3.5,4.5,1.85,3.5,4.75,1.9,3.75,4.75,1.85,3.58,4.52,2.1,1.72,2.17,1.77,2.2,1.82,2.09,1.76,-0.5,1.86,2.04,1.88,2.05,1.88,2.07,1.85,2.03,2.0,3.25,4.0,2.05,3.2,4.1,1.93,3.4,4.15,2.11,3.24,4.1,2.0,3.3,4.0,2.1,3.25,3.9,2.15,3.48,4.25,2.07,3.26,4.03,2.3,1.61,2.36,1.66,2.37,1.77,2.26,1.66,-0.5,2.11,1.79,2.11,1.83,2.16,1.87,2.08,1.81,0.5405405405405405,0.27932960893854747,0.22123893805309736,0.5191968325065937,0.2683000391444688,0.2125031283489377,13.041666666666666,1.4,1.25,1.8,1.375,1.8,1.375,9.2,9.625,3.4,2.875,9.8,11.0,4.6,4.25,1.6,1.5,0.4,0.25,13.041666666666666,0.8,0.875,1.0,1.0,2.0,1.875,14.0,13.375,4.8,4.25,11.2,11.0,4.2,4.75,1.0,1.25,0.2,0.125,1.25,1.25,1.5,1.5,1.75,1.75,1.5,1.5,1.0,1.0,1.25,1.25,0.5999999999999999,0.8
88,2019-10-19 17:30:00,E0,19/10/2019,17:30,Crystal Palace,Man City,0,2,A,0,2,A,A Taylor,7,21,2,10,8,10,1,8,1,1,0,0,12.0,7.0,1.22,12.5,6.5,1.22,10.0,6.5,1.25,12.88,6.95,1.24,13.0,6.5,1.22,13.0,6.5,1.22,13.0,7.2,1.26,11.88,6.72,1.24,1.44,2.75,1.48,2.86,1.48,3.0,1.44,2.81,1.75,1.98,1.92,2.0,1.93,2.04,1.96,1.99,1.89,11.0,8.0,1.2,13.0,7.0,1.22,10.0,6.5,1.25,12.5,7.64,1.21,11.0,7.0,1.22,11.5,7.5,1.22,14.0,8.0,1.25,12.15,7.23,1.22,1.4,3.0,1.42,3.08,1.45,3.22,1.41,2.91,2.0,1.87,2.03,1.92,2.02,1.95,2.07,1.86,2.01,0.08417508417508417,0.1488095238095238,0.8064516129032259,0.08098148061762372,0.14316368894901338,0.7758548304333629,14.0,2.0,1.75,1.2,1.0,1.2,1.0,13.6,10.625,4.4,3.875,10.8,12.375,5.8,5.0,2.2,2.25,0.0,0.0,13.145833333333334,1.8,2.0,3.4,3.375,1.2,1.125,21.2,21.125,7.2,7.5,8.2,10.125,8.0,7.375,2.2,2.125,0.0,0.0,2.0,2.0,1.0,1.0,0.25,0.25,2.25,2.25,3.25,3.25,1.25,1.25,0.19999999999999996,-2.2
89,2019-10-20 16:30:00,E0,20/10/2019,16:30,Man United,Liverpool,1,1,D,1,0,H,M Atkinson,7,10,2,4,6,14,3,1,0,1,0,0,5.25,3.8,1.65,5.0,4.0,1.67,4.8,3.95,1.7,5.08,4.06,1.71,5.25,4.0,1.63,5.0,3.8,1.7,5.5,4.1,1.74,5.03,3.96,1.7,1.72,2.1,1.79,2.14,1.85,2.14,1.76,2.08,0.75,1.97,1.93,2.0,1.93,2.02,1.95,1.98,1.9,4.0,3.6,1.9,4.1,3.5,1.95,3.6,3.6,2.0,4.19,3.49,2.01,4.0,3.6,1.91,4.1,3.5,1.95,4.3,3.68,2.03,4.06,3.48,1.98,2.0,1.8,2.12,1.81,2.12,1.94,2.02,1.82,0.5,1.9,2.0,1.93,2.01,1.95,2.05,1.9,1.99,0.19880715705765406,0.25252525252525254,0.5882352941176471,0.19124022067053387,0.2429137146395923,0.5658460646898738,14.0,1.0,1.125,0.6,1.125,1.0,1.0,13.6,13.75,4.6,4.125,11.6,11.125,5.4,5.5,2.4,2.375,0.0,0.0,15.0625,3.0,3.0,2.2,2.5,0.6,0.75,15.2,16.375,6.2,6.125,9.4,8.75,5.4,6.625,1.0,0.875,0.0,0.0,1.75,1.75,1.75,1.75,0.75,0.75,3.0,3.0,2.0,2.0,0.5,0.5,-2.0,-1.6
90,2019-10-21 20:00:00,E0,21/10/2019,20:00,Sheffield United,Arsenal,1,0,H,1,0,H,M Dean,8,9,2,3,10,12,7,12,4,4,0,0,3.9,3.75,1.9,3.8,3.75,1.91,3.9,3.75,1.9,3.96,3.83,1.96,3.8,3.75,1.91,3.9,3.75,1.9,4.0,3.94,1.98,3.88,3.79,1.93,1.66,2.2,1.71,2.25,1.75,2.28,1.69,2.19,0.5,1.97,1.93,1.97,1.96,2.0,1.96,1.96,1.92,3.6,3.6,2.0,3.7,3.6,2.05,3.6,3.6,2.0,3.72,3.63,2.08,3.75,3.5,2.0,3.7,3.5,2.05,3.96,3.69,2.12,3.68,3.56,2.06,1.9,1.9,1.91,2.01,2.0,2.05,1.89,1.94,0.25,2.05,1.75,2.15,1.79,2.19,1.83,2.12,1.79,0.2577319587628866,0.2638522427440633,0.5181347150259068,0.2478861879538977,0.2537726673512198,0.49834114469488244,16.208333333333332,1.0,1.125,0.8,0.875,0.8,0.875,9.6,9.875,2.4,2.625,8.8,11.25,6.4,6.375,1.6,1.625,0.2,0.125,15.25,1.8,1.875,1.8,1.625,1.4,1.375,15.8,14.0,5.0,4.875,11.0,10.0,8.4,7.375,2.8,2.5,0.2,0.125,0.75,0.75,0.5,0.5,1.0,1.0,1.25,1.25,1.25,1.25,1.5,1.5,-0.8,-1.0
91,2019-10-25 20:00:00,E0,25/10/2019,20:00,Southampton,Leicester,0,9,A,0,5,A,A Marriner,6,25,3,15,3,12,2,7,0,0,1,0,3.1,3.4,2.3,3.25,3.4,2.3,3.15,3.3,2.3,3.25,3.34,2.38,3.2,3.3,2.3,3.2,3.3,2.38,3.3,3.5,2.45,3.2,3.34,2.36,2.0,1.8,2.05,1.86,2.09,1.88,2.01,1.83,0.25,1.88,2.05,1.88,2.04,1.91,2.06,1.86,2.02,3.1,3.4,2.3,3.2,3.4,2.3,3.05,3.3,2.35,3.13,3.32,2.46,3.25,3.4,2.38,3.13,3.3,2.4,3.25,3.46,2.5,3.13,3.34,2.39,2.0,1.8,2.07,1.85,2.1,1.92,2.02,1.82,0.25,1.83,2.1,1.83,2.1,1.97,2.12,1.84,2.06,0.3125,0.29940119760479045,0.42372881355932207,0.3017486907787952,0.2891005420635164,0.4091507671576884,6.208333333333333,0.8,0.8888888888888888,1.0,1.0,2.0,1.7777777777777777,14.8,13.444444444444445,5.4,4.333333333333333,11.2,11.666666666666666,4.4,4.555555555555555,1.2,1.3333333333333333,0.0,0.1111111111111111,6.208333333333333,1.8,1.8888888888888888,2.0,1.7777777777777777,1.0,0.8888888888888888,11.8,12.11111111111111,3.8,3.3333333333333335,12.6,10.555555555555555,8.2,7.333333333333333,1.6,1.0,0.0,0.0,0.25,0.25,1.0,1.0,2.5,2.5,1.0,1.0,1.0,1.0,1.25,1.25,-1.0,-1.0
92,2019-10-26 12:30:00,E0,26/10/2019,12:30,Man City,Aston Villa,3,0,H,0,0,D,G Scott,25,11,9,5,10,5,13,7,1,1,1,0,1.08,11.0,26.0,1.09,11.0,23.0,1.09,11.0,26.0,1.09,12.5,29.54,1.07,12.0,29.0,1.06,12.0,31.0,1.11,13.25,35.0,1.09,11.64,28.3,1.22,4.33,1.2,5.06,1.22,5.06,1.21,4.45,-3.0,2.0,1.8,2.05,1.87,2.09,1.87,2.04,1.83,1.08,12.0,21.0,1.08,13.0,26.0,1.1,9.1,28.0,1.06,16.5,33.5,1.06,13.0,29.0,1.07,13.0,26.0,1.1,17.0,34.25,1.08,13.96,27.97,1.16,5.0,1.15,5.83,1.2,5.83,1.17,5.01,-3.25,2.07,1.72,2.16,1.78,2.21,1.88,2.15,1.77,0.9174311926605504,0.0859106529209622,0.0353356890459364,0.8832685430032073,0.08271157318500826,0.034019883811784314,6.791666666666667,1.8,2.111111111111111,3.0,3.2222222222222223,1.2,1.0,22.4,21.11111111111111,8.0,7.777777777777778,8.2,10.11111111111111,8.0,7.444444444444445,2.2,2.0,0.0,0.0,6.895833333333333,1.6,1.2222222222222223,2.2,1.6666666666666667,1.4,1.4444444444444444,17.2,14.666666666666666,7.4,5.888888888888889,12.8,12.11111111111111,5.2,4.222222222222222,1.6,1.5555555555555556,0.0,0.1111111111111111,1.75,1.75,3.5,3.5,1.0,1.0,0.75,0.75,2.0,2.0,2.0,2.0,0.19999999999999996,0.7999999999999998
93,2019-10-26 15:00:00,E0,26/10/2019,15:00,Brighton,Everton,3,2,H,1,1,D,A Madley,8,10,4,6,12,12,0,5,2,1,0,0,2.9,3.25,2.5,2.85,3.3,2.55,2.85,3.25,2.55,2.9,3.37,2.6,2.8,3.3,2.55,2.88,3.3,2.6,2.95,3.46,2.65,2.87,3.3,2.58,2.0,1.8,2.09,1.83,2.2,1.83,2.06,1.78,0.0,2.05,1.88,2.07,1.85,2.07,1.9,2.03,1.85,2.62,3.25,2.75,2.65,3.3,2.75,2.6,3.3,2.75,2.76,3.3,2.77,2.62,3.3,2.7,2.63,3.4,2.75,2.8,3.45,2.85,2.68,3.33,2.74,2.0,1.8,2.02,1.89,2.05,1.93,1.98,1.86,0.0,1.95,1.98,1.96,1.97,1.97,2.0,1.92,1.97,0.3484320557491289,0.30303030303030304,0.38759689922480617,0.3353341525664051,0.29163909632290386,0.37302675111069095,7.0,1.0,1.0,1.0,1.0,1.0,1.3333333333333333,15.0,12.666666666666666,4.0,3.5555555555555554,12.4,11.0,3.4,4.0,1.6,1.2222222222222223,0.2,0.2222222222222222,7.104166666666667,0.6,1.1111111111111112,0.8,0.8888888888888888,1.8,1.4444444444444444,14.4,13.444444444444445,5.6,4.444444444444445,10.8,12.11111111111111,8.8,7.0,2.0,1.8888888888888888,0.2,0.2222222222222222,1.25,1.25,1.25,1.25,1.0,1.0,0.25,0.25,0.25,0.25,1.5,1.5,0.4,0.19999999999999996
94,2019-10-26 15:00:00,E0,26/10/2019,15:00,Watford,Bournemouth,0,0,D,0,0,D,M Dean,7,15,3,5,14,8,5,10,5,3,0,0,2.15,3.6,3.25,2.2,3.5,3.2,2.2,3.55,3.25,2.21,3.52,3.44,2.15,3.5,3.3,2.2,3.6,3.25,2.26,3.7,3.44,2.19,3.53,3.31,1.66,2.2,1.74,2.22,1.77,2.3,1.69,2.18,-0.25,1.92,2.01,1.92,2.01,1.95,2.02,1.9,1.98,2.25,3.5,3.1,2.25,3.5,3.2,2.25,3.5,3.05,2.33,3.59,3.12,2.25,3.5,3.1,2.3,3.6,3.1,2.36,3.68,3.3,2.28,3.54,3.14,1.66,2.2,1.73,2.23,1.82,2.3,1.7,2.19,-0.25,2.04,1.89,2.03,1.9,2.05,1.95,2.0,1.9,0.4566210045662101,0.28328611898017,0.3021148036253776,0.43820671394657196,0.27186195567790156,0.28993133037552643,7.0,0.6,0.4444444444444444,0.6,0.5555555555555556,2.6,2.3333333333333335,13.0,13.333333333333334,4.0,3.4444444444444446,9.0,10.444444444444445,5.2,5.666666666666667,1.8,1.7777777777777777,0.0,0.0,7.0,1.6,1.3333333333333333,1.6,1.4444444444444444,1.0,1.4444444444444444,10.6,10.666666666666666,3.6,3.7777777777777777,7.0,8.444444444444445,5.8,5.111111111111111,1.8,1.8888888888888888,0.0,0.0,0.5,0.5,0.75,0.75,2.0,2.0,1.5,1.5,1.5,1.5,1.5,1.5,-1.0,-1.0
95,2019-10-26 15:00:00,E0,26/10/2019,15:00,West Ham,Sheffield United,1,1,D,1,0,H,D Coote,12,10,4,4,7,10,10,4,2,2,0,0,2.1,3.5,3.5,2.05,3.5,3.6,2.1,3.45,3.6,2.15,3.46,3.66,2.1,3.4,3.6,2.1,3.5,3.6,2.18,3.6,3.7,2.11,3.46,3.6,1.9,1.9,1.93,1.98,1.95,2.03,1.88,1.95,-0.25,1.75,2.05,1.85,2.07,1.87,2.11,1.83,2.06,2.2,3.4,3.25,2.2,3.4,3.4,2.25,3.4,3.2,2.29,3.4,3.39,2.25,3.4,3.25,2.25,3.4,3.3,2.39,3.5,3.5,2.27,3.41,3.28,1.9,1.9,1.96,1.96,1.96,2.05,1.88,1.95,-0.25,1.99,1.94,1.97,1.96,2.02,2.05,1.97,1.93,0.47393364928909953,0.28901734104046245,0.2777777777777778,0.45538632524878814,0.277706689674839,0.26690698507637306,7.104166666666667,1.0,1.3333333333333333,1.0,1.2222222222222223,1.2,1.4444444444444444,11.0,11.333333333333334,4.2,5.0,10.8,10.777777777777779,3.4,4.333333333333333,1.8,1.7777777777777777,0.2,0.1111111111111111,4.791666666666667,1.4,1.3333333333333333,0.6,0.8888888888888888,0.4,0.7777777777777778,9.6,9.666666666666666,2.4,2.5555555555555554,8.6,11.11111111111111,7.0,6.444444444444445,2.2,1.8888888888888888,0.2,0.1111111111111111,1.5,1.5,1.25,1.25,1.75,1.75,1.5,1.5,1.25,1.25,0.75,0.75,-0.3999999999999999,0.4
96,2019-10-26 17:30:00,E0,26/10/2019,17:30,Burnley,Chelsea,2,4,A,0,2,A,M Oliver,13,16,5,7,7,8,5,6,3,2,0,0,4.5,4.0,1.72,4.5,3.9,1.75,4.5,3.95,1.73,4.61,4.17,1.75,4.6,4.0,1.73,4.6,4.0,1.75,4.8,4.25,1.8,4.53,4.02,1.75,1.66,2.2,1.68,2.32,1.71,2.32,1.66,2.25,0.75,1.94,1.99,1.95,1.98,1.96,2.0,1.93,1.96,4.75,4.1,1.66,4.75,4.1,1.7,4.6,3.8,1.75,5.06,4.07,1.71,5.5,4.0,1.67,5.4,3.9,1.67,5.7,4.2,1.75,5.05,4.01,1.69,1.9,1.9,1.92,2.0,1.96,2.2,1.83,2.02,1.0,1.67,2.15,1.71,2.29,1.8,2.3,1.7,2.24,0.22075055187637968,0.24875621890547267,0.5714285714285714,0.21206941769083987,0.23897374680087183,0.5489568355082883,7.104166666666667,1.6,1.3333333333333333,1.4,1.3333333333333333,1.0,1.2222222222222223,10.4,11.11111111111111,3.4,3.5555555555555554,9.8,9.666666666666666,5.4,5.0,2.2,1.5555555555555556,0.0,0.0,7.104166666666667,2.4,1.8888888888888888,2.6,2.111111111111111,1.0,1.5555555555555556,16.2,16.555555555555557,6.6,6.444444444444445,9.6,9.444444444444445,6.2,5.666666666666667,2.0,1.7777777777777777,0.0,0.0,2.25,2.25,1.5,1.5,0.75,0.75,2.25,2.25,3.0,3.0,2.25,2.25,-0.7999999999999998,-1.2000000000000002
97,2019-10-27 14:00:00,E0,27/10/2019,14:00,Newcastle,Wolves,1,1,D,1,0,H,K Friend,13,13,2,5,8,15,3,6,2,2,1,0,3.0,3.1,2.55,2.9,3.1,2.6,3.0,3.0,2.55,3.09,3.11,2.62,3.0,3.1,2.55,3.0,3.0,2.6,3.1,3.2,2.7,3.02,3.09,2.59,2.5,1.53,2.61,1.55,2.61,1.58,2.49,1.54,0.0,2.11,1.82,2.13,1.81,2.14,1.84,2.09,1.8,3.4,3.0,2.35,3.2,3.2,2.4,3.4,3.05,2.35,3.48,3.09,2.42,3.4,3.2,2.4,3.4,3.0,2.4,3.55,3.2,2.7,3.4,3.07,2.39,2.5,1.53,2.6,1.56,2.65,1.6,2.49,1.55,0.25,1.89,2.04,1.89,2.05,1.9,2.25,1.86,2.03,0.33112582781456956,0.3236245954692557,0.3861003861003861,0.31812996140193267,0.31092313379735814,0.3709469048007091,7.958333333333333,0.8,0.8888888888888888,0.4,0.5555555555555556,1.8,1.5555555555555556,7.8,8.777777777777779,1.4,2.2222222222222223,9.8,9.11111111111111,2.0,3.5555555555555554,1.4,1.6666666666666667,0.2,0.1111111111111111,7.958333333333333,1.6,1.2222222222222223,1.6,1.3333333333333333,1.4,1.3333333333333333,8.4,9.0,2.6,2.6666666666666665,9.4,10.88888888888889,3.4,3.888888888888889,1.4,1.6666666666666667,0.2,0.2222222222222222,1.25,1.25,0.5,0.5,0.5,0.5,1.25,1.25,1.25,1.25,1.0,1.0,-0.8,-1.2000000000000002
98,2019-10-27 16:30:00,E0,27/10/2019,16:30,Arsenal,Crystal Palace,2,2,D,2,1,H,M Atkinson,15,10,6,4,18,9,12,5,2,0,0,0,1.45,4.75,6.5,1.45,4.75,6.5,1.5,4.6,6.1,1.51,4.66,6.54,1.47,4.6,6.5,1.45,4.6,7.0,1.54,4.8,7.0,1.49,4.63,6.49,1.53,2.5,1.56,2.57,1.56,2.63,1.52,2.53,-1.25,2.05,1.88,2.09,1.83,2.09,1.89,2.04,1.84,1.44,4.75,6.5,1.48,4.75,6.5,1.48,4.6,6.2,1.48,4.79,6.92,1.44,4.6,7.0,1.44,4.8,7.0,1.54,4.9,7.2,1.48,4.71,6.63,1.53,2.5,1.54,2.63,1.6,2.69,1.53,2.51,-1.25,2.04,1.89,2.04,1.88,2.07,1.91,2.02,1.87,0.6711409395973155,0.2159827213822894,0.15408320493066255,0.64457982517295,0.20743497613557138,0.1479851986914785,5.854166666666667,1.6,1.6666666666666667,1.4,1.4444444444444444,1.2,1.3333333333333333,12.4,13.444444444444445,4.0,4.666666666666667,10.8,10.222222222222221,8.6,7.888888888888889,3.0,2.6666666666666665,0.2,0.1111111111111111,7.958333333333333,1.4,1.5555555555555556,1.0,0.8888888888888888,1.6,1.1111111111111112,10.6,10.222222222222221,3.8,3.6666666666666665,9.4,11.88888888888889,3.4,4.555555555555555,2.0,2.111111111111111,0.0,0.0,2.5,2.5,2.0,2.0,1.25,1.25,1.5,1.5,1.0,1.0,1.75,1.75,0.20000000000000018,0.3999999999999999
99,2019-10-27 16:30:00,E0,27/10/2019,16:30,Liverpool,Tottenham,2,1,H,0,1,A,A Taylor,21,11,13,4,9,11,8,3,3,3,0,0,1.5,4.33,6.5,1.5,4.5,6.25,1.55,4.4,5.8,1.55,4.48,6.22,1.52,4.4,6.0,1.53,4.4,6.0,1.57,4.65,6.5,1.54,4.45,6.11,1.53,2.5,1.57,2.55,1.57,2.6,1.53,2.51,-1.0,1.92,2.01,1.93,2.0,1.94,2.06,1.87,2.0,1.45,4.75,6.5,1.48,4.75,6.5,1.55,4.5,5.4,1.47,5.04,6.57,1.44,4.75,7.0,1.45,4.8,7.0,1.55,5.09,7.3,1.48,4.8,6.44,1.4,3.0,1.42,3.09,1.5,3.22,1.42,2.88,-1.25,2.02,1.91,2.04,1.89,2.06,1.92,2.01,1.88,0.6493506493506493,0.2247191011235955,0.1636661211129296,0.6257378848796025,0.2165474927448512,0.1577146223755463,7.0,2.6,2.7777777777777777,1.8,2.3333333333333335,0.8,0.7777777777777778,14.2,15.666666666666666,5.6,5.888888888888889,9.0,9.333333333333334,4.8,6.0,1.2,0.8888888888888888,0.0,0.0,8.0625,1.4,1.3333333333333333,1.6,1.6666666666666667,1.4,1.4444444444444444,10.6,13.0,3.6,4.222222222222222,9.8,10.555555555555555,5.4,6.111111111111111,2.2,2.111111111111111,0.2,0.1111111111111111,3.0,3.0,3.0,3.0,1.0,1.0,0.5,0.5,1.25,1.25,2.25,2.25,1.2000000000000002,0.19999999999999996
100,2019-10-27 16:30:00,E0,27/10/2019,16:30,Norwich,Man United,1,3,A,0,2,A,S Attwell,10,21,3,11,13,10,1,10,2,2,0,0,4.33,4.0,1.75,4.33,4.0,1.75,4.25,3.85,1.8,4.37,3.96,1.83,4.33,3.9,1.78,4.3,3.8,1.8,4.65,4.1,1.87,4.36,3.91,1.8,1.66,2.2,1.72,2.24,1.72,2.3,1.67,2.22,0.75,1.86,2.07,1.85,2.07,1.92,2.09,1.85,2.04,4.5,3.8,1.75,4.5,3.7,1.83,4.45,3.65,1.8,4.72,3.73,1.83,4.75,3.7,1.75,4.75,3.7,1.8,5.05,3.9,1.91,4.53,3.73,1.82,1.9,1.9,1.97,1.94,2.0,2.05,1.91,1.92,0.75,1.86,2.07,1.85,2.07,1.94,2.15,1.84,2.06,0.2293577981651376,0.2557544757033248,0.5555555555555556,0.22039481924994364,0.24575995190019292,0.5338452288498635,8.0625,0.8,0.7777777777777778,0.8,1.1111111111111112,2.2,2.3333333333333335,11.8,11.11111111111111,2.8,3.888888888888889,10.6,10.0,5.6,4.444444444444445,1.8,1.5555555555555556,0.0,0.0,7.0,1.0,1.1111111111111112,0.6,1.1111111111111112,1.0,1.0,10.8,13.0,3.4,3.888888888888889,11.4,10.555555555555555,5.4,5.222222222222222,2.0,2.111111111111111,0.0,0.0,1.5,1.5,2.25,2.25,2.75,2.75,0.5,0.5,0.5,0.5,1.25,1.25,-0.19999999999999996,0.20000000000000007
101,2019-11-02 12:30:00,E0,02/11/2019,12:30,Bournemouth,Man United,1,0,H,1,0,H,C Kavanagh,12,15,6,4,14,12,4,10,4,3,0,0,3.25,3.6,2.15,3.25,3.6,2.15,3.3,3.5,2.15,3.41,3.6,2.19,3.3,3.5,2.15,3.4,3.5,2.15,3.44,3.7,2.26,3.33,3.55,2.19,1.9,1.9,1.91,2.01,1.91,2.06,1.84,1.99,0.25,2.02,1.91,2.02,1.91,2.04,1.95,1.99,1.89,3.5,3.6,2.05,3.6,3.6,2.05,3.5,3.45,2.1,3.67,3.6,2.11,3.8,3.6,2.05,3.75,3.5,2.05,3.96,3.7,2.15,3.61,3.56,2.09,1.9,1.9,1.99,1.93,2.04,2.08,1.94,1.89,0.5,1.8,2.0,1.83,2.11,1.85,2.14,1.81,2.09,0.3003003003003003,0.28169014084507044,0.4566210045662101,0.289136328643631,0.27121802095303976,0.4396456504033293,6.895833333333333,1.2,1.3,1.0,1.3,0.8,1.3,11.0,11.1,3.4,3.9,7.6,8.4,6.4,5.6,2.4,2.0,0.0,0.0,5.833333333333333,1.0,1.3,1.0,1.3,1.2,1.0,13.0,13.8,4.6,4.6,10.6,10.5,6.8,5.7,2.2,2.1,0.0,0.0,1.2,1.2,1.4,1.4,1.4,1.4,1.0,1.0,1.0,1.0,1.2,1.2,0.19999999999999996,0.0
102,2019-11-02 15:00:00,E0,02/11/2019,15:00,Arsenal,Wolves,1,1,D,1,0,H,M Oliver,10,25,4,8,6,15,8,9,0,2,0,0,1.75,3.75,4.75,1.78,3.7,4.6,1.77,3.8,4.4,1.79,3.81,4.81,1.75,3.7,4.75,1.75,3.8,4.8,1.83,4.0,4.85,1.78,3.8,4.65,1.72,2.1,1.78,2.16,1.78,2.2,1.74,2.12,-0.75,2.01,1.92,2.03,1.89,2.03,1.93,2.0,1.89,1.72,3.9,4.5,1.7,3.9,5.0,1.75,3.85,4.55,1.76,3.95,4.87,1.73,3.8,4.75,1.75,3.9,4.75,1.83,4.0,5.1,1.75,3.87,4.71,1.66,2.2,1.68,2.31,1.75,2.37,1.69,2.2,-0.75,1.99,1.94,1.97,1.96,2.03,1.97,1.97,1.92,0.5617977528089888,0.2631578947368421,0.2150537634408602,0.5401852587814497,0.2530341475344685,0.20678059368408178,5.9375,1.6,1.6,1.4,1.5,1.2,1.4,13.4,13.6,4.4,4.8,13.6,11.0,10.8,8.3,2.8,2.6,0.2,0.1,6.041666666666667,1.8,1.2,1.4,1.3,0.6,1.3,8.8,9.4,2.8,2.9,10.8,11.3,3.2,4.1,1.6,1.7,0.2,0.2,2.2,2.2,2.0,2.0,1.4,1.4,1.2,1.2,1.2,1.2,1.0,1.0,-0.19999999999999996,0.0
103,2019-11-02 15:00:00,E0,02/11/2019,15:00,Aston Villa,Liverpool,1,2,A,1,0,H,J Moss,5,25,2,6,12,9,2,10,1,2,0,0,9.0,5.0,1.33,9.25,5.0,1.35,7.9,5.3,1.36,8.36,5.63,1.36,8.5,5.25,1.35,9.0,5.5,1.33,9.25,5.7,1.39,8.4,5.37,1.36,1.44,2.75,1.47,2.88,1.53,2.88,1.47,2.71,1.5,1.9,2.03,1.89,2.03,1.95,2.04,1.89,2.0,9.0,6.0,1.28,9.5,6.0,1.3,8.0,5.3,1.35,10.13,6.57,1.28,9.5,6.0,1.29,10.5,6.0,1.29,10.5,6.95,1.35,9.45,6.14,1.3,1.4,3.0,1.4,3.16,1.44,3.22,1.41,2.94,1.75,1.82,1.97,1.85,2.07,1.88,2.1,1.85,2.04,0.11904761904761904,0.186219739292365,0.7352941176470588,0.11440709827806603,0.17896082412211448,0.7066320775998196,7.104166666666667,1.4,1.1,2.2,1.5,2.0,1.6,17.4,14.3,7.4,5.8,11.2,11.4,6.2,4.5,1.4,1.5,0.0,0.1,5.9375,2.6,2.8,1.6,2.3,0.8,0.8,14.2,16.2,6.4,6.6,9.8,9.3,4.4,6.2,1.8,1.1,0.0,0.0,1.6,1.6,1.4,1.4,1.0,1.0,2.6,2.6,1.8,1.8,0.6,0.6,-1.2000000000000002,0.6000000000000001
104,2019-11-02 15:00:00,E0,02/11/2019,15:00,Brighton,Norwich,2,0,H,0,0,D,K Friend,21,7,5,0,11,8,8,3,0,1,0,0,1.72,4.2,4.33,1.72,4.2,4.33,1.7,4.05,4.6,1.71,4.24,4.8,1.65,4.2,4.75,1.7,4.0,5.0,1.75,4.4,5.0,1.71,4.17,4.65,1.66,2.2,1.67,2.35,1.7,2.35,1.66,2.25,-0.75,1.92,2.01,1.92,2.01,1.93,2.02,1.89,1.99,1.55,4.33,5.5,1.6,4.4,5.25,1.75,3.9,4.4,1.57,4.56,5.8,1.55,4.4,5.5,1.57,4.33,5.75,1.75,4.7,5.87,1.59,4.44,5.43,1.57,2.37,1.58,2.52,1.63,2.55,1.58,2.4,-1.0,2.0,1.93,2.0,1.93,2.25,1.95,2.0,1.89,0.5847953216374269,0.23980815347721823,0.2150537634408602,0.5624885779181786,0.23066078375062005,0.20685063833120118,7.0,1.4,1.2,1.4,1.2,1.2,1.4,13.8,12.2,3.8,3.6,12.2,11.1,2.8,3.6,2.0,1.3,0.2,0.2,5.9375,0.2,0.7,0.4,1.1,2.4,2.4,12.4,11.0,2.8,3.8,11.6,10.3,5.2,4.1,1.6,1.6,0.0,0.0,1.6,1.6,1.6,1.6,1.2,1.2,0.2,0.2,0.2,0.2,2.0,2.0,1.2,0.9999999999999999
105,2019-11-02 15:00:00,E0,02/11/2019,15:00,Man City,Southampton,2,1,H,0,1,A,L Mason,26,3,4,3,11,10,17,0,3,1,0,0,1.07,13.0,23.0,1.09,11.0,23.0,1.08,11.0,27.0,1.08,13.13,33.77,1.06,12.0,36.0,1.07,12.0,41.0,1.11,13.5,41.0,1.08,11.99,29.72,1.22,4.33,1.21,4.86,1.25,4.86,1.22,4.27,-3.0,2.0,1.8,2.09,1.83,2.12,1.88,2.07,1.81,1.07,13.0,23.0,1.07,13.0,31.0,1.1,9.1,28.0,1.07,14.49,36.78,1.06,13.0,34.0,1.05,13.0,34.0,1.1,15.0,38.0,1.07,12.93,31.81,1.22,4.33,1.19,5.2,1.22,5.2,1.2,4.48,-3.0,1.96,1.97,1.96,1.96,2.25,1.99,1.97,1.91,0.9259259259259258,0.08340283569641367,0.033647375504710635,0.8877728770252145,0.07996619743012774,0.03226092554465786,7.104166666666667,2.4,2.2,3.2,3.2,0.6,0.9,22.4,21.5,8.2,7.9,8.8,10.1,7.4,8.0,2.2,1.9,0.2,0.1,7.791666666666667,0.2,0.8,0.8,0.9,3.8,2.5,13.8,12.7,4.6,4.2,10.4,10.8,3.6,4.3,1.0,1.2,0.2,0.2,2.0,2.0,3.4,3.4,0.8,0.8,1.4,1.4,1.0,1.0,1.2,1.2,2.1999999999999997,2.4000000000000004
106,2019-11-02 15:00:00,E0,02/11/2019,15:00,Sheffield United,Burnley,3,0,H,3,0,H,S Hooper,13,6,6,0,8,12,7,6,1,2,0,0,2.25,3.2,3.4,2.2,3.2,3.5,2.25,3.15,3.45,2.33,3.26,3.43,2.25,3.2,3.4,2.25,3.2,3.5,2.34,3.32,3.6,2.26,3.22,3.46,2.3,1.61,2.39,1.65,2.45,1.66,2.33,1.62,-0.25,1.96,1.97,2.0,1.93,2.0,1.98,1.94,1.94,2.25,3.25,3.25,2.25,3.2,3.5,2.25,3.1,3.45,2.29,3.22,3.58,2.2,3.2,3.5,2.2,3.2,3.6,2.38,3.34,3.65,2.27,3.17,3.5,2.37,1.57,2.47,1.61,2.55,1.65,2.4,1.58,-0.25,1.93,2.0,1.95,1.98,1.98,2.03,1.93,1.97,0.4424778761061947,0.3105590062111801,0.28901734104046245,0.42462077902279144,0.29802576415885357,0.2773534568183551,7.0,1.6,1.3,0.8,0.9,0.4,0.8,8.2,9.7,2.4,2.7,8.6,11.0,5.4,6.2,2.4,1.9,0.0,0.1,6.895833333333333,1.4,1.2,1.6,1.4,1.6,1.5,11.6,11.3,4.2,3.7,9.8,9.4,5.2,5.0,2.4,1.7,0.0,0.0,1.2,1.2,0.6,0.6,0.8,0.8,0.6,0.6,1.2,1.2,1.6,1.6,0.20000000000000018,-0.8
107,2019-11-02 15:00:00,E0,02/11/2019,15:00,West Ham,Newcastle,2,3,A,0,2,A,S Attwell,16,12,6,9,10,7,7,3,2,1,0,0,1.75,3.8,4.5,1.8,3.8,4.25,1.77,3.7,4.6,1.79,3.87,4.69,1.78,3.75,4.5,1.8,3.75,4.75,1.84,3.95,4.75,1.79,3.82,4.55,1.8,2.0,1.85,2.07,1.9,2.07,1.83,2.0,-0.75,2.02,1.91,2.05,1.87,2.06,1.92,2.02,1.86,1.75,3.8,4.5,1.83,3.8,4.33,1.85,3.6,4.3,1.89,3.64,4.48,1.8,3.75,4.33,1.85,3.75,4.33,1.92,3.9,4.8,1.85,3.73,4.36,1.8,2.0,1.85,2.06,1.87,2.11,1.8,2.03,-0.5,1.89,2.04,1.89,2.03,1.9,2.09,1.86,2.03,0.5586592178770949,0.2617801047120419,0.21978021978021978,0.5370589525790015,0.25165851442838033,0.2112825329926182,7.0,1.0,1.3,1.2,1.2,1.4,1.4,10.8,11.4,4.8,4.9,9.8,10.4,4.6,4.9,2.0,1.8,0.0,0.1,6.041666666666667,1.0,0.9,0.4,0.6,1.4,1.5,8.8,9.2,1.6,2.2,10.6,9.0,2.4,3.5,1.8,1.7,0.4,0.2,1.4,1.4,1.2,1.2,1.6,1.6,0.6,0.6,0.6,0.6,2.4,2.4,0.0,0.7999999999999999
108,2019-11-02 17:30:00,E0,02/11/2019,17:30,Watford,Chelsea,1,2,A,0,1,A,A Taylor,12,16,3,10,8,5,1,6,4,2,0,0,5.0,4.33,1.61,4.75,4.2,1.65,4.9,4.2,1.65,5.13,4.21,1.68,5.0,4.2,1.63,5.25,4.1,1.65,5.25,4.5,1.7,4.99,4.24,1.65,1.61,2.3,1.7,2.29,1.7,2.4,1.63,2.29,1.0,1.75,2.05,1.79,2.15,1.81,2.19,1.78,2.11,5.0,4.33,1.6,5.25,4.25,1.62,4.9,4.15,1.65,5.34,4.43,1.63,5.25,4.33,1.63,5.5,4.3,1.6,5.6,4.49,1.68,5.17,4.29,1.63,1.61,2.3,1.66,2.35,1.68,2.47,1.63,2.3,1.0,1.86,2.07,1.85,2.09,1.87,2.12,1.83,2.06,0.2004008016032064,0.23584905660377356,0.6060606060606061,0.19226594040195563,0.22627524589758458,0.5814588137004598,7.104166666666667,0.6,0.5,0.2,0.5,2.2,2.1,8.2,12.7,3.2,3.4,9.0,10.8,4.8,5.6,2.2,2.1,0.0,0.0,7.0,2.4,2.0,2.4,2.3,1.0,1.6,16.4,16.5,6.8,6.5,9.0,9.3,6.4,5.7,2.0,1.8,0.0,0.0,0.6,0.6,0.6,0.6,1.6,1.6,2.4,2.4,3.2,3.2,2.2,2.2,-1.7999999999999998,-2.1999999999999997
109,2019-11-03 14:00:00,E0,03/11/2019,14:00,Crystal Palace,Leicester,0,2,A,0,0,D,P Tierney,12,14,3,5,15,16,5,6,2,2,0,0,3.5,3.4,2.1,3.5,3.3,2.15,3.45,3.4,2.15,3.57,3.42,2.2,3.4,3.4,2.15,3.5,3.3,2.15,3.65,3.5,2.25,3.5,3.38,2.17,2.0,1.8,2.13,1.8,2.13,1.83,2.05,1.78,0.25,2.05,1.88,2.03,1.89,2.06,1.9,2.02,1.86,3.6,3.4,2.05,3.75,3.4,2.1,3.65,3.4,2.1,3.86,3.62,2.05,3.7,3.4,2.05,3.8,3.4,2.05,3.87,3.65,2.15,3.74,3.49,2.07,1.9,1.9,1.94,1.98,2.1,2.05,1.94,1.89,0.5,1.89,2.04,1.88,2.05,1.9,2.1,1.84,2.05,0.2857142857142857,0.2958579881656805,0.4608294930875576,0.27409228837501304,0.28382337553625614,0.44208433608873077,6.895833333333333,1.6,1.5,1.4,1.0,1.2,1.2,10.4,10.2,3.4,3.7,9.0,11.6,3.8,4.6,1.6,1.9,0.0,0.0,8.75,2.4,2.0,3.8,2.5,0.8,0.8,15.0,13.4,6.2,4.5,12.2,10.7,7.8,7.3,1.2,0.9,0.0,0.0,1.6,1.6,0.8,0.8,0.6,0.6,1.4,1.4,2.6,2.6,1.0,1.0,-0.7999999999999998,-2.4
110,2019-11-03 16:30:00,E0,03/11/2019,16:30,Everton,Tottenham,1,1,D,0,0,D,M Atkinson,7,4,3,2,9,8,5,2,1,2,0,1,2.7,3.4,2.6,2.8,3.4,2.5,2.65,3.5,2.55,2.74,3.55,2.63,2.7,3.5,2.55,2.7,3.5,2.55,2.82,3.6,2.68,2.73,3.49,2.57,1.72,2.1,1.75,2.19,1.8,2.19,1.74,2.11,0.0,2.0,1.93,2.01,1.93,2.03,1.93,1.98,1.89,2.5,3.6,2.7,2.45,3.6,2.8,2.5,3.6,2.7,2.54,3.62,2.82,2.5,3.5,2.75,2.45,3.6,2.75,2.63,3.68,2.99,2.49,3.58,2.79,1.61,2.3,1.67,2.34,1.7,2.47,1.64,2.28,0.0,1.85,2.08,1.86,2.07,2.0,2.11,1.85,2.04,0.3663003663003663,0.28653295128939826,0.38910505836575876,0.3515566512889457,0.27499990201112373,0.3734434466999307,8.0625,0.6,1.0,1.0,1.0,1.8,1.6,13.6,13.1,5.8,4.6,10.4,12.1,8.4,6.8,1.4,1.8,0.2,0.2,7.0,0.8,1.2,1.0,1.6,1.8,1.5,10.2,12.8,3.4,4.2,8.2,10.6,5.2,5.8,2.0,2.2,0.2,0.1,1.8,1.8,1.4,1.4,1.4,1.4,0.4,0.4,1.2,1.2,2.2,2.2,-0.20000000000000007,0.0
111,2019-11-08 20:00:00,E0,08/11/2019,20:00,Norwich,Watford,0,2,A,0,1,A,A Marriner,17,12,5,2,7,13,10,4,1,2,0,1,2.7,3.5,2.55,2.7,3.5,2.6,2.6,3.55,2.55,2.7,3.58,2.65,2.62,3.5,2.6,2.63,3.6,2.6,2.75,3.65,2.72,2.68,3.57,2.6,1.66,2.2,1.71,2.27,1.75,2.29,1.69,2.21,0.0,1.99,1.94,1.98,1.94,2.01,1.96,1.97,1.91,2.8,3.6,2.37,2.9,3.6,2.4,2.75,3.55,2.45,2.97,3.63,2.41,2.9,3.6,2.35,2.9,3.6,2.4,3.05,3.7,2.63,2.87,3.61,2.41,1.66,2.2,1.71,2.26,1.72,2.37,1.67,2.22,0.25,1.83,2.1,1.83,2.09,1.86,2.2,1.82,2.08,0.3731343283582089,0.2801120448179272,0.3846153846153846,0.35952218641546857,0.2698934060485871,0.3705844075359445,6.208333333333333,0.2,0.7,0.4,1.0,2.4,2.2,11.6,10.5,2.4,3.3,11.2,10.2,5.2,4.2,1.6,1.5,0.0,0.0,6.104166666666667,0.6,0.5,0.4,0.6,1.0,2.0,9.6,12.8,3.0,3.4,8.8,10.1,4.2,5.2,2.6,2.5,0.0,0.0,1.2,1.2,2.0,2.0,2.8,2.8,0.4,0.4,0.4,0.4,2.6,2.6,-0.39999999999999997,0.0
112,2019-11-09 12:30:00,E0,09/11/2019,12:30,Chelsea,Crystal Palace,2,0,H,0,0,D,M Dean,23,3,5,1,9,17,7,0,3,2,0,0,1.33,5.0,10.0,1.34,5.25,8.75,1.33,5.3,8.9,1.34,5.41,9.74,1.32,5.25,9.5,1.33,5.25,9.5,1.37,5.6,10.25,1.34,5.35,9.29,1.57,2.37,1.61,2.46,1.63,2.55,1.58,2.4,-1.5,2.0,1.93,1.99,1.93,2.0,1.95,1.97,1.92,1.4,4.75,7.5,1.4,5.0,8.25,1.37,5.0,8.0,1.44,4.69,7.98,1.44,4.75,8.0,1.4,4.8,8.0,1.47,5.0,8.25,1.43,4.78,7.61,1.61,2.3,1.63,2.41,1.67,2.47,1.6,2.36,-1.25,2.0,1.93,2.0,1.93,2.02,1.95,1.97,1.92,0.7462686567164178,0.1869158878504673,0.10764262648008613,0.716995748646477,0.17958398190397745,0.10342026944954567,6.791666666666667,3.0,2.3,2.6,2.5,0.8,1.3,17.0,16.3,8.4,6.8,8.4,8.5,6.4,5.8,1.8,1.6,0.0,0.0,5.9375,1.4,1.4,1.2,1.0,1.4,1.4,10.2,10.8,3.2,3.8,10.6,11.5,3.6,4.5,1.6,1.9,0.0,0.0,1.6,1.6,1.4,1.4,1.0,1.0,1.4,1.4,1.2,1.2,1.8,1.8,1.6,1.4000000000000001
113,2019-11-09 15:00:00,E0,09/11/2019,15:00,Burnley,West Ham,3,0,H,2,0,H,K Friend,14,7,12,4,17,10,11,4,2,1,0,0,2.25,3.5,3.1,2.3,3.5,3.0,2.25,3.55,3.1,2.27,3.59,3.24,2.25,3.5,3.1,2.25,3.5,3.2,2.33,3.73,3.3,2.27,3.55,3.13,1.66,2.2,1.69,2.29,1.75,2.29,1.71,2.17,-0.25,1.98,1.95,1.97,1.96,2.0,1.96,1.97,1.92,2.1,3.6,3.3,2.15,3.6,3.4,2.15,3.6,3.25,2.18,3.63,3.41,2.1,3.6,3.4,2.15,3.7,3.3,2.22,3.7,3.43,2.16,3.61,3.34,1.66,2.2,1.73,2.23,1.73,2.34,1.67,2.22,-0.25,1.87,2.06,1.89,2.03,1.91,2.06,1.88,2.01,0.44052863436123346,0.28169014084507044,0.3194888178913738,0.42289087386917656,0.2704119108966284,0.30669721523419513,7.0,0.8,0.9,1.2,1.1,2.2,1.8,10.2,10.9,3.0,3.3,10.0,10.0,5.0,5.4,2.8,1.9,0.0,0.0,7.0,0.4,1.3,1.2,1.4,2.0,1.2,12.4,12.5,4.8,5.2,10.2,10.8,5.4,5.5,2.0,1.8,0.0,0.1,1.8,1.8,1.6,1.6,1.4,1.4,1.2,1.2,1.2,1.2,1.2,1.2,0.4,0.0
114,2019-11-09 15:00:00,E0,09/11/2019,15:00,Newcastle,Bournemouth,2,1,H,1,1,D,M Atkinson,20,16,9,3,10,5,5,4,2,0,0,0,2.55,3.25,2.8,2.7,3.1,2.8,2.6,3.2,2.8,2.69,3.25,2.88,2.6,3.2,2.8,2.6,3.25,2.88,2.72,3.5,2.95,2.64,3.21,2.84,2.0,1.8,2.16,1.78,2.17,1.9,2.07,1.77,0.0,1.88,2.05,1.91,2.02,1.91,2.07,1.87,2.01,2.55,3.25,2.8,2.6,3.25,2.85,2.55,3.2,2.85,2.69,3.31,2.83,2.5,3.2,3.0,2.6,3.25,2.88,2.7,3.47,3.12,2.61,3.26,2.87,2.1,1.72,2.21,1.75,2.21,1.88,2.14,1.73,0.0,1.9,2.03,1.91,2.01,1.94,2.16,1.86,2.02,0.3787878787878788,0.3115264797507788,0.35211267605633806,0.36337111972066777,0.29884727603195105,0.33778160424738135,7.0,1.4,1.2,1.0,0.9,1.8,1.6,9.0,9.5,2.6,2.9,9.6,8.5,2.0,3.3,1.6,1.7,0.4,0.2,7.104166666666667,1.2,1.5,0.6,1.3,0.6,1.2,12.2,11.0,4.0,4.2,8.6,8.8,6.2,5.7,2.6,2.2,0.0,0.0,1.2,1.2,0.6,0.6,0.6,0.6,1.4,1.4,1.2,1.2,1.2,1.2,0.19999999999999996,0.4
115,2019-11-09 15:00:00,E0,09/11/2019,15:00,Southampton,Everton,1,2,A,0,1,A,P Tierney,4,24,3,5,12,12,5,9,1,1,0,0,2.9,3.3,2.45,2.9,3.4,2.45,2.95,3.35,2.4,3.11,3.44,2.41,2.9,3.4,2.45,3.0,3.4,2.45,3.11,3.53,2.58,2.96,3.37,2.44,1.9,1.9,1.98,1.94,2.0,1.94,1.94,1.89,0.25,1.82,2.11,1.83,2.1,1.91,2.13,1.8,2.09,3.1,3.5,2.25,3.1,3.3,2.4,3.1,3.25,2.35,3.17,3.35,2.42,3.2,3.4,2.25,3.2,3.3,2.38,3.44,3.56,2.45,3.15,3.34,2.36,2.0,1.8,2.08,1.83,2.1,1.92,2.02,1.81,0.25,1.9,2.03,1.85,2.08,1.98,2.09,1.86,2.03,0.33783783783783783,0.29673590504451036,0.4098360655737705,0.32347248666425393,0.28411826721845446,0.39240924611729167,7.0,0.2,0.8,0.8,1.0,3.6,2.4,9.4,11.9,4.0,4.2,10.8,10.6,2.8,3.6,1.0,1.3,0.2,0.2,5.9375,0.8,1.0,1.2,1.1,1.6,1.7,11.8,12.8,5.8,4.6,10.4,11.6,7.0,7.1,1.4,1.8,0.2,0.1,0.2,0.2,0.8,0.8,3.8,3.8,0.2,0.2,0.6,0.6,1.8,1.8,-0.6000000000000001,-0.3999999999999999
116,2019-11-09 15:00:00,E0,09/11/2019,15:00,Tottenham,Sheffield United,1,1,D,0,0,D,G Scott,17,14,5,4,6,9,4,4,2,2,0,0,1.57,4.0,6.0,1.57,4.0,6.0,1.57,4.15,5.8,1.6,4.21,6.09,1.55,4.2,6.0,1.55,4.2,6.5,1.63,4.34,6.5,1.58,4.14,6.02,1.8,2.0,1.85,2.07,1.86,2.11,1.79,2.04,-1.0,2.0,1.93,2.05,1.88,2.05,1.94,1.98,1.89,1.5,4.33,6.5,1.53,4.25,6.5,1.55,4.2,6.0,1.56,4.41,6.26,1.5,4.2,7.0,1.53,4.3,6.5,1.58,4.45,7.3,1.54,4.29,6.37,1.72,2.1,1.73,2.23,1.8,2.26,1.71,2.16,-1.0,1.9,2.03,1.92,2.01,1.93,2.13,1.89,1.99,0.6329113924050632,0.24154589371980678,0.16611295681063123,0.6082351448178915,0.2321283886019973,0.1596364665801111,5.9375,1.0,1.0,1.0,1.4,1.6,1.5,8.8,10.1,3.0,3.7,7.2,10.1,5.2,4.6,2.0,2.3,0.4,0.2,7.0,1.6,1.5,1.0,1.1,0.4,0.7,10.4,10.2,3.4,3.0,8.4,9.9,6.2,6.5,2.0,1.9,0.0,0.1,2.0,2.0,2.0,2.0,0.8,0.8,1.4,1.4,1.2,1.2,0.8,0.8,-0.6000000000000001,0.0
117,2019-11-09 17:30:00,E0,09/11/2019,17:30,Leicester,Arsenal,2,0,H,0,0,D,C Kavanagh,19,8,7,1,10,10,5,4,1,1,0,0,2.0,3.75,3.5,2.0,3.8,3.5,1.97,3.75,3.6,1.98,3.91,3.79,1.95,3.7,3.7,1.95,3.8,3.7,2.08,3.98,3.8,1.99,3.78,3.62,1.57,2.37,1.61,2.46,1.62,2.57,1.57,2.42,-0.5,2.0,1.93,1.99,1.93,2.02,1.95,1.98,1.89,1.85,4.0,3.75,1.91,4.0,3.75,2.05,3.7,3.4,1.93,4.05,3.88,1.91,4.0,3.9,1.87,4.0,3.9,2.05,4.2,3.98,1.91,3.97,3.8,1.44,2.75,1.49,2.81,1.53,2.85,1.49,2.65,-0.5,1.92,2.01,1.93,2.01,2.05,2.04,1.91,1.97,0.5025125628140703,0.2645502645502646,0.27624309392265195,0.4816540887587294,0.2535692160396486,0.264776695201622,6.145833333333333,2.4,2.2,3.8,2.7,0.6,0.8,14.6,13.3,5.8,4.9,12.2,12.0,7.4,6.7,1.4,1.1,0.0,0.0,7.104166666666667,1.2,1.4,1.0,1.5,1.0,1.5,11.2,13.8,4.0,5.0,12.2,10.9,10.6,8.8,1.8,2.3,0.0,0.1,2.6,2.6,2.4,2.4,0.6,0.6,1.0,1.0,1.0,1.0,1.4,1.4,1.2,2.8
118,2019-11-10 14:00:00,E0,10/11/2019,14:00,Man United,Brighton,3,1,H,2,0,H,J Moss,21,6,11,2,10,14,5,2,2,5,0,0,1.6,3.75,6.5,1.6,3.8,6.0,1.7,3.65,5.4,1.7,3.66,5.98,1.67,3.6,5.8,1.65,3.7,5.75,1.72,3.8,6.5,1.67,3.67,5.82,2.0,1.8,2.0,1.92,2.1,1.92,2.02,1.82,-0.75,1.9,2.03,1.92,2.01,1.92,2.04,1.89,1.99,1.6,3.8,6.0,1.62,3.75,6.25,1.6,3.8,6.0,1.66,3.69,6.41,1.6,3.75,6.5,1.65,3.8,5.75,1.68,3.9,6.75,1.64,3.77,6.18,1.9,1.9,2.04,1.88,2.06,1.94,1.96,1.87,-0.75,1.86,2.07,1.87,2.06,1.9,2.16,1.83,2.07,0.5988023952095809,0.2724795640326976,0.1718213058419244,0.5740585953982643,0.26122012379158077,0.16472128081015486,8.0625,1.0,1.0,1.0,0.9,1.0,1.1,14.2,14.2,4.8,4.5,11.2,10.2,7.4,6.4,2.4,2.1,0.0,0.0,7.958333333333333,1.8,1.2,1.8,1.1,1.2,1.4,14.8,13.8,4.2,3.8,12.8,11.1,3.8,4.2,1.8,1.2,0.2,0.2,1.6,1.6,1.6,1.6,0.8,0.8,0.8,0.8,0.8,0.8,1.6,1.6,-0.8,-0.8
119,2019-11-10 14:00:00,E0,10/11/2019,14:00,Wolves,Aston Villa,2,1,H,1,0,H,A Taylor,17,13,5,4,17,8,6,3,4,3,0,0,1.9,3.5,4.2,1.85,3.6,4.33,1.87,3.6,4.15,1.89,3.7,4.38,1.88,3.6,4.2,1.87,3.5,4.33,1.96,3.8,4.4,1.9,3.6,4.24,1.9,1.9,1.85,2.07,1.96,2.07,1.87,1.96,-0.5,1.91,2.02,1.89,2.03,1.93,2.03,1.89,1.99,1.66,3.8,5.25,1.7,3.8,5.25,1.85,3.5,4.4,1.68,3.97,5.53,1.7,3.8,5.8,1.67,3.8,5.5,1.85,4.0,5.8,1.7,3.81,5.31,1.9,1.9,1.95,1.97,2.0,2.05,1.91,1.93,-0.75,1.9,2.03,1.88,2.04,1.98,2.06,1.89,1.99,0.5263157894736842,0.2777777777777778,0.23584905660377356,0.5061007957559681,0.26710875331564987,0.22679045092838193,7.958333333333333,1.8,1.2,1.4,1.4,0.6,1.4,11.0,11.1,3.6,3.5,11.8,11.5,3.6,4.7,1.8,1.7,0.0,0.2,7.958333333333333,1.4,1.1,2.0,1.5,1.8,1.5,15.6,14.1,6.0,5.6,10.6,11.7,5.8,4.7,1.4,1.6,0.0,0.1,1.2,1.2,1.4,1.4,1.6,1.6,0.6,0.6,1.6,1.6,2.2,2.2,0.40000000000000013,-0.6000000000000001
120,2019-11-10 16:30:00,E0,10/11/2019,16:30,Liverpool,Man City,3,1,H,2,0,H,M Oliver,12,18,5,3,10,5,4,13,0,2,0,0,2.5,3.6,2.62,2.65,3.6,2.55,2.5,3.5,2.7,2.57,3.66,2.74,2.55,3.6,2.62,2.5,3.6,2.7,2.7,3.75,2.78,2.56,3.58,2.68,1.66,2.2,1.63,2.42,1.67,2.42,1.63,2.3,0.0,1.9,2.03,1.9,2.03,2.01,2.05,1.89,1.99,2.7,3.6,2.5,2.7,3.6,2.55,2.6,3.5,2.6,2.72,3.64,2.62,2.62,3.6,2.7,2.7,3.7,2.5,2.8,3.75,2.83,2.69,3.64,2.55,1.53,2.5,1.6,2.5,1.6,2.67,1.54,2.49,0.0,2.02,1.91,2.01,1.93,2.04,2.08,1.98,1.9,0.390625,0.27932960893854747,0.3731343283582089,0.3744886807181889,0.26779078844652615,0.3577205308352849,8.0625,2.6,2.8,1.6,2.1,0.8,0.8,18.0,17.2,7.0,6.5,9.0,9.3,5.6,6.1,1.6,1.3,0.0,0.0,8.0625,2.4,2.2,2.0,2.9,0.8,1.0,22.0,22.7,6.8,7.4,10.0,9.9,9.8,9.6,2.4,2.0,0.2,0.1,3.0,3.0,2.8,2.8,1.0,1.0,2.4,2.4,3.0,3.0,1.0,1.0,0.20000000000000018,-0.3999999999999999
121,2019-11-23 12:30:00,E0,23/11/2019,12:30,West Ham,Tottenham,2,3,A,0,2,A,M Oliver,11,15,4,6,12,14,3,7,3,2,0,0,4.2,4.33,1.7,4.33,4.0,1.75,4.3,4.05,1.75,4.37,4.32,1.76,4.2,4.2,1.75,4.4,3.9,1.8,4.45,4.36,1.82,4.32,4.14,1.75,1.53,2.5,1.58,2.54,1.6,2.58,1.55,2.47,0.75,1.94,1.96,1.94,1.99,1.97,1.99,1.93,1.95,4.5,4.33,1.66,4.75,4.4,1.67,5.0,3.8,1.7,4.71,4.53,1.69,4.8,4.4,1.67,4.8,4.1,1.7,5.0,4.57,1.72,4.74,4.34,1.67,1.57,2.37,1.59,2.51,1.62,2.55,1.56,2.45,1.0,1.75,2.05,1.8,2.15,1.81,2.2,1.77,2.13,0.23148148148148145,0.24154589371980678,0.5714285714285714,0.22162876493585157,0.23126479819393211,0.5471064368702164,13.895833333333334,0.2,1.2,0.8,1.3,2.2,1.4,10.4,12.4,4.4,5.3,10.6,10.8,5.0,5.3,2.0,1.7,0.0,0.1,13.895833333333334,0.6,1.0,0.8,1.3,1.6,1.4,10.4,11.5,3.2,4.0,7.4,10.3,4.8,4.8,2.4,2.5,0.2,0.2,1.4,1.1666666666666667,1.6,1.3333333333333333,1.2,1.8333333333333333,0.4,0.5,1.0,1.1666666666666667,2.0,2.0,-0.39999999999999997,0.0
122,2019-11-23 15:00:00,E0,23/11/2019,15:00,Arsenal,Southampton,2,2,D,1,1,D,S Attwell,12,21,5,6,13,19,6,8,6,2,0,0,1.45,4.75,6.5,1.45,4.75,6.5,1.45,4.5,7.0,1.49,4.72,6.86,1.44,4.75,7.0,1.45,4.8,7.0,1.52,5.0,7.0,1.47,4.75,6.55,1.44,2.75,1.48,2.83,1.54,2.83,1.47,2.67,-1.25,1.99,1.91,2.02,1.91,2.03,1.94,1.99,1.89,1.45,4.75,6.5,1.48,4.6,6.75,1.45,4.5,7.0,1.5,4.54,7.05,1.44,4.6,7.0,1.45,4.8,7.0,1.51,5.1,7.5,1.46,4.69,6.89,1.44,2.75,1.49,2.8,1.51,2.88,1.47,2.7,-1.25,2.0,1.9,2.02,1.91,2.04,1.95,1.98,1.9,0.6802721088435374,0.21052631578947367,0.15267175572519084,0.6519324860917578,0.20175594832734398,0.1463115655808983,13.895833333333334,1.0,1.1,0.8,1.3,1.2,1.6,10.8,13.0,3.2,4.2,11.6,10.6,10.0,8.2,1.6,2.2,0.0,0.1,14.0,0.2,0.8,0.8,1.0,3.6,2.4,7.4,10.9,3.4,4.2,10.0,10.8,2.6,3.6,0.8,1.2,0.2,0.2,1.8,2.0,1.8,1.8333333333333333,1.4,1.3333333333333333,1.4,1.1666666666666667,1.2,1.0,1.0,1.3333333333333333,0.8,0.0
123,2019-11-23 15:00:00,E0,23/11/2019,15:00,Bournemouth,Wolves,1,2,A,0,2,A,S Hooper,9,17,2,7,10,12,5,9,2,1,1,0,2.75,3.3,2.6,2.85,3.3,2.5,2.8,3.25,2.6,2.85,3.38,2.63,2.8,3.3,2.55,2.8,3.3,2.63,2.9,3.41,2.7,2.82,3.3,2.59,2.0,1.8,2.09,1.83,2.1,1.86,2.02,1.81,0.0,2.02,1.88,2.04,1.88,2.05,1.9,2.01,1.86,2.87,3.25,2.5,3.0,3.25,2.5,2.95,3.15,2.5,3.1,3.25,2.52,3.1,3.25,2.5,3.13,3.13,2.5,3.15,3.32,2.63,3.0,3.22,2.52,2.3,1.61,2.39,1.64,2.41,1.7,2.28,1.65,0.25,1.75,2.05,1.79,2.15,1.83,2.2,1.77,2.14,0.3546099290780142,0.30303030303030304,0.3861003861003861,0.33974909368441136,0.2903310436939515,0.36991986262163706,14.0,1.0,1.2,0.4,1.2,0.6,1.3,12.8,11.4,3.6,4.1,8.2,8.0,5.8,5.6,2.0,2.0,0.0,0.0,13.041666666666666,1.8,1.4,1.4,1.5,0.8,1.4,13.2,12.2,4.2,3.8,14.2,11.5,4.6,4.9,2.6,1.9,0.0,0.2,1.6,1.5,1.4,1.3333333333333333,1.2,1.1666666666666667,1.2,1.1666666666666667,1.4,1.1666666666666667,1.2,1.0,-0.8,-0.9999999999999999
124,2019-11-23 15:00:00,E0,23/11/2019,15:00,Brighton,Leicester,0,2,A,0,0,D,M Dean,7,19,0,9,9,1,6,7,2,0,0,0,3.75,3.5,2.0,3.7,3.6,2.0,3.6,3.5,2.05,3.73,3.58,2.09,3.7,3.4,2.05,3.75,3.5,2.05,3.85,3.7,2.1,3.69,3.53,2.04,1.9,1.9,1.93,1.98,1.95,1.99,1.89,1.93,0.25,2.07,1.72,2.13,1.8,2.17,1.8,2.13,1.76,3.75,3.6,1.95,3.75,3.6,2.0,3.65,3.55,2.0,3.9,3.56,2.05,3.75,3.5,2.0,3.8,3.6,2.0,4.14,3.71,2.08,3.8,3.57,2.01,1.9,1.9,1.93,2.0,1.95,2.01,1.88,1.95,0.5,1.87,2.03,1.88,2.05,1.91,2.06,1.86,2.02,0.2710027100271003,0.28328611898017,0.49019607843137253,0.2594606280062693,0.27122088310003784,0.4693184888936929,13.041666666666666,1.8,1.1,2.0,1.1,1.4,1.6,14.4,12.8,4.4,3.6,13.0,11.4,3.8,3.6,2.2,1.7,0.2,0.2,13.895833333333334,2.4,2.4,3.2,2.8,0.6,0.7,15.8,14.0,6.2,5.3,11.8,11.6,6.6,6.7,1.4,1.2,0.0,0.0,2.0,1.8333333333333333,1.8,1.6666666666666667,1.0,1.0,1.8,1.6666666666666667,2.8,2.5,0.8,0.8333333333333334,-0.5999999999999999,-1.2000000000000002
125,2019-11-23 15:00:00,E0,23/11/2019,15:00,Crystal Palace,Liverpool,1,2,A,0,0,D,K Friend,16,12,6,4,8,7,9,8,0,1,0,0,7.5,4.75,1.4,7.5,4.5,1.44,7.2,4.4,1.45,7.59,4.82,1.45,8.0,4.6,1.42,7.5,4.6,1.45,8.0,4.84,1.48,7.33,4.62,1.45,1.66,2.2,1.69,2.3,1.71,2.3,1.67,2.22,1.25,1.85,2.05,1.87,2.06,1.88,2.09,1.85,2.03,6.5,4.4,1.5,6.75,4.4,1.5,7.2,4.4,1.45,6.95,4.65,1.49,7.0,4.4,1.47,7.5,4.5,1.45,7.5,4.7,1.53,6.86,4.49,1.49,1.66,2.2,1.69,2.29,1.82,2.29,1.69,2.19,1.0,2.1,1.8,2.12,1.82,2.17,1.83,2.11,1.78,0.1364256480218281,0.21645021645021645,0.6896551724137931,0.13086003504446975,0.20761992573072796,0.6615200392248022,14.104166666666666,0.8,1.4,0.8,1.0,1.8,1.5,7.8,10.5,2.8,3.5,11.2,12.1,2.6,4.1,1.4,2.0,0.0,0.0,12.9375,2.6,2.8,2.0,2.2,1.0,0.8,17.2,16.9,7.2,6.4,10.2,9.7,5.4,5.6,1.4,1.2,0.0,0.0,1.4,1.3333333333333333,0.8,0.6666666666666666,1.0,0.8333333333333334,2.6,2.6666666666666665,1.8,1.8333333333333333,0.6,0.6666666666666666,-1.8,-1.2
126,2019-11-23 15:00:00,E0,23/11/2019,15:00,Everton,Norwich,0,2,A,0,0,D,A Taylor,18,13,7,5,12,11,7,7,3,5,0,0,1.36,5.1,8.0,1.4,5.0,7.25,1.4,4.8,7.5,1.41,5.18,7.85,1.38,4.8,8.5,1.36,5.0,9.0,1.45,5.25,9.0,1.4,5.0,7.73,1.53,2.5,1.57,2.56,1.6,2.58,1.55,2.45,-1.5,2.07,1.72,2.13,1.81,2.15,1.84,2.1,1.78,1.33,5.25,8.5,1.35,5.5,8.5,1.4,4.8,7.5,1.34,5.64,9.17,1.35,5.25,8.5,1.36,5.25,9.0,1.4,5.7,9.5,1.35,5.39,8.55,1.5,2.62,1.51,2.74,1.58,2.75,1.51,2.58,-1.5,2.03,1.87,2.04,1.88,2.08,1.91,2.02,1.86,0.7142857142857143,0.2,0.129366106080207,0.6844099730840062,0.19163479246352175,0.12395523445247202,14.0,1.4,1.0,1.4,1.2,1.2,1.8,14.2,14.0,5.2,4.9,12.0,11.7,7.8,7.6,1.2,1.7,0.2,0.1,14.791666666666666,0.2,0.4,0.4,0.7,2.4,2.3,13.0,10.7,2.8,3.0,10.6,10.0,6.2,4.5,1.6,1.5,0.0,0.0,1.4,1.6666666666666667,1.4,1.3333333333333333,1.6,1.3333333333333333,0.2,0.16666666666666666,0.0,0.16666666666666666,1.6,2.0,1.2,0.9999999999999999
127,2019-11-23 15:00:00,E0,23/11/2019,15:00,Watford,Burnley,0,3,A,0,0,D,P Tierney,15,11,4,5,14,13,7,5,0,3,0,0,2.3,3.4,3.1,2.3,3.3,3.2,2.35,3.25,3.15,2.39,3.35,3.22,2.35,3.3,3.1,2.3,3.3,3.25,2.4,3.51,3.35,2.33,3.31,3.2,2.0,1.8,2.08,1.84,2.1,1.94,2.02,1.81,-0.25,2.02,1.88,2.05,1.88,2.05,1.91,2.01,1.87,2.2,3.25,3.4,2.2,3.3,3.5,2.2,3.3,3.35,2.27,3.4,3.42,2.25,3.25,3.4,2.25,3.3,3.4,2.31,3.45,3.55,2.24,3.3,3.43,2.0,1.8,2.09,1.83,2.25,1.84,2.12,1.74,-0.25,1.95,1.95,1.96,1.97,1.99,1.98,1.93,1.95,0.4291845493562232,0.3021148036253776,0.3125,0.41117533569096637,0.2894376230090488,0.2993870412999849,14.791666666666666,1.2,0.8,0.8,0.8,0.6,1.9,9.2,13.2,2.4,3.4,10.2,10.3,3.8,4.9,2.8,2.4,0.2,0.1,14.0,1.2,1.2,1.4,1.3,1.8,1.6,11.0,10.5,4.8,4.0,10.2,10.6,6.6,5.8,2.4,2.0,0.0,0.0,0.6,0.5,0.8,0.6666666666666666,1.4,1.6666666666666667,0.6,0.5,1.0,1.0,1.8,1.8333333333333333,0.0,-0.5999999999999999
128,2019-11-23 17:30:00,E0,23/11/2019,17:30,Man City,Chelsea,2,1,H,2,1,H,M Atkinson,15,11,4,2,5,9,8,2,1,1,0,0,1.44,5.0,6.5,1.45,5.0,6.25,1.45,4.5,7.0,1.45,5.2,6.74,1.42,5.0,7.0,1.45,5.0,6.5,1.48,5.3,7.1,1.45,4.96,6.64,1.4,3.0,1.41,3.14,1.44,3.14,1.4,2.92,-1.25,1.94,1.96,1.95,1.98,1.99,1.99,1.93,1.94,1.36,5.5,7.0,1.4,5.5,7.0,1.45,4.5,7.0,1.38,5.84,7.62,1.38,5.5,7.0,1.4,5.75,6.5,1.45,6.0,7.75,1.39,5.53,7.18,1.36,3.2,1.37,3.33,1.41,3.36,1.37,3.08,-1.5,2.05,1.85,2.05,1.89,2.2,1.94,2.04,1.84,0.6896551724137931,0.20161290322580647,0.15060240963855423,0.66193944656151,0.19351052369237692,0.1445500297461129,13.041666666666666,1.8,2.1,1.6,2.8,1.2,1.1,21.6,21.5,5.6,6.7,9.4,9.0,12.0,9.6,2.4,2.1,0.2,0.1,14.208333333333334,3.0,2.5,2.6,2.6,0.8,1.2,16.8,17.2,7.4,6.8,9.2,8.5,6.8,6.1,2.0,1.8,0.0,0.0,2.4,2.1666666666666665,3.4,3.1666666666666665,0.6,0.8333333333333334,3.0,2.5,3.6,3.0,1.6,2.0,-1.2,-1.0
129,2019-11-24 16:30:00,E0,24/11/2019,16:30,Sheffield United,Man United,3,3,D,1,0,H,A Marriner,12,11,8,5,13,10,6,3,1,2,0,0,3.5,3.4,2.1,3.6,3.25,2.15,3.55,3.25,2.15,3.65,3.37,2.19,3.6,3.25,2.15,3.5,3.25,2.2,3.68,3.4,2.25,3.55,3.28,2.18,2.2,1.66,2.19,1.75,2.26,1.75,2.18,1.69,0.25,2.01,1.89,2.05,1.88,2.05,1.91,2.0,1.87,3.75,3.4,2.05,3.75,3.4,2.1,3.7,3.4,2.05,3.95,3.45,2.08,4.0,3.3,2.0,3.9,3.25,2.1,4.28,3.5,2.14,3.81,3.36,2.09,2.3,1.61,2.28,1.7,2.36,1.7,2.25,1.66,0.5,1.81,2.13,1.85,2.08,1.86,2.14,1.81,2.09,0.28169014084507044,0.3048780487804878,0.4587155963302752,0.2694867600835174,0.29167012143185567,0.43884311848462687,15.0625,1.8,1.3,1.2,1.1,0.4,0.8,10.8,10.1,3.8,3.1,8.6,9.2,5.8,6.1,2.2,1.8,0.0,0.1,14.104166666666666,1.4,1.2,1.4,1.1,1.0,1.1,15.2,15.4,6.2,5.4,9.6,10.4,6.8,6.3,2.0,2.1,0.0,0.0,1.2,1.5,1.0,1.0,0.8,0.6666666666666666,0.8,0.8333333333333334,0.8,0.8333333333333334,1.2,1.1666666666666667,0.40000000000000013,-0.19999999999999996
130,2019-11-25 20:00:00,E0,25/11/2019,20:00,Aston Villa,Newcastle,2,0,H,2,0,H,L Mason,17,11,8,5,10,9,11,6,1,1,0,0,2.05,3.4,3.7,2.1,3.4,3.6,2.1,3.45,3.5,2.14,3.54,3.6,2.1,3.5,3.5,2.1,3.4,3.6,2.2,3.6,3.75,2.11,3.46,3.55,1.9,1.9,1.95,1.97,1.98,1.97,1.92,1.9,-0.25,1.84,2.06,1.85,2.07,1.87,2.12,1.82,2.06,2.15,3.4,3.4,2.15,3.5,3.4,2.2,3.5,3.25,2.22,3.58,3.37,2.15,3.5,3.3,2.2,3.6,3.25,2.27,3.7,3.55,2.19,3.51,3.36,1.72,2.1,1.76,2.18,1.81,2.21,1.74,2.11,-0.25,1.93,2.0,1.93,2.0,1.95,2.02,1.9,1.98,0.47393364928909953,0.28901734104046245,0.28169014084507044,0.45368082410864996,0.27666662973099754,0.2696525461603525,15.25,1.2,1.1,1.8,1.5,1.8,1.5,15.0,13.2,6.2,5.3,10.2,11.5,5.0,4.0,1.8,1.9,0.0,0.1,16.208333333333332,2.0,1.5,1.4,1.0,1.0,1.4,12.4,10.5,4.4,3.5,9.8,8.4,3.0,3.3,1.8,1.6,0.2,0.2,1.6,1.3333333333333333,1.4,1.3333333333333333,1.0,1.1666666666666667,1.2,1.0,1.0,1.0,2.2,2.3333333333333335,-0.8,0.40000000000000013
131,2019-11-30 12:30:00,E0,30/11/2019,12:30,Newcastle,Man City,2,2,D,1,1,D,C Kavanagh,6,24,3,9,4,6,1,10,1,2,0,0,13.0,8.0,1.16,15.0,7.25,1.18,14.0,7.1,1.2,14.05,7.9,1.2,15.0,7.5,1.18,17.0,8.0,1.17,18.0,8.3,1.21,15.11,7.59,1.18,1.44,2.75,1.46,2.89,1.47,2.91,1.44,2.79,2.0,1.99,1.94,1.98,1.94,2.02,1.96,1.98,1.9,13.0,8.0,1.16,10.5,8.0,1.2,13.0,7.0,1.2,11.0,7.75,1.23,13.0,8.0,1.18,13.0,7.5,1.2,15.0,8.5,1.24,12.15,7.58,1.21,1.4,3.0,1.43,3.04,1.44,3.22,1.4,2.96,2.0,1.9,2.03,1.91,2.03,2.04,2.08,1.9,1.98,0.06618133686300463,0.13175230566534915,0.8474576271186441,0.06330771911396618,0.1260315725707548,0.8106607083152789,4.6875,1.4,1.2,1.2,0.9,1.4,1.6,12.2,10.8,5.0,3.7,9.2,8.8,3.4,3.3,1.4,1.5,0.2,0.2,6.791666666666667,2.4,2.1,2.0,2.7,1.0,1.1,21.0,21.1,6.0,6.6,8.2,8.2,11.8,9.9,1.6,1.9,0.2,0.1,1.8,1.5,1.0,0.8333333333333334,0.6,0.6666666666666666,1.8,2.0,2.2,2.6666666666666665,1.6,1.3333333333333333,-1.0,-0.8
132,2019-11-30 15:00:00,E0,30/11/2019,15:00,Burnley,Crystal Palace,0,2,A,0,1,A,P Bankes,15,7,4,2,13,10,5,6,2,0,0,0,2.25,3.25,3.3,2.3,3.2,3.3,2.3,3.2,3.25,2.36,3.33,3.31,2.3,3.2,3.3,2.3,3.2,3.4,2.38,3.35,3.5,2.31,3.26,3.3,2.2,1.66,2.26,1.71,2.33,1.72,2.22,1.67,-0.25,2.0,1.93,2.02,1.9,2.02,1.95,1.98,1.9,2.0,3.4,3.8,2.0,3.5,3.8,2.2,3.3,3.4,2.05,3.56,3.89,2.0,3.5,4.0,2.0,3.4,4.0,2.25,3.58,4.18,2.05,3.44,3.84,2.1,1.72,2.15,1.79,2.22,1.81,2.1,1.76,-0.25,1.7,2.1,1.76,2.19,1.95,2.26,1.76,2.15,0.4329004329004329,0.3067484662576687,0.30303030303030304,0.4151808456444218,0.29419256240448294,0.2906265919510953,7.0,1.2,1.4,1.8,1.5,1.8,1.5,11.4,10.3,5.2,4.1,11.8,10.8,6.2,6.0,2.6,2.1,0.0,0.0,7.0,0.2,1.1,0.6,0.9,2.0,1.6,9.6,11.6,3.2,3.8,11.4,11.1,4.0,4.9,1.0,1.6,0.0,0.0,1.8,2.0,1.6,1.8333333333333333,1.4,1.1666666666666667,1.4,1.1666666666666667,1.2,1.0,2.0,1.8333333333333333,1.0,1.2000000000000002
133,2019-11-30 15:00:00,E0,30/11/2019,15:00,Chelsea,West Ham,0,1,A,0,0,D,J Moss,19,5,6,4,0,16,9,3,0,3,0,0,1.28,6.0,9.0,1.28,6.0,9.75,1.3,5.8,8.8,1.3,5.99,10.19,1.29,5.8,10.0,1.29,6.0,10.5,1.33,6.35,10.53,1.3,5.94,9.63,1.4,3.0,1.41,3.09,1.45,3.09,1.4,2.94,-1.5,1.8,2.0,1.83,2.09,1.87,2.12,1.82,2.07,1.25,6.5,10.0,1.28,6.0,9.75,1.3,5.5,9.6,1.3,6.14,10.01,1.27,6.0,10.0,1.3,6.0,9.5,1.32,6.65,11.2,1.29,6.12,9.77,1.36,3.2,1.37,3.31,1.4,3.4,1.35,3.18,-1.75,2.02,1.91,2.01,1.91,2.05,1.97,1.99,1.89,0.7692307692307692,0.16835016835016833,0.10384215991692626,0.7386342506507996,0.1616539605801413,0.09971178876905913,6.895833333333333,2.4,2.2,2.0,2.4,1.0,1.2,16.4,16.0,6.4,6.2,8.0,8.5,6.4,5.5,2.0,1.8,0.0,0.0,7.104166666666667,0.2,0.9,1.0,1.2,2.4,1.6,10.8,11.9,4.4,4.7,10.8,10.9,5.2,4.9,2.0,1.9,0.0,0.1,2.0,1.8333333333333333,1.6,1.5,0.8,0.8333333333333334,1.0,1.0,1.0,1.0,1.6,1.5,2.1999999999999997,1.0
134,2019-11-30 15:00:00,E0,30/11/2019,15:00,Liverpool,Brighton,2,1,H,2,0,H,M Atkinson,15,12,7,5,3,10,4,5,0,0,1,0,1.18,7.0,15.0,1.2,7.0,13.0,1.22,6.5,13.0,1.2,7.08,17.22,1.2,6.5,15.0,1.2,6.5,17.0,1.23,7.25,17.25,1.21,6.85,14.67,1.44,2.75,1.48,2.81,1.54,2.81,1.47,2.7,-2.0,2.02,1.77,2.1,1.83,2.13,1.86,2.06,1.81,1.18,7.0,16.0,1.19,7.25,13.5,1.2,7.0,13.0,1.2,7.42,14.78,1.18,7.0,17.0,1.2,7.0,15.0,1.23,7.75,17.0,1.2,7.21,14.46,1.4,3.0,1.4,3.15,1.45,3.17,1.39,2.98,-2.0,1.97,1.82,2.09,1.83,2.13,1.96,2.05,1.83,0.8264462809917356,0.14598540145985403,0.0681663258350375,0.7942032123937098,0.14028991051042175,0.06550687709586837,7.0,2.6,2.8,2.0,2.1,1.0,0.8,16.0,15.6,6.4,6.3,9.8,9.6,6.2,5.8,1.4,1.2,0.0,0.0,7.0,1.2,1.1,1.4,1.1,1.8,1.6,12.4,12.3,3.2,3.3,12.6,11.4,4.2,3.4,2.2,1.8,0.2,0.1,3.0,3.0,2.6,2.8333333333333335,1.0,1.0,0.2,0.6666666666666666,0.4,0.8333333333333334,2.2,1.8333333333333333,1.4000000000000001,0.6000000000000001
135,2019-11-30 15:00:00,E0,30/11/2019,15:00,Tottenham,Bournemouth,3,2,H,1,0,H,L Mason,15,20,5,6,10,12,4,8,0,2,0,0,1.36,5.5,7.5,1.4,5.0,7.5,1.4,5.1,7.5,1.39,5.29,8.34,1.36,5.25,8.0,1.36,5.25,8.5,1.41,5.5,8.5,1.38,5.19,7.86,1.53,2.5,1.53,2.66,1.55,2.69,1.51,2.57,-1.5,2.05,1.75,2.1,1.83,2.16,1.87,2.06,1.81,1.28,5.75,9.5,1.33,5.5,8.5,1.3,5.5,9.6,1.34,5.67,9.23,1.32,5.5,9.0,1.3,5.5,9.0,1.36,5.85,11.0,1.33,5.59,8.97,1.53,2.5,1.54,2.65,1.55,2.76,1.51,2.56,-1.5,1.91,2.02,1.92,2.01,2.05,2.09,1.91,1.96,0.7246376811594204,0.19267822736030826,0.1272264631043257,0.6937369903269255,0.1844618586996449,0.12180115097342965,7.104166666666667,1.2,1.3,1.4,1.6,1.4,1.5,11.8,11.3,3.8,4.4,8.8,10.7,5.4,4.9,2.6,2.5,0.2,0.2,7.0,1.0,1.2,0.6,1.2,0.8,1.2,12.6,11.3,3.6,3.6,9.0,8.3,5.8,5.7,2.0,2.1,0.2,0.1,1.6,1.8333333333333333,1.6,1.8333333333333333,0.8,0.8333333333333334,0.8,1.1666666666666667,1.0,1.1666666666666667,1.4,1.3333333333333333,0.19999999999999996,0.7999999999999999
136,2019-11-30 17:30:00,E0,30/11/2019,17:30,Southampton,Watford,2,1,H,0,1,A,M Oliver,11,6,6,3,6,10,6,7,1,0,0,0,2.1,3.4,3.5,2.1,3.5,3.5,2.1,3.45,3.5,2.15,3.51,3.62,2.1,3.5,3.5,2.1,3.5,3.6,2.2,3.62,3.64,2.12,3.5,3.51,1.9,1.9,1.96,1.96,2.0,1.97,1.91,1.91,-0.25,1.84,2.09,1.85,2.08,1.85,2.11,1.83,2.06,2.05,3.6,3.5,2.1,3.5,3.5,2.1,3.5,3.5,2.1,3.6,3.67,2.05,3.5,3.6,2.05,3.5,3.7,2.16,3.66,3.85,2.09,3.53,3.59,1.9,1.9,1.89,2.03,1.99,2.04,1.88,1.95,-0.25,1.77,2.02,1.82,2.12,1.85,2.16,1.8,2.09,0.4716981132075471,0.2857142857142857,0.2849002849002849,0.45254952811074844,0.2741157141699391,0.2733347577193125,7.104166666666667,0.4,0.6,1.0,1.0,3.2,2.6,9.6,11.8,4.0,4.4,12.2,11.7,3.6,3.9,1.2,1.1,0.2,0.2,7.104166666666667,1.0,0.8,0.8,0.7,1.2,1.9,10.6,12.4,2.8,3.5,11.6,10.5,3.8,4.8,2.8,2.3,0.2,0.1,0.2,0.16666666666666666,0.8,0.8333333333333334,3.8,3.5,1.0,0.8333333333333334,0.8,0.6666666666666666,2.4,2.1666666666666665,-0.6,0.19999999999999996
137,2019-12-01 14:00:00,E0,01/12/2019,14:00,Norwich,Arsenal,2,2,D,2,1,H,P Tierney,15,16,8,7,8,10,7,12,2,1,0,0,4.0,4.33,1.75,4.1,4.25,1.75,4.05,4.15,1.77,4.27,4.33,1.78,4.2,4.2,1.75,4.2,4.2,1.75,4.33,4.4,1.86,4.14,4.22,1.77,1.4,3.0,1.43,3.04,1.45,3.04,1.41,2.89,0.75,1.92,2.01,1.94,1.99,1.95,2.02,1.9,1.97,4.2,4.33,1.7,4.25,4.4,1.7,4.25,4.35,1.7,4.56,4.49,1.71,4.4,4.33,1.7,4.4,4.33,1.73,4.6,4.65,1.75,4.39,4.42,1.7,1.4,3.0,1.41,3.11,1.45,3.16,1.4,2.95,0.75,2.03,1.9,2.04,1.89,2.05,1.93,2.01,1.88,0.24154589371980678,0.23696682464454977,0.5649717514124294,0.2314801041279286,0.2270918557084418,0.5414280401636296,7.958333333333333,0.8,0.7,0.6,0.7,1.4,2.0,11.4,11.4,2.8,3.0,10.0,10.2,5.6,5.1,2.4,1.9,0.0,0.0,7.958333333333333,0.6,1.2,1.0,1.4,1.6,1.5,10.8,13.3,3.8,4.4,11.8,11.4,8.4,8.4,2.6,2.7,0.0,0.1,0.6,1.0,1.4,1.6666666666666667,3.0,2.6666666666666665,0.4,0.8333333333333334,0.8,0.8333333333333334,1.8,1.5,0.20000000000000007,-0.4
138,2019-12-01 14:00:00,E0,01/12/2019,14:00,Wolves,Sheffield United,1,1,D,0,1,A,D Coote,13,9,3,4,12,18,7,2,1,4,0,0,1.9,3.5,4.2,1.9,3.4,4.33,1.9,3.35,4.35,1.93,3.52,4.46,1.91,3.4,4.33,1.87,3.4,4.6,2.0,3.55,4.6,1.92,3.43,4.35,2.3,1.61,2.35,1.67,2.4,1.67,2.3,1.63,-0.5,1.93,2.0,1.93,1.99,2.0,2.03,1.92,1.96,2.2,3.0,3.75,2.2,3.1,3.6,2.25,3.05,3.6,2.23,3.2,3.82,2.2,3.1,3.7,2.25,3.13,3.6,2.29,3.4,3.84,2.23,3.14,3.67,2.37,1.57,2.43,1.63,2.45,1.66,2.37,1.6,-0.25,1.9,2.03,1.89,2.04,1.96,2.05,1.9,1.99,0.5208333333333334,0.29154518950437314,0.2298850574712644,0.49971364554342046,0.2797230902167251,0.22056326423985456,7.958333333333333,1.8,1.6,1.4,1.6,1.0,1.4,15.2,12.2,5.2,4.3,13.8,11.8,6.2,5.4,2.4,2.0,0.0,0.2,6.895833333333333,1.8,1.4,1.8,1.3,1.0,0.9,11.4,10.5,4.8,3.6,10.0,9.4,5.6,6.0,2.0,1.8,0.0,0.1,1.6,1.5,1.6,1.5,1.6,1.5,1.4,1.3333333333333333,1.2,1.1666666666666667,0.8,0.8333333333333334,0.0,-0.40000000000000013
139,2019-12-01 16:30:00,E0,01/12/2019,16:30,Leicester,Everton,2,1,H,0,1,A,G Scott,16,11,6,3,7,9,4,4,0,1,0,0,1.61,4.0,5.25,1.6,4.25,5.25,1.65,4.0,5.2,1.64,4.19,5.58,1.63,4.0,5.25,1.62,4.0,5.5,1.68,4.25,5.6,1.64,4.08,5.33,1.8,2.0,1.81,2.11,1.87,2.11,1.81,2.02,-0.75,1.83,2.1,1.83,2.11,1.85,2.13,1.81,2.08,1.57,4.2,5.75,1.57,4.0,6.0,1.6,4.05,5.4,1.65,4.08,5.57,1.57,4.0,6.0,1.62,4.0,5.75,1.67,4.5,6.5,1.62,4.1,5.63,1.8,2.0,1.81,2.12,1.84,2.15,1.78,2.07,-1.0,2.05,1.75,2.17,1.78,2.2,1.92,2.09,1.8,0.6097560975609756,0.24509803921568626,0.18761726078799248,0.5849139832377591,0.23511248345831492,0.17997353330392588,8.0625,3.0,2.4,3.4,2.8,0.2,0.6,19.2,14.9,7.8,6.0,8.6,11.1,6.8,7.0,0.6,1.2,0.0,0.0,8.0625,1.4,1.0,1.4,1.2,1.4,1.8,15.6,14.6,6.2,5.5,12.0,11.1,7.4,7.7,1.6,1.7,0.0,0.1,3.0,2.6666666666666665,2.8,2.3333333333333335,0.6,0.5,0.6,0.6666666666666666,1.0,0.8333333333333334,2.0,1.6666666666666667,1.6,2.0
140,2019-12-01 16:30:00,E0,01/12/2019,16:30,Man United,Aston Villa,2,2,D,1,1,D,C Pawson,16,9,6,3,16,8,9,9,4,1,0,0,1.45,4.5,7.0,1.48,4.4,6.75,1.5,4.35,6.4,1.48,4.44,7.72,1.47,4.2,7.5,1.5,4.33,6.5,1.55,4.69,8.0,1.49,4.38,7.08,1.72,2.1,1.71,2.26,1.75,2.27,1.69,2.18,-1.0,1.85,2.08,1.83,2.1,1.87,2.23,1.81,2.08,1.44,4.75,7.0,1.45,4.6,7.0,1.45,4.4,7.2,1.47,4.75,7.32,1.44,4.6,7.5,1.45,4.75,7.0,1.48,4.9,7.9,1.46,4.72,7.02,1.53,2.5,1.56,2.6,1.6,2.66,1.55,2.47,-1.25,2.07,1.86,2.06,1.86,2.11,1.99,2.01,1.88,0.6711409395973155,0.22831050228310504,0.14124293785310735,0.6448972461724668,0.21938285314999442,0.13571990067753892,7.0,1.6,1.3,2.0,1.3,1.4,1.2,15.0,14.3,6.6,5.6,9.6,10.6,6.2,5.8,1.8,2.1,0.0,0.0,5.854166666666667,1.2,1.1,1.2,1.5,1.6,1.5,14.0,14.2,5.4,5.8,8.8,11.5,6.0,5.1,1.4,1.8,0.0,0.1,1.6,1.8333333333333333,1.4,1.8333333333333333,1.0,0.8333333333333334,0.6,0.5,1.6,1.5,2.0,2.1666666666666665,0.40000000000000013,0.8
141,2019-12-03 19:30:00,E0,03/12/2019,19:30,Crystal Palace,Bournemouth,1,0,H,0,0,D,A Taylor,7,6,2,3,6,15,6,9,3,3,1,0,2.2,3.4,3.25,2.2,3.3,3.4,2.2,3.35,3.3,2.27,3.41,3.42,2.25,3.4,3.25,2.3,3.3,3.3,2.34,3.52,3.45,2.24,3.38,3.34,2.0,1.8,2.09,1.83,2.1,1.87,2.03,1.8,-0.25,1.97,1.96,1.95,1.97,2.0,1.99,1.94,1.95,2.2,3.5,3.2,2.15,3.5,3.4,2.2,3.4,3.35,2.27,3.41,3.41,2.25,3.5,3.3,2.3,3.3,3.3,2.3,3.56,3.45,2.22,3.42,3.35,1.9,1.9,2.04,1.88,2.04,2.05,1.95,1.88,-0.25,1.95,1.98,1.96,1.97,1.97,2.05,1.93,1.96,0.4464285714285714,0.2958579881656805,0.29940119760479045,0.4285627514995065,0.2840179181535191,0.2874193303469745,3.1875,0.8,1.1,1.0,1.0,1.6,1.6,9.6,10.1,3.2,3.5,11.8,10.6,5.0,4.2,0.8,1.4,0.0,0.0,3.1875,0.8,1.2,1.0,1.3,1.4,1.2,14.4,12.5,4.4,4.0,9.8,8.4,6.2,6.0,2.2,2.0,0.2,0.1,0.8,1.1428571428571428,0.8,0.7142857142857143,1.4,1.0,0.8,1.0,1.2,1.2857142857142858,1.4,1.5714285714285714,0.0,0.0
142,2019-12-03 20:15:00,E0,03/12/2019,20:15,Burnley,Man City,1,4,A,0,1,A,J Moss,4,17,2,8,9,6,3,6,1,1,0,0,11.0,7.0,1.22,11.5,6.25,1.25,10.5,6.0,1.27,10.8,6.62,1.26,12.0,6.5,1.24,12.0,6.5,1.25,13.0,7.0,1.28,11.59,6.41,1.25,1.44,2.75,1.49,2.8,1.52,2.8,1.48,2.68,1.75,1.93,2.0,1.94,1.98,1.96,2.01,1.93,1.95,13.0,6.5,1.22,11.5,6.5,1.25,10.5,6.4,1.25,10.93,7.61,1.23,11.0,7.0,1.22,11.5,6.5,1.25,13.0,7.75,1.26,11.2,6.88,1.24,1.4,3.0,1.42,3.08,1.47,3.22,1.42,2.9,2.0,1.77,2.02,1.85,2.09,1.98,2.18,1.8,2.09,0.08628127696289906,0.15600624024961,0.8,0.08278068722692705,0.14967678080500538,0.7675425319680677,3.21875,1.2,1.4,1.6,1.5,1.8,1.4,11.8,11.1,5.2,4.3,12.4,11.1,6.4,5.9,2.4,2.3,0.0,0.0,3.3229166666666665,2.0,1.9,2.0,2.5,1.4,1.3,21.6,22.0,5.8,6.9,7.4,7.8,12.2,10.1,1.8,2.0,0.2,0.1,1.8,1.7142857142857142,1.6,1.5714285714285714,1.2,1.2857142857142858,1.4,1.8571428571428572,2.0,2.5714285714285716,1.8,1.4285714285714286,-0.8,-0.3999999999999999
143,2019-12-04 19:30:00,E0,04/12/2019,19:30,Chelsea,Aston Villa,2,1,H,1,1,D,C Kavanagh,25,9,9,3,18,10,9,5,2,1,0,0,1.28,5.75,10.0,1.28,5.75,10.5,1.33,5.5,8.3,1.31,5.94,10.36,1.27,5.8,11.0,1.29,5.75,11.0,1.33,6.2,11.25,1.3,5.85,9.89,1.4,3.0,1.43,3.03,1.47,3.03,1.42,2.86,-1.5,1.88,2.05,1.88,2.04,1.88,2.09,1.84,2.04,1.33,5.25,8.5,1.34,5.75,8.25,1.35,5.3,8.0,1.36,5.66,8.46,1.32,5.8,8.5,1.3,5.75,9.5,1.38,6.0,9.5,1.34,5.65,8.54,1.36,3.2,1.4,3.2,1.42,3.36,1.39,3.02,-1.5,1.92,2.01,1.92,2.01,1.97,2.02,1.91,1.98,0.7692307692307692,0.17094017094017094,0.10111223458038422,0.7387335048551745,0.1641630010789277,0.09710349406589758,4.1875,1.8,2.1,1.8,2.2,1.2,1.1,17.0,16.6,6.0,6.3,6.2,7.9,6.0,6.1,1.6,1.8,0.0,0.0,3.125,0.8,1.2,1.2,1.7,1.8,1.6,11.0,14.1,4.4,5.9,8.6,10.7,6.4,5.8,1.4,1.5,0.0,0.0,1.8,1.5714285714285714,1.2,1.2857142857142858,0.6,0.8571428571428571,0.8,0.5714285714285714,2.0,1.5714285714285714,2.2,2.142857142857143,1.0,0.6000000000000001
144,2019-12-04 19:30:00,E0,04/12/2019,19:30,Leicester,Watford,2,0,H,0,0,D,C Pawson,12,4,6,1,13,16,7,2,3,2,0,0,1.33,5.5,8.0,1.34,5.25,8.75,1.4,4.8,7.5,1.36,5.35,9.41,1.33,5.0,10.0,1.36,5.0,9.5,1.4,5.6,10.5,1.36,5.13,8.81,1.61,2.3,1.61,2.46,1.67,2.46,1.63,2.3,-1.5,2.07,1.72,2.15,1.79,2.16,1.84,2.08,1.79,1.33,5.25,8.5,1.33,5.5,9.25,1.37,5.0,8.0,1.39,5.26,8.29,1.35,5.25,8.5,1.36,5.4,8.5,1.42,5.7,9.5,1.36,5.32,8.55,1.53,2.5,1.56,2.6,1.6,2.65,1.53,2.52,-1.5,2.03,1.9,2.05,1.88,2.08,1.95,2.0,1.88,0.7352941176470588,0.19493177387914232,0.11350737797956867,0.7044846984663394,0.1867639746421485,0.10875132689151211,3.125,3.0,2.4,3.4,2.7,0.2,0.6,18.6,15.2,8.4,6.1,9.2,10.9,5.8,7.0,0.6,1.1,0.0,0.0,4.083333333333333,0.8,0.7,0.8,0.7,1.4,2.0,10.4,11.7,3.0,3.5,11.8,10.4,4.8,5.0,2.2,2.0,0.2,0.1,3.0,2.7142857142857144,2.6,2.2857142857142856,0.6,0.5714285714285714,0.8,0.7142857142857143,0.8,0.7142857142857143,2.6,2.142857142857143,2.2,2.5999999999999996
145,2019-12-04 19:30:00,E0,04/12/2019,19:30,Man United,Tottenham,2,1,H,1,1,D,P Tierney,12,8,7,5,9,9,4,3,0,1,0,0,2.75,3.4,2.55,2.65,3.5,2.6,2.65,3.3,2.65,2.71,3.57,2.65,2.7,3.4,2.6,2.75,3.4,2.63,2.77,3.6,2.7,2.69,3.47,2.61,1.8,2.0,1.8,2.12,1.87,2.12,1.8,2.03,0.0,1.99,1.94,1.99,1.94,2.01,1.94,1.97,1.91,2.5,3.4,2.8,2.6,3.4,2.75,2.65,3.3,2.65,2.6,3.5,2.82,2.62,3.4,2.8,2.63,3.4,2.75,2.72,3.52,2.88,2.59,3.4,2.79,1.8,2.0,1.88,2.04,1.88,2.11,1.84,2.0,0.0,1.88,2.05,1.88,2.05,1.94,2.08,1.87,2.02,0.3717472118959108,0.2881844380403458,0.3831417624521073,0.3563960191878608,0.2762839457104742,0.36732003510166494,3.125,1.6,1.3,2.2,1.4,1.6,1.3,16.8,13.8,7.4,5.4,11.6,11.5,7.4,6.4,2.6,2.3,0.0,0.0,4.1875,1.6,1.5,1.8,1.7,1.6,1.5,12.4,11.5,4.4,4.0,9.8,9.8,4.0,4.7,1.8,2.0,0.2,0.2,1.8,1.7142857142857142,1.6,1.8571428571428572,1.0,1.0,0.8,0.8571428571428571,1.2,1.4285714285714286,2.0,2.0,0.0,0.40000000000000013
146,2019-12-04 19:30:00,E0,04/12/2019,19:30,Southampton,Norwich,2,1,H,2,0,H,K Friend,14,10,5,3,12,7,6,1,1,1,0,0,1.72,4.0,4.2,1.75,4.0,4.33,1.85,3.7,4.1,1.79,4.09,4.41,1.75,4.0,4.4,1.75,4.0,4.6,1.85,4.15,4.6,1.78,3.99,4.35,1.57,2.37,1.6,2.48,1.64,2.48,1.59,2.37,-0.75,2.01,1.92,2.03,1.89,2.03,1.94,1.99,1.89,1.75,3.8,4.5,1.83,3.8,4.25,1.85,3.7,4.1,1.76,4.04,4.68,1.75,3.9,4.5,1.8,3.8,4.2,1.85,4.08,4.75,1.78,3.89,4.51,1.66,2.2,1.68,2.32,1.7,2.37,1.66,2.24,-0.75,2.0,1.93,2.0,1.93,2.05,1.94,2.0,1.89,0.5617977528089888,0.2506265664160401,0.2298850574712644,0.5389932829633218,0.24045314377812352,0.2205535732585547,4.083333333333333,0.8,0.8,1.2,1.1,3.2,2.6,9.0,11.9,4.2,4.8,10.0,10.6,4.2,4.3,1.0,1.1,0.2,0.1,3.2291666666666665,0.8,0.8,1.0,0.9,1.8,2.0,12.4,12.1,4.2,3.5,9.4,10.0,5.6,5.6,2.2,2.0,0.0,0.0,0.6,0.5714285714285714,1.0,1.0,3.8,3.142857142857143,0.8,0.5714285714285714,0.4,0.42857142857142855,1.2,1.7142857142857142,0.0,0.19999999999999996
147,2019-12-04 19:30:00,E0,04/12/2019,19:30,Wolves,West Ham,2,0,H,1,0,H,A Marriner,13,6,7,3,8,9,5,4,1,2,0,0,1.75,3.7,4.75,1.75,3.8,4.6,1.77,3.7,4.6,1.78,3.83,4.87,1.75,3.7,4.8,1.75,3.7,5.0,1.82,3.85,5.05,1.77,3.73,4.74,1.9,1.9,1.88,2.03,1.95,2.03,1.89,1.93,-0.75,2.03,1.9,2.03,1.9,2.05,1.93,2.01,1.87,1.66,3.8,5.25,1.72,3.8,5.0,1.67,3.9,4.95,1.67,4.13,5.31,1.65,3.9,5.25,1.7,3.9,5.25,1.75,4.2,5.5,1.68,3.95,5.16,1.8,2.0,1.82,2.1,1.9,2.11,1.81,2.03,-0.75,1.88,2.05,1.88,2.05,1.95,2.06,1.87,2.01,0.5649717514124294,0.2680965147453083,0.21097046413502107,0.5411406062052945,0.25678790160412096,0.20207149219058462,3.2291666666666665,1.8,1.7,1.4,1.5,1.0,1.2,17.0,12.7,5.6,4.1,14.2,11.8,7.4,5.4,2.0,1.7,0.0,0.1,4.1875,0.8,0.9,1.2,1.1,2.0,1.6,10.2,10.6,4.4,4.3,11.0,10.9,5.4,4.4,2.2,2.0,0.0,0.1,1.6,1.4285714285714286,1.6,1.4285714285714286,1.6,1.4285714285714286,1.0,1.2857142857142858,0.6,1.0,1.4,1.2857142857142858,1.0,0.19999999999999996
148,2019-12-04 20:15:00,E0,04/12/2019,20:15,Liverpool,Everton,5,2,H,4,2,H,M Dean,11,12,5,4,13,17,5,6,1,2,0,0,1.36,5.0,8.5,1.4,4.75,7.75,1.4,4.8,7.5,1.4,5.13,8.29,1.36,5.0,8.5,1.4,5.0,8.5,1.42,5.25,9.15,1.39,4.99,8.28,1.57,2.37,1.6,2.49,1.62,2.49,1.58,2.38,-1.25,1.91,2.02,1.92,2.01,1.92,2.05,1.87,2.01,1.6,4.0,5.5,1.62,4.1,5.75,1.4,4.8,7.5,1.66,4.11,5.59,1.6,4.0,5.8,1.55,4.3,6.25,1.67,4.8,7.5,1.62,4.04,5.79,1.66,2.2,1.68,2.31,1.82,2.33,1.69,2.2,-0.75,1.83,2.1,1.84,2.1,1.85,2.27,1.8,2.1,0.7194244604316548,0.2004008016032064,0.12077294685990339,0.6913566199539846,0.19258230495712192,0.11606107508889354,4.21875,3.0,2.8,2.2,2.0,1.0,0.9,17.0,15.6,7.0,6.3,7.6,8.3,6.8,5.8,1.2,1.2,0.2,0.1,3.15625,0.8,0.7,1.2,1.0,1.8,1.8,14.0,14.2,4.8,5.2,10.8,10.8,6.0,7.4,1.4,1.7,0.0,0.1,3.0,3.0,2.4,2.7142857142857144,1.0,1.0,0.6,0.5714285714285714,1.2,0.8571428571428571,2.0,1.7142857142857142,2.2,1.0000000000000002
149,2019-12-05 19:30:00,E0,05/12/2019,19:30,Sheffield United,Newcastle,0,2,A,0,1,A,S Attwell,13,6,6,4,10,6,8,1,2,0,0,0,1.83,3.4,4.6,1.83,3.4,4.75,1.95,3.3,4.2,1.87,3.56,4.75,1.85,3.4,4.6,1.83,3.4,4.8,1.95,3.56,4.85,1.86,3.45,4.62,2.3,1.61,2.41,1.63,2.42,1.65,2.33,1.61,-0.5,1.87,2.06,1.87,2.06,1.95,2.06,1.86,2.02,1.8,3.4,5.0,1.83,3.5,5.2,1.8,3.6,4.5,1.79,3.63,5.24,1.78,3.5,5.5,1.8,3.5,5.2,1.95,3.7,5.65,1.8,3.54,4.96,2.2,1.66,2.2,1.71,2.3,1.77,2.2,1.69,-0.5,1.75,2.05,1.79,2.16,1.9,2.17,1.79,2.08,0.5376344086021505,0.2898550724637681,0.21645021645021645,0.5150052343840875,0.27765499592881243,0.20733976968710016,4.229166666666667,1.4,1.4,1.8,1.2,1.2,0.8,11.6,10.6,5.2,3.8,11.6,10.1,4.6,5.8,2.0,2.1,0.0,0.1,5.291666666666667,1.6,1.2,1.6,1.0,1.6,1.7,12.4,10.1,5.6,3.5,7.6,8.7,3.6,2.8,1.4,1.4,0.2,0.2,1.4,1.4285714285714286,1.4,1.2857142857142858,1.0,1.0,0.6,0.8571428571428571,0.8,0.8571428571428571,2.6,2.2857142857142856,-0.20000000000000018,0.19999999999999996
150,2019-12-05 20:15:00,E0,05/12/2019,20:15,Arsenal,Brighton,1,2,A,0,1,A,G Scott,12,20,5,9,10,11,9,9,3,1,0,0,1.57,4.33,5.5,1.57,4.25,5.5,1.63,4.25,5.1,1.63,4.2,5.68,1.57,4.2,5.8,1.6,4.2,5.4,1.63,4.35,5.85,1.61,4.23,5.41,1.53,2.5,1.56,2.58,1.6,2.59,1.54,2.5,-1.0,2.05,1.88,2.07,1.85,2.07,1.91,2.01,1.86,1.61,4.33,5.0,1.6,4.33,5.5,1.53,4.1,6.3,1.66,4.32,5.17,1.63,4.2,5.0,1.67,4.3,4.8,1.68,4.64,6.3,1.64,4.28,5.07,1.5,2.62,1.5,2.76,1.53,2.88,1.48,2.65,-0.75,1.83,2.1,1.83,2.11,1.87,2.13,1.82,2.08,0.6211180124223602,0.23640661938534277,0.18484288354898337,0.5958723802034647,0.226797761732288,0.17732985806424736,4.260416666666667,0.8,1.2,1.4,1.4,1.8,1.5,12.2,12.3,4.6,4.3,11.4,11.1,8.4,8.5,2.0,2.5,0.0,0.1,5.21875,1.2,1.1,1.4,1.2,1.8,1.4,10.8,12.9,3.2,3.6,11.2,11.8,4.2,3.8,1.8,1.7,0.0,0.1,1.8,1.8571428571428572,1.8,1.8571428571428572,1.4,1.4285714285714286,0.2,0.5714285714285714,0.6,0.8571428571428571,1.8,1.8571428571428572,-0.3999999999999999,0.0
151,2019-12-07 12:30:00,E0,07/12/2019,12:30,Everton,Chelsea,3,1,H,1,0,H,C Pawson,13,15,7,4,14,9,1,5,3,0,0,0,3.5,3.75,2.0,3.5,3.75,2.0,3.45,3.7,2.05,3.59,3.95,2.03,3.5,3.75,2.0,3.6,3.7,2.05,3.65,3.95,2.08,3.52,3.8,2.02,1.72,2.1,1.74,2.22,1.75,2.28,1.69,2.18,0.5,1.88,2.05,1.9,2.03,1.9,2.06,1.86,2.02,3.1,3.8,2.15,3.1,3.75,2.2,3.7,3.5,2.0,3.37,3.81,2.15,3.4,3.75,2.15,3.3,3.7,2.15,3.7,3.88,2.21,3.31,3.75,2.13,1.61,2.3,1.66,2.37,1.74,2.42,1.64,2.29,0.25,2.05,1.88,2.05,1.88,2.14,1.91,2.02,1.87,0.2840909090909091,0.2631578947368421,0.49504950495049505,0.2725619975570264,0.2524784819475613,0.4749595204954123,2.6770833333333335,0.8,0.7,1.2,1.1,2.2,2.0,14.4,14.0,4.4,5.1,11.8,11.1,6.2,7.3,1.6,1.5,0.0,0.1,2.7083333333333335,1.8,2.1,1.4,1.9,1.0,1.0,18.8,17.6,6.4,6.6,8.2,8.6,6.6,6.5,1.6,1.8,0.0,0.0,0.8,1.4285714285714286,0.8,1.1428571428571428,1.6,1.4285714285714286,2.4,2.142857142857143,3.2,2.7142857142857144,1.6,2.0,-1.0,-0.19999999999999996
152,2019-12-07 15:00:00,E0,07/12/2019,15:00,Bournemouth,Liverpool,0,3,A,0,2,A,C Kavanagh,3,21,0,9,5,6,1,3,0,1,0,0,7.0,5.25,1.4,7.25,5.0,1.4,6.7,4.9,1.43,7.01,5.22,1.44,7.5,5.0,1.4,8.0,5.0,1.4,8.0,5.3,1.47,7.01,5.03,1.42,1.5,2.62,1.51,2.74,1.54,2.74,1.5,2.59,1.25,1.98,1.95,1.98,1.95,1.98,1.96,1.96,1.92,6.0,4.5,1.5,6.25,4.6,1.5,7.0,4.8,1.43,6.58,4.63,1.51,7.0,4.5,1.47,6.5,4.6,1.5,7.0,5.0,1.55,6.39,4.63,1.5,1.57,2.37,1.63,2.43,1.63,2.5,1.59,2.38,1.0,2.05,1.88,2.06,1.87,2.17,1.9,2.07,1.82,0.14265335235378032,0.19880715705765406,0.7042253521126761,0.13642084836631518,0.190121301599974,0.6734578500337108,3.8125,0.6,0.9,1.0,1.0,1.6,1.2,12.6,11.8,4.0,3.7,11.2,9.4,6.0,6.2,2.2,2.3,0.2,0.1,2.78125,3.0,2.8,2.8,2.2,1.2,1.0,15.0,14.6,5.4,5.9,8.4,9.1,6.2,5.3,0.8,1.3,0.2,0.1,1.6,1.2857142857142858,1.4,1.2857142857142858,1.0,1.2857142857142858,2.6,2.7142857142857144,1.6,1.8571428571428572,0.8,0.7142857142857143,-2.4,-1.7999999999999998
153,2019-12-07 15:00:00,E0,07/12/2019,15:00,Tottenham,Burnley,5,0,H,3,0,H,K Friend,13,7,7,1,12,8,1,1,1,1,0,0,1.4,4.75,8.0,1.42,4.75,7.5,1.42,4.8,7.1,1.41,4.93,8.39,1.38,4.75,8.5,1.4,4.75,8.5,1.45,5.0,9.1,1.41,4.82,7.98,1.57,2.37,1.63,2.41,1.64,2.52,1.59,2.35,-1.25,1.97,1.96,1.97,1.96,1.98,2.0,1.92,1.95,1.4,4.75,7.5,1.4,5.0,7.75,1.4,4.9,7.5,1.45,4.95,7.29,1.42,4.75,7.5,1.44,4.6,7.5,1.49,5.0,8.5,1.43,4.82,7.55,1.61,2.3,1.62,2.44,1.65,2.47,1.62,2.32,-1.25,2.02,1.91,2.01,1.93,2.05,2.01,1.98,1.91,0.7092198581560284,0.20746887966804978,0.12531328320802004,0.6806319410528103,0.19910602424988846,0.12026203469730105,2.8125,1.6,1.2,1.8,1.4,1.6,1.7,11.8,11.0,4.6,4.0,9.4,8.8,4.0,4.6,1.4,1.7,0.2,0.2,3.78125,1.2,1.3,1.4,1.5,1.8,1.7,10.0,10.8,4.6,4.4,12.8,11.3,6.0,5.6,2.0,2.2,0.0,0.0,2.2,2.0,2.2,2.0,1.0,1.0,1.0,0.8571428571428571,1.4,1.2857142857142858,1.6,1.5714285714285714,0.40000000000000013,0.40000000000000013
154,2019-12-07 15:00:00,E0,07/12/2019,15:00,Watford,Crystal Palace,0,0,D,0,0,D,M Atkinson,13,3,3,0,15,16,6,2,4,2,0,0,2.37,3.3,3.1,2.3,3.3,3.2,2.35,3.3,3.1,2.38,3.42,3.18,2.35,3.3,3.1,2.38,3.3,3.2,2.5,3.45,3.22,2.37,3.34,3.12,2.0,1.8,2.08,1.83,2.12,1.83,2.05,1.78,-0.25,2.06,1.87,2.05,1.88,2.15,1.89,2.04,1.85,2.4,3.4,2.9,2.5,3.25,3.0,2.4,3.25,3.05,2.48,3.37,3.05,2.4,3.4,3.1,2.45,3.25,3.1,2.61,3.48,3.2,2.44,3.32,3.03,2.0,1.8,2.12,1.81,2.2,1.83,2.09,1.76,-0.25,2.13,1.81,2.13,1.81,2.22,1.84,2.11,1.8,0.42194092827004215,0.29940119760479045,0.3205128205128205,0.40499008977497963,0.2873732074151802,0.3076367028098403,2.8125,0.6,0.6,0.8,0.5,1.8,2.0,9.8,9.0,2.6,2.9,12.2,10.6,4.2,4.5,1.6,1.9,0.2,0.1,3.8125,1.2,1.4,0.8,1.1,1.2,1.2,9.0,9.7,2.8,3.1,11.2,10.1,5.2,4.5,1.4,1.5,0.2,0.1,0.6,0.42857142857142855,0.6,0.5714285714285714,1.4,1.8571428571428572,1.4,1.4285714285714286,1.2,1.1428571428571428,1.8,1.5714285714285714,-0.6,0.0
155,2019-12-07 17:30:00,E0,07/12/2019,17:30,Man City,Man United,1,2,A,0,2,A,A Taylor,22,11,5,7,10,10,16,3,3,2,0,0,1.3,5.5,10.0,1.3,5.75,9.25,1.3,5.6,9.4,1.31,5.89,10.48,1.29,5.5,11.0,1.3,5.5,11.0,1.35,6.05,11.0,1.31,5.67,9.9,1.5,2.62,1.5,2.77,1.53,2.77,1.49,2.63,-1.5,1.89,2.04,1.88,2.05,1.92,2.06,1.87,2.01,1.3,5.75,9.0,1.33,5.75,9.0,1.35,5.3,8.0,1.32,6.2,9.5,1.3,5.8,9.0,1.33,5.4,9.5,1.37,6.3,9.75,1.33,5.76,8.91,1.5,2.62,1.49,2.81,1.52,2.82,1.48,2.65,-1.5,1.94,1.99,1.93,2.01,2.05,2.01,1.93,1.95,0.7633587786259541,0.1763668430335097,0.10101010101010101,0.7334799430809216,0.16946362000635048,0.097056436912728,3.8854166666666665,2.0,2.2,2.2,2.7,1.6,1.1,20.0,21.2,5.6,6.9,6.6,7.7,10.8,9.1,1.8,2.0,0.0,0.1,2.9166666666666665,1.6,1.3,2.0,1.5,1.6,1.4,15.0,14.0,6.6,5.6,11.4,11.0,6.2,6.5,2.2,2.2,0.0,0.0,2.4,2.2857142857142856,3.0,3.0,0.8,0.8571428571428571,0.8,0.8571428571428571,1.2,1.1428571428571428,1.6,1.4285714285714286,0.3999999999999999,0.20000000000000018
156,2019-12-08 14:00:00,E0,08/12/2019,14:00,Aston Villa,Leicester,1,4,A,1,2,A,M Oliver,15,23,2,8,21,15,8,5,6,2,0,0,4.33,3.8,1.8,4.5,3.9,1.75,4.1,3.85,1.83,4.38,3.92,1.84,4.2,3.9,1.8,4.2,3.9,1.8,4.5,4.07,1.9,4.27,3.88,1.82,1.61,2.3,1.65,2.38,1.66,2.4,1.62,2.31,0.75,1.83,2.1,1.85,2.08,1.86,2.13,1.82,2.06,4.75,4.2,1.65,4.6,4.1,1.72,4.6,4.1,1.7,4.98,4.16,1.7,5.25,4.2,1.67,5.2,4.1,1.65,5.4,4.35,1.74,4.84,4.16,1.69,1.53,2.5,1.58,2.54,1.68,2.55,1.57,2.43,1.0,1.72,2.07,1.78,2.18,1.89,2.21,1.75,2.16,0.234192037470726,0.2577319587628866,0.5494505494505494,0.22488742253332739,0.24749208613848145,0.5276204913281911,3.7708333333333335,0.8,1.1,1.4,1.8,1.6,1.8,10.6,14.0,4.0,5.7,9.6,10.4,6.0,6.1,1.4,1.4,0.0,0.0,3.7708333333333335,3.0,2.7,2.0,2.9,0.2,0.5,16.0,15.5,6.6,6.4,9.4,10.8,5.8,6.8,1.2,1.2,0.0,0.0,1.6,1.5714285714285714,1.4,1.4285714285714286,1.0,1.0,1.8,1.8571428571428572,2.8,2.4285714285714284,0.6,0.7142857142857143,-2.2,-0.6000000000000001
157,2019-12-08 14:00:00,E0,08/12/2019,14:00,Newcastle,Southampton,2,1,H,0,0,D,D Coote,12,19,6,4,11,17,3,12,1,3,0,0,2.5,3.2,2.9,2.6,3.2,2.8,2.6,3.2,2.85,2.64,3.3,2.9,2.6,3.2,2.8,2.55,3.2,2.88,2.7,3.32,3.1,2.59,3.23,2.87,2.1,1.72,2.17,1.76,2.17,1.78,2.12,1.73,0.0,1.86,2.07,1.87,2.06,1.88,2.08,1.84,2.03,2.55,3.3,2.8,2.55,3.3,2.9,2.55,3.3,2.8,2.59,3.42,2.87,2.6,3.25,2.8,2.63,3.3,2.8,2.7,3.44,2.95,2.6,3.31,2.83,1.9,1.9,1.99,1.93,2.1,1.94,2.0,1.83,0.0,1.88,2.05,1.86,2.06,1.93,2.08,1.86,2.02,0.3861003861003861,0.30959752321981426,0.3484320557491289,0.3697819227654762,0.29651243961689894,0.3337056376176249,2.7708333333333335,2.0,1.5,1.8,1.1,1.4,1.4,11.0,9.9,6.0,3.8,7.2,8.9,3.2,2.8,1.0,1.4,0.0,0.2,3.7708333333333335,1.4,0.8,1.6,1.2,1.6,2.7,10.6,12.2,4.6,4.6,11.8,11.1,5.0,4.3,1.2,1.1,0.0,0.1,1.8,1.4285714285714286,1.2,1.0,0.8,0.8571428571428571,1.0,1.1428571428571428,1.2,1.1428571428571428,1.4,1.4285714285714286,0.6000000000000001,0.19999999999999996
158,2019-12-08 14:00:00,E0,08/12/2019,14:00,Norwich,Sheffield United,1,2,A,1,0,H,S Hooper,14,9,4,3,6,12,9,1,0,4,0,0,2.9,3.5,2.37,2.85,3.5,2.4,2.95,3.4,2.4,3.04,3.51,2.42,2.9,3.5,2.38,2.9,3.5,2.4,3.3,3.58,2.6,2.98,3.45,2.4,1.8,2.0,1.92,2.0,1.92,2.08,1.84,1.99,0.25,1.82,2.08,1.84,2.09,1.85,2.2,1.81,2.06,3.1,3.5,2.25,3.0,3.5,2.35,3.1,3.4,2.3,3.18,3.57,2.31,3.1,3.5,2.25,3.2,3.4,2.3,3.3,3.6,2.38,3.14,3.48,2.3,1.9,1.9,1.9,2.02,1.93,2.04,1.87,1.95,0.25,1.91,1.99,1.92,2.01,1.94,2.05,1.9,1.98,0.33557046979865773,0.2898550724637681,0.4166666666666667,0.3220161008050403,0.2781472406953681,0.39983665849959166,3.7708333333333335,0.8,0.5,1.0,0.7,1.6,2.0,12.4,12.4,4.2,3.5,8.2,9.9,5.6,5.4,2.0,1.8,0.0,0.0,2.7708333333333335,1.2,1.4,1.6,1.2,1.4,0.9,12.2,10.2,5.6,4.0,11.6,10.1,5.4,5.4,2.0,2.2,0.0,0.0,0.8,1.0,1.4,1.7142857142857142,2.8,2.5714285714285716,1.4,1.2857142857142858,1.0,1.1428571428571428,0.6,0.8571428571428571,-0.3999999999999999,-0.6000000000000001
159,2019-12-08 16:30:00,E0,08/12/2019,16:30,Brighton,Wolves,2,2,D,2,2,D,J Moss,13,13,4,5,10,7,3,4,3,0,0,0,2.62,3.1,2.87,2.7,3.1,2.8,2.7,3.1,2.8,2.72,3.23,2.86,2.7,3.1,2.8,2.7,3.1,2.8,2.8,3.25,2.95,2.69,3.16,2.81,2.3,1.61,2.34,1.67,2.38,1.68,2.29,1.63,0.0,1.93,2.0,1.92,2.01,1.94,2.01,1.9,1.97,2.6,3.2,2.87,2.65,3.2,2.85,2.55,3.15,2.9,2.65,3.22,2.98,2.55,3.1,3.0,2.6,3.2,2.9,2.8,3.26,3.13,2.64,3.19,2.88,2.1,1.72,2.18,1.76,2.21,1.83,2.12,1.73,0.0,1.83,2.1,1.85,2.09,1.97,2.23,1.83,2.06,0.3717472118959108,0.3164556962025316,0.35587188612099646,0.35605419645613884,0.3030967685022194,0.3408490350416418,2.84375,1.2,1.3,1.2,1.3,1.6,1.4,13.2,13.5,4.2,4.0,11.0,11.6,6.0,4.4,1.6,1.8,0.0,0.1,3.875,2.2,2.0,1.6,1.5,0.8,0.7,17.0,12.9,6.0,4.4,12.8,11.8,7.2,5.2,1.8,1.7,0.0,0.1,2.0,1.5714285714285714,1.8,1.4285714285714286,1.0,1.1428571428571428,1.8,1.4285714285714286,1.4,1.2857142857142858,0.8,1.0,-1.0000000000000002,-0.40000000000000013
160,2019-12-09 20:00:00,E0,09/12/2019,20:00,West Ham,Arsenal,1,3,A,1,0,H,M Dean,11,10,4,3,12,6,4,3,2,0,0,0,3.3,4.0,2.0,3.6,4.0,1.91,3.4,3.95,1.97,3.5,4.1,2.02,3.4,4.2,1.95,3.5,4.0,1.95,3.6,4.25,2.08,3.43,4.02,1.98,1.44,2.75,1.48,2.85,1.48,2.9,1.44,2.78,0.5,1.92,2.01,1.91,2.02,1.94,2.02,1.88,1.99,3.6,4.0,1.9,3.7,4.1,1.9,3.5,3.7,2.0,3.61,4.3,1.95,3.8,4.2,1.88,3.6,4.1,1.93,4.08,4.33,2.01,3.57,4.16,1.93,1.36,3.2,1.4,3.21,1.45,3.22,1.39,3.01,0.5,1.97,1.96,1.99,1.95,1.99,1.99,1.95,1.93,0.29154518950437314,0.24875621890547267,0.5050505050505051,0.27889669091367775,0.2379640919984863,0.4831392170878358,5.020833333333333,0.6,0.8,1.0,1.1,2.2,1.8,9.0,9.9,4.2,4.5,11.4,10.6,4.2,4.4,2.2,2.1,0.0,0.0,3.9895833333333335,0.6,1.1,1.2,1.3,1.8,1.5,11.6,12.5,4.4,4.4,9.8,11.7,7.8,9.3,2.2,2.5,0.0,0.1,0.8,1.0,1.6,1.4285714285714286,1.8,2.0,0.6,0.8571428571428571,1.0,1.0,1.6,1.5714285714285714,0.0,-0.19999999999999996
161,2019-12-14 12:30:00,E0,14/12/2019,12:30,Liverpool,Watford,2,0,H,1,0,H,A Marriner,16,8,6,2,8,6,6,3,2,1,0,0,1.16,7.5,17.0,1.16,8.0,15.5,1.17,7.5,15.0,1.18,7.93,16.56,1.15,7.5,19.0,1.17,7.5,20.0,1.2,8.2,21.0,1.17,7.72,16.32,1.4,3.0,1.39,3.2,1.42,3.2,1.39,3.01,-2.0,1.86,2.04,1.89,2.03,1.9,2.18,1.84,2.03,1.16,7.5,15.0,1.18,7.75,16.0,1.15,7.6,18.5,1.2,7.46,15.82,1.17,7.5,17.0,1.18,8.0,15.0,1.22,8.58,18.5,1.18,7.65,15.15,1.3,3.5,1.35,3.48,1.35,3.76,1.32,3.39,-2.25,2.02,1.77,2.15,1.8,2.18,1.89,2.1,1.79,0.8547008547008548,0.1295336787564767,0.061274509803921566,0.8174973331983711,0.1238953212230692,0.058607345578559684,6.895833333333333,3.0,2.8,3.0,2.3,1.0,0.9,14.2,16.1,6.0,6.5,7.8,8.4,4.8,5.2,0.6,1.1,0.2,0.1,6.895833333333333,0.8,0.7,0.6,0.5,1.4,1.2,10.0,9.8,2.6,2.8,13.6,11.2,5.2,4.7,1.6,2.1,0.2,0.1,3.0,3.0,2.8,3.0,1.2,1.125,0.8,0.625,0.8,0.625,1.4,2.125,2.2,2.4
162,2019-12-14 15:00:00,E0,14/12/2019,15:00,Burnley,Newcastle,1,0,H,0,0,D,T Robinson,7,9,4,0,15,12,4,3,0,2,0,0,1.95,3.4,4.0,1.91,3.6,4.0,1.93,3.45,4.15,1.94,3.62,4.28,1.95,3.5,4.0,1.95,3.4,4.3,2.02,3.62,4.3,1.96,3.5,4.07,2.1,1.72,2.16,1.78,2.2,1.8,2.11,1.74,-0.5,1.94,1.96,1.94,1.99,1.99,1.99,1.94,1.92,1.95,3.5,3.9,2.05,3.4,3.9,1.97,3.35,4.1,2.01,3.52,4.12,1.95,3.5,4.0,1.95,3.4,4.3,2.05,3.58,4.3,1.99,3.44,4.01,2.3,1.61,2.37,1.65,2.38,1.75,2.28,1.64,-0.5,1.98,1.92,2.01,1.93,2.02,1.96,1.98,1.89,0.5102040816326531,0.2857142857142857,0.24570024570024568,0.4898185144177538,0.2742983680739421,0.235883117508304,7.0,1.2,1.0,1.4,1.3,2.2,2.2,10.2,10.2,4.8,3.9,12.0,11.0,5.0,5.0,1.8,2.3,0.0,0.0,6.041666666666667,2.0,1.7,1.6,1.3,1.2,1.5,11.0,10.0,5.4,4.0,8.0,8.8,3.2,2.6,1.0,1.3,0.0,0.2,1.2,1.5,1.4,1.5,2.0,1.625,1.2,1.125,1.0,1.0,2.0,2.0,-0.8,-0.20000000000000018
163,2019-12-14 15:00:00,E0,14/12/2019,15:00,Chelsea,Bournemouth,0,1,A,0,0,D,G Scott,18,11,5,2,9,14,9,4,1,2,0,0,1.25,6.0,12.0,1.26,6.25,10.0,1.25,6.1,11.0,1.24,6.74,12.57,1.24,6.5,12.0,1.25,6.5,11.5,1.28,7.0,13.0,1.25,6.48,11.64,1.4,3.0,1.41,3.12,1.43,3.12,1.4,2.94,-1.75,1.87,2.03,1.86,2.05,1.9,2.06,1.85,2.02,1.22,6.5,12.0,1.22,6.75,13.5,1.25,6.1,11.0,1.24,7.01,12.05,1.22,6.5,13.0,1.22,7.0,11.5,1.26,7.2,14.0,1.23,6.82,12.38,1.44,2.75,1.43,3.01,1.47,3.01,1.43,2.83,-2.0,2.07,1.83,2.07,1.85,2.12,1.87,2.06,1.81,0.8,0.15432098765432098,0.0859106529209622,0.7690594755967748,0.14835252229876056,0.08258800210446465,7.104166666666667,1.2,2.1,1.2,1.9,1.4,1.1,18.6,17.8,5.2,6.8,9.0,8.7,6.4,6.4,1.2,1.5,0.0,0.0,7.0,0.0,0.6,0.8,0.7,2.2,1.4,10.8,11.5,2.8,3.4,9.4,9.0,5.4,5.8,1.4,2.0,0.2,0.1,2.4,1.75,1.4,1.375,0.4,0.875,0.2,0.875,0.6,1.125,1.4,1.5,1.2,0.3999999999999999
164,2019-12-14 15:00:00,E0,14/12/2019,15:00,Leicester,Norwich,1,1,D,1,1,D,A Madley,18,10,5,3,11,15,12,4,0,4,0,0,1.22,6.5,13.0,1.22,6.5,13.5,1.22,6.6,12.0,1.23,6.8,13.95,1.2,6.5,15.0,1.22,6.5,15.0,1.25,7.35,15.0,1.22,6.73,13.29,1.44,2.75,1.45,2.93,1.47,2.95,1.43,2.83,-2.0,2.05,1.85,2.08,1.84,2.09,1.89,2.04,1.83,1.22,6.5,12.0,1.26,6.5,11.0,1.22,6.7,12.0,1.25,6.89,11.49,1.22,6.5,13.0,1.25,6.5,11.5,1.26,7.26,13.5,1.24,6.73,11.75,1.36,3.2,1.39,3.23,1.42,3.36,1.37,3.08,-1.75,1.85,2.05,1.87,2.04,1.9,2.09,1.84,2.04,0.819672131147541,0.1485884101040119,0.07524454477050414,0.7854989325181067,0.14239356577594206,0.07210750170595111,6.041666666666667,3.0,2.7,2.4,3.1,0.4,0.5,17.8,16.2,7.2,6.5,9.2,10.7,5.6,6.5,1.2,1.3,0.0,0.0,6.041666666666667,0.8,0.5,1.2,0.8,1.6,2.0,13.8,12.7,5.0,3.7,7.8,9.5,6.8,6.0,1.8,1.7,0.0,0.0,3.0,2.75,2.6,2.25,0.4,0.5,0.8,0.5,0.6,0.5,1.2,1.75,2.2,1.2
165,2019-12-14 15:00:00,E0,14/12/2019,15:00,Sheffield United,Aston Villa,2,0,H,0,0,D,P Bankes,7,8,3,0,10,9,3,2,2,2,0,0,1.85,3.75,4.2,1.87,3.7,4.1,1.85,3.7,4.15,1.88,3.83,4.3,1.85,3.7,4.2,1.85,3.7,4.33,1.93,3.9,4.35,1.86,3.75,4.17,1.8,2.0,1.81,2.12,1.87,2.12,1.81,2.02,-0.5,1.86,2.04,1.88,2.05,1.93,2.08,1.85,2.01,1.75,3.9,4.4,1.83,3.75,4.33,1.85,3.6,4.3,1.79,3.89,4.68,1.78,3.75,4.5,1.75,3.9,4.6,1.9,4.0,5.0,1.78,3.88,4.51,1.72,2.1,1.71,2.26,1.75,2.28,1.7,2.17,-0.75,2.02,1.88,2.04,1.88,2.07,1.93,1.99,1.88,0.5376344086021505,0.26666666666666666,0.23980815347721823,0.5149216133716622,0.2554011202323445,0.22967726639599326,6.041666666666667,1.2,1.4,1.4,1.2,1.6,1.0,11.4,10.9,5.0,4.2,12.4,10.4,4.2,5.2,2.6,2.3,0.0,0.0,6.041666666666667,0.8,1.1,1.4,1.7,2.0,1.9,12.6,14.1,4.0,5.0,11.4,11.0,7.2,6.5,2.4,1.9,0.0,0.0,1.4,1.25,1.4,1.125,1.2,1.125,0.8,0.5,1.8,1.5,2.0,2.125,0.3999999999999999,0.0
166,2019-12-14 17:30:00,E0,14/12/2019,17:30,Southampton,West Ham,0,1,A,0,1,A,M Atkinson,11,11,2,4,9,14,5,8,1,3,0,0,1.9,3.8,3.8,1.91,3.8,3.8,1.9,3.8,3.8,1.94,3.95,3.87,1.91,3.8,3.75,1.93,3.8,3.9,1.98,4.0,3.95,1.92,3.86,3.83,1.61,2.3,1.64,2.41,1.67,2.43,1.61,2.33,-0.5,1.92,1.98,1.94,1.98,1.95,2.0,1.91,1.95,1.75,4.0,4.2,1.83,4.0,4.1,1.95,3.7,3.7,1.83,4.01,4.29,1.8,4.0,4.33,1.8,3.9,4.33,1.97,4.12,4.4,1.81,3.99,4.19,1.57,2.37,1.65,2.38,1.67,2.5,1.6,2.37,-0.5,1.75,2.05,1.83,2.1,1.95,2.13,1.81,2.06,0.5208333333333334,0.2590673575129534,0.2610966057441253,0.500321504233703,0.24886458241676424,0.25081391334953257,6.145833333333333,1.4,0.8,1.6,1.2,1.6,2.6,13.8,11.6,4.8,4.4,13.2,12.0,7.4,5.1,1.6,1.3,0.0,0.1,4.895833333333333,0.6,0.5,0.8,1.0,2.2,2.1,8.0,10.2,3.8,4.3,11.8,11.0,3.6,4.5,2.2,2.1,0.0,0.0,1.2,0.875,1.2,1.125,3.4,2.875,0.8,1.125,0.6,0.875,1.8,1.375,0.7999999999999999,0.8
167,2019-12-15 14:00:00,E0,15/12/2019,14:00,Man United,Everton,1,1,D,0,1,A,M Oliver,24,8,8,3,10,12,6,5,1,2,0,0,1.8,3.7,4.5,1.75,3.75,4.75,1.7,3.8,5.0,1.8,3.73,4.87,1.78,3.6,4.8,1.75,3.75,4.75,1.82,3.89,5.0,1.78,3.71,4.76,1.8,2.0,1.81,2.12,1.85,2.12,1.8,2.03,-0.75,2.02,1.88,2.05,1.88,2.05,1.91,2.0,1.87,1.61,4.0,5.5,1.65,4.0,5.5,1.67,3.9,5.0,1.69,4.01,5.32,1.65,3.9,5.25,1.67,4.0,5.25,1.72,4.13,5.6,1.67,3.97,5.28,1.72,2.1,1.78,2.15,1.79,2.26,1.74,2.11,-0.75,1.88,2.02,1.9,2.03,1.92,2.09,1.85,2.02,0.5617977528089888,0.2695417789757412,0.21008403361344538,0.5394517384424582,0.2588205106273788,0.20172775093016293,7.854166666666667,2.2,1.6,2.4,1.7,1.6,1.3,14.2,14.2,7.2,6.0,11.0,11.1,4.8,6.1,2.0,2.2,0.0,0.0,8.0625,1.2,1.0,1.6,1.4,2.2,1.9,15.6,13.7,5.2,5.5,12.8,11.6,5.4,6.2,2.0,1.7,0.0,0.1,1.8,1.875,1.8,1.875,1.2,1.0,0.6,0.5,1.4,1.0,2.4,2.125,1.0000000000000002,0.7999999999999998
168,2019-12-15 14:00:00,E0,15/12/2019,14:00,Wolves,Tottenham,1,2,A,0,1,A,S Attwell,18,9,5,5,14,10,11,2,4,4,0,0,3.25,3.4,2.25,3.2,3.5,2.2,3.2,3.4,2.25,3.2,3.5,2.33,3.2,3.4,2.25,3.2,3.4,2.25,3.35,3.6,2.35,3.22,3.45,2.26,1.9,1.9,1.93,1.98,1.95,1.98,1.9,1.92,0.25,1.92,1.98,1.91,2.02,1.98,2.02,1.92,1.95,2.87,3.6,2.37,2.95,3.5,2.4,2.85,3.5,2.4,2.88,3.65,2.47,2.9,3.6,2.45,2.9,3.5,2.45,2.95,3.75,2.5,2.89,3.57,2.42,1.8,2.0,1.83,2.09,1.88,2.14,1.79,2.04,0.25,1.8,2.1,1.79,2.14,1.84,2.15,1.79,2.1,0.3105590062111801,0.2898550724637681,0.4424778761061947,0.2977863668306394,0.27793394237526353,0.42427969079409694,6.895833333333333,2.2,2.0,1.8,1.6,1.0,0.8,14.6,12.8,5.4,4.5,11.2,11.5,6.2,4.9,1.4,1.6,0.0,0.0,7.958333333333333,2.0,1.5,2.6,1.8,1.4,1.5,13.6,11.2,5.6,4.3,10.2,8.7,3.8,4.5,1.2,1.6,0.0,0.2,2.2,1.625,1.6,1.5,0.6,1.25,0.8,0.75,1.2,1.375,2.0,2.0,0.20000000000000018,-0.8
169,2019-12-15 16:30:00,E0,15/12/2019,16:30,Arsenal,Man City,0,3,A,0,3,A,P Tierney,6,14,1,7,9,24,3,3,1,4,0,0,6.0,5.25,1.44,6.25,5.5,1.42,6.0,5.2,1.45,5.8,5.5,1.48,6.0,5.25,1.44,6.5,5.25,1.4,6.5,5.7,1.49,6.03,5.33,1.45,1.33,3.4,1.35,3.45,1.35,3.55,1.32,3.32,1.25,1.99,1.91,1.99,1.93,2.02,1.95,1.97,1.9,6.5,6.0,1.36,6.5,5.75,1.4,6.2,5.3,1.42,7.29,5.83,1.38,6.5,5.8,1.38,7.0,5.5,1.4,7.35,6.26,1.42,6.7,5.78,1.39,1.28,3.75,1.31,3.76,1.33,3.94,1.3,3.54,1.5,1.91,1.99,1.95,1.98,1.95,2.05,1.88,1.99,0.16583747927031509,0.18761726078799248,0.6896551724137931,0.1589837056358628,0.17986336678879036,0.6611529275753467,5.854166666666667,1.0,1.1,1.6,1.3,1.8,1.4,11.6,11.4,4.2,4.1,9.8,11.0,6.8,8.7,2.2,2.0,0.0,0.0,7.958333333333333,1.4,1.9,2.0,2.0,1.8,1.3,19.2,20.6,5.8,6.3,6.4,8.2,10.6,10.2,1.8,2.1,0.0,0.1,1.2,1.625,1.4,1.75,1.4,1.5,2.0,2.0,2.4,2.75,1.4,1.375,-0.3999999999999999,-0.3999999999999999
170,2019-12-16 19:45:00,E0,16/12/2019,19:45,Crystal Palace,Brighton,1,1,D,0,0,D,C Pawson,11,15,4,10,7,12,3,7,1,1,0,0,2.55,3.25,2.87,2.5,3.25,2.9,2.55,3.2,2.85,2.58,3.28,2.98,2.5,3.25,2.9,2.55,3.2,2.9,2.65,3.34,3.0,2.55,3.22,2.91,2.2,1.66,2.18,1.76,2.28,1.76,2.18,1.69,0.0,1.83,2.07,1.83,2.11,1.86,2.12,1.81,2.06,2.75,3.25,2.7,2.75,3.2,2.75,2.8,3.2,2.65,2.86,3.27,2.7,2.88,3.3,2.7,2.88,3.25,2.63,3.0,3.3,2.85,2.8,3.22,2.68,2.1,1.72,2.15,1.78,2.24,1.82,2.1,1.75,0.0,2.02,1.88,2.02,1.91,2.07,1.93,1.99,1.88,0.3921568627450981,0.3105590062111801,0.3436426116838488,0.3747825147889944,0.2967998176124023,0.3284176675986033,9.197916666666666,1.4,1.4,0.8,1.0,0.8,1.1,7.2,8.7,2.2,2.7,11.4,11.0,4.6,4.1,1.4,1.5,0.2,0.1,8.135416666666666,0.8,1.3,1.2,1.5,2.0,1.6,11.6,13.2,4.0,4.1,10.8,11.8,5.0,4.4,2.2,2.0,0.0,0.1,1.2,1.375,0.8,0.75,1.2,0.875,0.6,0.875,1.0,1.0,2.0,1.75,0.5999999999999999,-0.3999999999999999
171,2019-12-21 12:30:00,E0,21/12/2019,12:30,Everton,Arsenal,0,0,D,0,0,D,K Friend,9,6,0,2,10,11,5,4,2,3,0,0,2.3,3.8,2.87,2.3,3.75,2.85,2.3,3.65,2.85,2.34,3.8,2.94,2.3,3.7,2.9,2.3,3.75,3.0,2.4,3.88,3.0,2.33,3.75,2.9,1.57,2.37,1.6,2.48,1.61,2.55,1.57,2.4,-0.25,2.05,1.88,2.05,1.87,2.09,1.91,2.03,1.84,2.05,3.8,3.25,2.1,3.8,3.3,2.1,3.8,3.2,2.14,3.84,3.34,2.2,3.8,3.25,2.1,3.8,3.3,2.22,3.95,3.42,2.12,3.82,3.25,1.53,2.5,1.56,2.6,1.56,2.79,1.52,2.53,-0.25,1.87,2.06,1.88,2.06,1.94,2.1,1.85,2.03,0.4291845493562232,0.26666666666666666,0.3448275862068966,0.41240827471131425,0.2562430080206299,0.3313487172680559,5.9375,0.8,1.1,1.4,1.4,2.2,1.7,12.4,13.3,4.8,5.0,12.8,12.4,4.6,6.2,2.2,1.7,0.0,0.1,5.833333333333333,1.0,1.0,1.6,1.2,2.0,1.6,11.2,11.0,4.2,3.7,9.6,10.6,6.6,8.3,2.2,1.9,0.0,0.0,1.4,1.625,1.4,1.375,1.4,1.375,1.0,1.125,1.2,1.25,1.4,1.5,-0.19999999999999996,-0.20000000000000018
172,2019-12-21 15:00:00,E0,21/12/2019,15:00,Aston Villa,Southampton,1,3,A,0,2,A,C Pawson,19,17,6,8,16,15,7,5,2,1,0,0,2.4,3.6,2.8,2.35,3.6,2.85,2.4,3.55,2.8,2.5,3.52,2.9,2.45,3.5,2.8,2.4,3.6,2.88,2.5,3.74,3.0,2.43,3.54,2.87,1.61,2.3,1.63,2.41,1.67,2.41,1.62,2.31,0.0,1.75,2.05,1.82,2.11,1.83,2.14,1.78,2.09,2.4,3.8,2.7,2.55,3.6,2.7,2.5,3.6,2.7,2.53,3.75,2.71,2.5,3.6,2.7,2.5,3.6,2.75,2.6,3.84,2.9,2.5,3.64,2.72,1.57,2.37,1.63,2.43,1.67,2.49,1.61,2.34,0.0,1.87,2.06,1.89,2.03,1.89,2.1,1.85,2.02,0.4115226337448559,0.2824858757062147,0.3484320557491289,0.39476843810833806,0.2709851142947067,0.3342464475969552,7.0,0.8,1.0,1.2,1.5,2.0,1.9,11.6,13.3,3.2,4.7,11.6,10.9,7.0,6.0,2.2,2.0,0.0,0.0,6.895833333333333,1.4,0.8,1.4,1.1,1.4,2.5,15.2,11.3,4.6,4.0,12.6,11.3,7.4,5.0,1.6,1.2,0.0,0.1,1.4,1.375,1.6,1.375,1.8,1.375,0.4,1.0,1.2,1.125,1.8,1.5,-0.5999999999999999,-0.19999999999999996
173,2019-12-21 15:00:00,E0,21/12/2019,15:00,Bournemouth,Burnley,0,1,A,0,0,D,M Atkinson,3,2,0,1,13,21,4,5,2,4,0,0,2.4,3.4,2.9,2.4,3.4,2.95,2.4,3.35,2.95,2.5,3.36,3.01,2.45,3.4,2.9,2.4,3.4,3.0,2.55,3.5,3.05,2.43,3.38,2.97,1.9,1.9,1.99,1.93,2.05,1.98,1.92,1.9,-0.25,2.13,1.81,2.14,1.79,2.14,1.85,2.09,1.8,2.37,3.3,3.0,2.4,3.3,3.1,2.45,3.3,2.95,2.37,3.35,3.22,2.4,3.25,3.1,2.4,3.3,3.13,2.51,3.4,3.22,2.4,3.31,3.08,2.0,1.8,2.07,1.85,2.12,1.88,2.02,1.81,-0.25,2.05,1.88,2.04,1.88,2.09,1.9,2.04,1.84,0.4115226337448559,0.2958579881656805,0.33670033670033667,0.3941482031167179,0.28336690342414933,0.32248489345913284,7.0,0.6,0.8,0.8,0.6,1.8,1.2,9.8,11.3,2.6,3.1,11.2,9.7,5.4,5.6,1.8,1.9,0.2,0.1,7.0,1.2,1.2,1.0,1.2,2.2,2.0,8.8,9.9,3.2,4.0,11.6,10.9,3.6,5.1,1.4,1.9,0.0,0.0,1.0,1.125,0.8,1.125,1.4,1.5,0.8,0.75,1.2,1.125,2.4,2.0,-0.6,-0.19999999999999996
174,2019-12-21 15:00:00,E0,21/12/2019,15:00,Brighton,Sheffield United,0,1,A,0,1,A,R Jones,9,7,2,2,6,11,4,3,1,3,0,0,2.2,3.25,3.5,2.2,3.3,3.4,2.2,3.25,3.45,2.24,3.27,3.61,2.2,3.2,3.5,2.2,3.3,3.5,2.32,3.35,3.7,2.21,3.27,3.52,2.1,1.72,2.15,1.78,2.21,1.8,2.11,1.73,-0.25,1.91,2.02,1.92,2.01,1.92,2.04,1.88,1.99,2.1,3.4,3.5,2.15,3.4,3.6,2.35,3.3,3.05,2.22,3.3,3.61,2.15,3.3,3.6,2.15,3.4,3.5,2.35,3.5,3.8,2.17,3.36,3.54,2.0,1.8,2.08,1.84,2.08,1.88,2.01,1.81,-0.25,1.9,2.03,1.9,2.02,1.93,2.05,1.87,2.0,0.45248868778280543,0.3058103975535168,0.2840909090909091,0.43408771208652785,0.29337426413187356,0.27253802378159847,4.802083333333333,1.0,1.4,1.2,1.6,1.6,1.5,13.4,13.9,5.6,5.0,10.4,11.7,6.0,4.9,1.4,1.8,0.0,0.1,7.0,1.6,1.7,1.6,1.4,1.4,0.9,10.0,10.4,4.8,4.3,12.6,10.6,4.0,4.9,2.6,2.4,0.0,0.0,2.0,1.5,2.0,1.5,1.2,1.25,1.4,1.5,1.0,1.25,0.8,0.875,-0.6000000000000001,-0.40000000000000013
175,2019-12-21 15:00:00,E0,21/12/2019,15:00,Newcastle,Crystal Palace,1,0,H,0,0,D,S Hooper,8,16,3,4,12,11,4,5,2,0,0,0,2.37,3.1,3.25,2.45,3.1,3.1,2.4,3.1,3.2,2.45,3.15,3.28,2.45,3.0,3.25,2.45,3.0,3.4,2.53,3.27,3.4,2.43,3.11,3.22,2.5,1.53,2.58,1.56,2.58,1.65,2.44,1.56,-0.25,2.07,1.86,2.09,1.84,2.1,1.88,2.05,1.82,2.4,3.1,3.2,2.45,3.1,3.2,2.4,3.05,3.25,2.45,3.14,3.29,2.4,3.1,3.2,2.4,3.1,3.3,2.53,3.2,3.4,2.41,3.1,3.27,2.5,1.53,2.5,1.6,2.56,1.62,2.44,1.56,-0.25,2.08,1.85,2.08,1.85,2.09,1.88,2.05,1.83,0.4115226337448559,0.3215434083601286,0.3105590062111801,0.3943203877760758,0.3081024251755191,0.2975771870484051,7.0,1.4,1.7,1.2,1.3,1.2,1.1,8.8,10.6,3.6,4.0,8.4,9.1,2.8,2.9,1.0,1.4,0.0,0.1,4.802083333333333,1.6,1.2,1.0,0.9,0.6,1.2,8.8,8.3,2.8,2.8,9.4,10.3,5.2,3.9,1.2,1.3,0.2,0.1,2.2,1.625,1.6,1.125,1.0,0.875,1.6,1.375,1.2,1.0,1.0,1.375,-0.20000000000000018,0.19999999999999996
176,2019-12-21 15:00:00,E0,21/12/2019,15:00,Norwich,Wolves,1,2,A,1,0,H,P Bankes,13,14,7,4,7,14,3,11,2,4,0,0,3.75,3.8,1.9,3.75,3.7,1.95,3.65,3.7,1.97,3.72,3.82,2.01,3.7,3.7,1.95,3.9,3.7,1.95,3.9,3.9,2.03,3.71,3.75,1.97,1.8,2.0,1.83,2.09,1.84,2.1,1.79,2.04,0.5,1.92,2.01,1.92,2.01,1.95,2.02,1.9,1.97,3.9,3.9,1.85,4.0,3.9,1.87,3.7,3.5,2.0,4.07,3.86,1.91,4.0,3.7,1.88,4.33,3.7,1.85,4.33,3.98,2.0,4.03,3.8,1.89,1.8,2.0,1.86,2.05,1.88,2.11,1.82,2.01,0.5,2.01,1.92,2.02,1.91,2.05,1.94,1.99,1.88,0.2695417789757412,0.26666666666666666,0.5076142131979695,0.25822564464655856,0.2554712377703286,0.48630311758311284,7.0,1.0,0.6,1.4,0.9,1.4,1.9,12.4,12.7,4.6,3.7,9.4,10.0,5.6,5.9,2.4,2.0,0.0,0.0,6.041666666666667,1.6,1.7,1.6,1.5,1.2,1.0,14.8,14.0,5.4,4.8,10.6,12.4,7.2,5.9,1.4,2.0,0.0,0.0,0.2,0.875,1.0,1.625,2.8,2.5,1.8,1.375,1.6,1.375,1.0,1.125,-0.6000000000000001,-0.20000000000000018
177,2019-12-21 17:30:00,E0,21/12/2019,17:30,Man City,Leicester,3,1,H,2,1,H,M Dean,23,5,12,2,14,9,6,1,2,2,0,0,1.36,5.25,7.5,1.36,5.5,7.5,1.37,5.3,7.4,1.38,5.46,8.01,1.36,5.25,8.0,1.36,5.4,8.0,1.4,5.8,8.25,1.37,5.41,7.72,1.4,3.0,1.44,3.02,1.47,3.02,1.42,2.86,-2.5,3.3,1.32,3.65,1.33,3.65,1.35,3.38,1.32,1.36,5.75,7.0,1.35,6.0,7.5,1.37,5.5,7.2,1.37,5.85,7.73,1.36,5.5,7.5,1.36,5.5,8.0,1.42,6.15,8.0,1.38,5.67,7.28,1.36,3.2,1.37,3.34,1.4,3.36,1.37,3.1,-1.5,2.09,1.84,2.08,1.85,2.12,1.9,2.03,1.84,0.7299270072992701,0.18484288354898337,0.1295336787564767,0.6989605595004794,0.17700110286795875,0.12403833763156177,6.041666666666667,2.0,1.9,2.4,2.0,1.2,1.2,18.4,20.0,6.6,6.1,10.2,9.8,8.6,10.3,2.2,2.3,0.0,0.1,7.104166666666667,2.6,2.5,2.2,2.7,0.6,0.6,17.6,16.7,6.8,6.5,9.4,10.6,7.0,6.8,1.0,1.2,0.0,0.0,1.8,2.0,1.6,2.75,1.2,1.0,2.4,2.0,3.6,2.625,0.6,0.75,-0.6000000000000001,0.19999999999999973
178,2019-12-22 14:00:00,E0,22/12/2019,14:00,Watford,Man United,2,0,H,0,0,D,L Mason,11,17,3,8,16,11,3,5,3,1,0,0,4.33,4.0,1.75,4.33,4.0,1.75,4.4,3.75,1.8,4.41,3.96,1.81,4.4,3.8,1.78,4.5,3.7,1.8,4.55,4.1,1.85,4.39,3.89,1.8,1.9,1.9,1.92,2.0,1.92,2.05,1.85,1.97,0.75,1.84,2.09,1.85,2.07,1.87,2.11,1.83,2.04,4.75,3.8,1.72,4.75,3.9,1.75,5.0,3.8,1.7,4.7,3.83,1.81,4.6,3.8,1.75,4.8,3.8,1.75,5.0,3.95,1.85,4.71,3.81,1.77,1.8,2.0,1.87,2.05,1.89,2.11,1.82,2.0,0.75,1.89,2.04,1.88,2.05,1.93,2.07,1.87,2.0,0.22779043280182235,0.2570694087403599,0.5555555555555556,0.2189418125080126,0.2470834336530013,0.5339747538389862,8.0625,0.2,0.7,0.2,0.5,1.8,1.2,9.2,9.2,2.6,2.5,12.2,11.2,5.0,4.4,1.4,2.1,0.0,0.1,7.0,1.8,1.6,2.0,1.7,1.6,1.3,14.8,15.0,6.6,6.4,11.0,10.3,5.0,5.9,1.8,1.9,0.0,0.0,0.6,0.5,0.2,0.5,1.0,1.625,1.4,1.125,1.6,1.25,1.4,1.375,-1.6,-1.8
179,2019-12-22 16:30:00,E0,22/12/2019,16:30,Tottenham,Chelsea,0,2,A,0,2,A,A Taylor,5,13,1,3,9,11,3,5,4,3,1,0,2.37,3.75,2.75,2.3,3.7,2.9,2.3,3.4,3.05,2.41,3.67,2.92,2.35,3.6,2.88,2.38,3.6,2.88,2.45,3.79,3.05,2.37,3.65,2.88,1.57,2.37,1.62,2.44,1.64,2.48,1.59,2.37,-0.25,2.09,1.84,2.1,1.83,2.11,1.85,2.06,1.81,2.3,3.6,2.9,2.4,3.6,2.9,2.3,3.4,3.05,2.38,3.58,3.05,2.35,3.6,3.1,2.3,3.6,3.0,2.44,3.68,3.3,2.34,3.57,3.0,1.66,2.2,1.72,2.24,1.77,2.37,1.68,2.21,-0.25,2.05,1.88,2.07,1.87,2.09,1.9,2.03,1.85,0.42194092827004215,0.273972602739726,0.3472222222222222,0.4044928255624689,0.2626432867350826,0.3328638877024484,7.104166666666667,2.4,1.5,2.8,1.8,1.4,1.5,12.0,11.2,5.6,4.4,11.0,9.2,3.4,4.1,1.6,2.0,0.0,0.1,8.0625,0.6,1.8,0.8,1.7,1.6,1.2,17.6,17.2,5.2,6.3,9.0,9.1,6.8,6.8,0.8,1.4,0.0,0.0,2.2,2.125,2.4,2.375,1.0,0.875,1.8,1.875,2.4,2.5,1.8,2.125,1.7999999999999998,1.9999999999999998
180,2019-12-26 12:30:00,E0,26/12/2019,12:30,Tottenham,Brighton,2,1,H,0,1,A,G Scott,11,11,5,5,10,9,9,2,4,2,0,0,1.53,4.33,6.0,1.55,4.4,5.5,1.57,4.35,5.5,1.56,4.48,6.0,1.55,4.33,5.8,1.53,4.33,6.0,1.59,4.6,6.11,1.55,4.41,5.73,1.61,2.3,1.64,2.4,1.64,2.43,1.6,2.35,-1.0,1.94,1.96,1.96,1.97,1.96,2.01,1.91,1.94,1.5,4.5,6.0,1.5,4.6,6.0,1.5,4.5,6.1,1.53,4.48,6.6,1.5,4.33,6.5,1.5,4.5,6.5,1.55,4.62,6.75,1.52,4.46,6.28,1.61,2.3,1.65,2.38,1.69,2.38,1.64,2.28,-1.0,1.88,2.02,1.89,2.04,1.91,2.06,1.86,2.01,0.6451612903225806,0.22675736961451246,0.17452006980802792,0.6165304016220055,0.2166943588467366,0.166775239531258,3.8333333333333335,1.8,1.5,2.2,1.8,1.4,1.4,10.0,10.9,4.6,4.2,10.0,9.4,2.6,4.0,2.0,2.3,0.2,0.2,4.895833333333333,1.0,1.1,1.2,1.3,1.4,1.6,13.8,13.1,6.0,4.6,9.8,11.2,5.6,4.9,1.2,1.7,0.0,0.1,1.6,1.8888888888888888,2.0,2.111111111111111,1.2,1.0,0.8,0.8888888888888888,1.2,1.0,1.8,1.6666666666666667,0.8,1.0000000000000002
181,2019-12-26 15:00:00,E0,26/12/2019,15:00,Aston Villa,Norwich,1,0,H,0,0,D,C Kavanagh,11,16,2,6,15,12,5,8,2,3,0,0,2.1,3.75,3.3,2.05,3.8,3.3,2.1,3.75,3.2,2.14,3.84,3.31,2.1,3.7,3.25,2.1,3.8,3.25,2.2,3.9,3.45,2.11,3.77,3.28,1.53,2.5,1.56,2.59,1.56,2.63,1.52,2.51,-0.25,1.86,2.04,1.88,2.05,1.88,2.07,1.85,2.02,2.2,3.75,3.0,2.25,3.5,3.1,2.2,3.75,3.05,2.19,3.73,3.27,2.15,3.7,3.2,2.2,3.8,3.1,2.3,3.85,3.27,2.2,3.72,3.14,1.53,2.5,1.55,2.62,1.56,2.63,1.52,2.51,-0.25,1.92,1.98,1.92,2.01,1.96,2.02,1.92,1.96,0.47393364928909953,0.26525198938992045,0.3048780487804878,0.453931742844452,0.2540572884354891,0.29201096872005905,5.0,0.2,0.7,1.0,1.1,2.6,2.1,12.0,13.0,2.8,4.1,12.8,10.8,6.2,6.1,2.4,1.9,0.0,0.0,5.0,0.4,0.6,1.2,0.9,1.8,1.6,12.4,11.9,5.0,3.9,8.6,9.3,4.8,5.2,1.8,2.1,0.0,0.0,1.2,1.2222222222222223,1.4,1.3333333333333333,2.0,1.5555555555555556,1.0,0.5555555555555556,0.8,0.5555555555555556,1.0,1.6666666666666667,-0.2,-0.19999999999999996
182,2019-12-26 15:00:00,E0,26/12/2019,15:00,Bournemouth,Arsenal,1,1,D,1,0,H,S Attwell,12,17,4,2,5,13,8,3,4,4,0,0,3.5,3.9,1.95,3.5,3.9,1.95,3.45,3.8,2.0,3.49,3.87,2.07,3.5,3.8,2.0,3.5,3.8,2.0,3.65,4.0,2.08,3.5,3.85,2.01,1.57,2.37,1.59,2.52,1.59,2.55,1.55,2.43,0.5,1.88,2.02,1.86,2.07,1.92,2.07,1.86,2.01,3.8,4.0,1.83,3.9,4.0,1.85,4.0,3.8,1.85,3.81,4.14,1.91,4.0,4.2,1.85,4.0,3.9,1.87,4.32,4.3,1.97,3.83,4.07,1.87,1.57,2.37,1.61,2.48,1.72,2.49,1.6,2.37,0.5,2.0,1.9,2.02,1.91,2.05,1.97,2.0,1.88,0.2857142857142857,0.2597402597402597,0.49751243781094534,0.2739437492256226,0.24903977202329328,0.4770164787510842,5.0,0.6,0.8,0.6,0.6,1.6,1.2,8.6,10.6,2.2,2.9,11.8,10.4,5.2,5.5,1.8,1.9,0.0,0.1,5.104166666666667,1.0,0.8,1.2,1.1,1.6,1.6,10.0,10.4,3.6,3.7,9.2,10.5,6.2,7.3,1.6,2.1,0.0,0.0,0.8,1.0,0.4,1.0,1.2,1.4444444444444444,1.0,1.1111111111111112,1.0,1.1111111111111112,1.2,1.3333333333333333,-0.4,-0.6
183,2019-12-26 15:00:00,E0,26/12/2019,15:00,Chelsea,Southampton,0,2,A,0,1,A,J Moss,10,5,3,3,10,9,8,1,3,2,0,0,1.33,5.25,9.0,1.35,5.25,8.25,1.37,5.2,7.9,1.36,5.3,9.12,1.35,5.0,9.0,1.33,5.25,9.0,1.39,5.75,9.25,1.35,5.31,8.58,1.5,2.62,1.53,2.69,1.53,2.76,1.49,2.62,-1.5,2.03,1.87,2.06,1.87,2.06,1.94,1.99,1.87,1.36,5.0,8.5,1.4,5.0,7.5,1.37,5.0,8.0,1.4,5.08,8.43,1.36,5.0,8.5,1.36,5.2,8.5,1.43,5.35,9.5,1.39,5.05,8.06,1.57,2.37,1.61,2.47,1.61,2.58,1.55,2.46,-2.5,3.55,1.27,3.93,1.3,3.95,1.3,3.66,1.28,0.7407407407407407,0.18832391713747648,0.11655011655011654,0.7084260464335195,0.18010831688987786,0.11146563667660271,3.9375,1.2,1.8,1.0,1.5,1.2,1.1,18.0,17.2,5.4,5.9,9.4,8.7,7.4,6.9,1.2,1.6,0.0,0.0,5.0,1.8,1.1,1.6,1.3,1.2,2.2,14.4,12.0,5.0,4.5,11.8,12.0,6.8,5.2,1.4,1.3,0.0,0.1,1.8,1.5555555555555556,1.0,1.2222222222222223,0.6,0.8888888888888888,1.0,1.2222222222222223,1.6,1.3333333333333333,1.6,1.4444444444444444,-0.6000000000000001,-0.6000000000000001
184,2019-12-26 15:00:00,E0,26/12/2019,15:00,Crystal Palace,West Ham,2,1,H,0,0,D,A Marriner,13,10,4,2,5,10,7,6,0,2,0,0,2.3,3.4,3.1,2.2,3.5,3.2,2.3,3.35,3.1,2.39,3.44,3.11,2.3,3.4,3.1,2.3,3.4,3.13,2.45,3.59,3.21,2.32,3.42,3.12,1.9,1.9,1.96,1.95,1.96,2.01,1.9,1.92,-0.25,2.03,1.87,2.06,1.86,2.06,1.91,2.0,1.86,2.2,3.4,3.25,2.2,3.4,3.3,2.25,3.35,3.2,2.31,3.47,3.24,2.25,3.4,3.2,2.3,3.4,3.25,2.37,3.55,3.45,2.26,3.42,3.24,2.0,1.8,2.06,1.85,2.13,1.88,2.01,1.82,-0.25,1.99,1.91,2.0,1.93,2.02,2.0,1.96,1.92,0.4310344827586207,0.29239766081871343,0.3205128205128205,0.41289004457652306,0.2800891530460624,0.3070208023774146,5.0,1.6,0.9,0.8,0.7,0.4,1.2,8.8,9.2,2.4,2.8,10.0,10.7,4.4,4.2,1.2,1.1,0.2,0.1,11.895833333333334,1.2,0.7,1.0,0.9,1.6,1.9,8.8,9.6,3.8,4.1,12.6,11.6,4.4,4.7,2.6,2.3,0.0,0.0,0.8,1.3333333333333333,0.6,0.7777777777777778,1.4,0.8888888888888888,1.2,1.3333333333333333,0.4,0.8888888888888888,1.4,1.2222222222222223,0.40000000000000013,-0.19999999999999996
185,2019-12-26 15:00:00,E0,26/12/2019,15:00,Everton,Burnley,1,0,H,0,0,D,A Taylor,21,6,5,0,15,14,10,2,0,0,0,0,1.7,3.75,5.0,1.67,3.8,5.25,1.7,3.7,5.0,1.75,3.77,5.21,1.7,3.7,5.25,1.7,3.7,5.2,1.76,3.9,5.65,1.71,3.76,5.15,1.9,1.9,2.04,1.88,2.04,1.94,1.93,1.89,-0.75,1.95,1.95,1.99,1.94,1.99,1.99,1.92,1.94,1.7,3.6,5.25,1.7,3.75,5.0,1.75,3.7,4.8,1.75,3.65,5.36,1.73,3.6,5.25,1.75,3.6,5.2,1.78,3.85,5.37,1.74,3.67,5.12,2.0,1.8,2.12,1.8,2.17,1.85,2.05,1.78,-0.75,1.99,1.91,2.01,1.93,2.04,1.95,1.97,1.9,0.5847953216374269,0.26595744680851063,0.1941747572815534,0.5596515617006887,0.25452238577345154,0.18582605252585976,5.104166666666667,1.0,1.2,1.4,1.4,1.8,1.6,10.6,13.1,3.4,4.8,12.4,12.2,4.2,5.8,2.0,1.8,0.0,0.0,5.0,1.2,1.2,0.6,1.2,2.2,2.0,7.0,9.2,2.4,3.8,13.2,12.5,3.6,4.9,1.6,2.1,0.0,0.0,1.6,1.5555555555555556,1.2,1.2222222222222223,0.8,1.2222222222222223,1.2,1.0,1.0,1.1111111111111112,2.0,1.7777777777777777,-0.19999999999999996,0.7999999999999999
186,2019-12-26 15:00:00,E0,26/12/2019,15:00,Sheffield United,Watford,1,1,D,1,1,D,D Coote,16,5,4,2,11,8,9,1,1,3,0,0,1.83,3.6,4.33,1.85,3.5,4.5,1.85,3.5,4.45,1.9,3.58,4.49,1.85,3.5,4.4,1.83,3.5,4.6,1.95,3.7,4.65,1.86,3.54,4.46,2.1,1.72,2.19,1.76,2.19,1.8,2.11,1.74,-0.5,1.87,2.03,1.9,2.03,1.95,2.08,1.85,2.01,1.8,3.5,4.6,1.87,3.5,4.33,1.8,3.55,4.7,1.81,3.67,4.86,1.8,3.5,4.75,1.8,3.5,5.0,1.95,3.7,5.0,1.83,3.56,4.67,2.1,1.72,2.19,1.76,2.27,1.79,2.14,1.72,-0.5,1.8,2.1,1.81,2.12,1.9,2.13,1.81,2.05,0.5376344086021505,0.2824858757062147,0.2242152466367713,0.5148100324764252,0.27049340689439294,0.21469656062918183,5.0,2.0,1.9,1.2,1.5,0.8,0.9,9.0,10.2,3.6,4.2,12.2,11.1,3.4,4.5,3.0,2.5,0.0,0.0,4.041666666666667,0.8,0.9,0.6,0.7,1.2,1.2,8.4,9.5,2.4,2.6,12.6,12.1,4.2,4.0,2.0,2.4,0.0,0.1,2.0,1.4444444444444444,1.8,1.2222222222222223,1.0,1.0,0.8,0.5555555555555556,0.8,0.5555555555555556,1.4,2.111111111111111,1.2,0.6
187,2019-12-26 17:30:00,E0,26/12/2019,17:30,Man United,Newcastle,4,1,H,3,1,H,K Friend,22,7,10,2,10,7,5,0,2,2,0,0,1.33,5.25,9.0,1.35,5.25,8.5,1.35,5.0,8.9,1.35,5.32,9.59,1.33,5.25,9.5,1.33,5.0,10.0,1.39,5.5,10.0,1.35,5.19,9.18,1.72,2.1,1.79,2.14,1.81,2.2,1.72,2.13,-1.5,2.06,1.84,2.06,1.87,2.09,1.88,2.03,1.84,1.33,5.5,8.5,1.34,5.25,8.75,1.4,4.8,7.6,1.36,5.42,9.37,1.33,5.25,9.0,1.33,5.25,10.0,1.4,5.6,10.0,1.35,5.34,8.84,1.72,2.1,1.72,2.25,1.73,2.37,1.68,2.2,-1.5,2.04,1.86,2.04,1.89,2.1,1.9,2.03,1.85,0.7407407407407407,0.19267822736030826,0.10893246187363835,0.7106439531231123,0.18484958318231243,0.10450646369457535,4.145833333333333,1.6,1.6,1.4,1.7,1.4,1.4,16.0,15.5,7.2,6.9,11.2,10.4,5.4,5.8,1.6,1.7,0.0,0.0,5.104166666666667,2.0,1.7,1.4,1.3,0.8,1.1,8.2,10.2,3.2,4.1,9.0,9.1,2.4,2.9,1.2,1.3,0.0,0.1,1.8,1.7777777777777777,1.8,1.7777777777777777,1.2,1.0,1.2,1.0,1.0,0.8888888888888888,1.2,1.8888888888888888,-0.3999999999999999,0.0
188,2019-12-26 20:00:00,E0,26/12/2019,20:00,Leicester,Liverpool,0,4,A,0,1,A,M Oliver,3,15,0,6,5,7,2,8,1,1,0,0,3.4,3.75,2.05,3.4,3.7,2.05,3.35,3.7,2.05,3.39,3.81,2.12,3.4,3.6,2.1,3.4,3.6,2.1,3.5,3.95,2.16,3.38,3.72,2.08,1.66,2.2,1.66,2.36,1.7,2.38,1.64,2.27,0.25,2.02,1.77,2.07,1.85,2.1,1.87,2.05,1.81,3.4,4.0,1.95,3.5,4.0,1.95,3.55,3.7,2.0,3.61,4.17,1.97,3.6,4.0,1.91,3.7,3.9,1.95,3.84,4.2,2.01,3.53,4.03,1.96,1.53,2.5,1.56,2.58,1.6,2.63,1.53,2.5,0.5,1.93,1.97,1.97,1.97,1.99,2.01,1.91,1.96,0.2958579881656805,0.26881720430107525,0.4807692307692307,0.28299733739064287,0.25713198934956255,0.4598706732597945,5.104166666666667,2.0,2.5,2.0,2.7,1.2,0.7,14.8,17.0,5.4,6.6,11.0,9.8,5.8,6.3,1.4,1.0,0.0,0.0,12.3125,3.0,2.8,2.8,2.4,0.8,0.9,15.0,16.1,6.2,6.7,7.4,8.8,5.2,5.3,1.0,1.2,0.2,0.1,2.6,2.5555555555555554,1.8,2.111111111111111,0.6,0.5555555555555556,2.6,2.75,1.8,2.0,0.6,0.625,-1.0,-0.7999999999999998
189,2019-12-27 19:45:00,E0,27/12/2019,19:45,Wolves,Man City,3,2,H,0,1,A,M Atkinson,20,7,8,3,7,13,3,1,0,1,0,1,8.5,5.0,1.36,7.5,5.0,1.4,7.3,4.9,1.41,7.89,4.96,1.42,8.0,5.0,1.38,8.5,5.0,1.36,8.59,5.2,1.44,7.73,4.95,1.4,1.57,2.37,1.56,2.58,1.6,2.58,1.56,2.41,1.25,2.01,1.89,2.01,1.92,2.05,1.92,1.99,1.87,6.5,5.5,1.4,7.0,5.5,1.4,7.5,4.8,1.4,6.67,5.38,1.44,7.0,5.25,1.4,6.5,5.2,1.44,8.2,5.7,1.47,6.84,5.34,1.41,1.53,2.5,1.55,2.62,1.55,2.82,1.52,2.54,1.25,1.98,1.92,1.99,1.94,2.08,1.97,1.99,1.89,0.129366106080207,0.20202020202020202,0.7142857142857143,0.12371575724576234,0.1931965259615642,0.6830877167926734,6.197916666666667,1.6,1.7,1.6,1.5,1.2,1.1,14.2,14.7,4.8,5.0,11.0,12.4,7.6,6.9,2.0,2.2,0.0,0.0,6.09375,2.0,2.2,2.6,2.3,1.2,1.1,20.0,20.5,8.2,7.1,12.0,10.1,8.2,10.0,2.4,2.0,0.0,0.1,1.6,1.4444444444444444,1.4,1.4444444444444444,1.0,1.3333333333333333,2.0,2.111111111111111,2.4,2.7777777777777777,1.2,1.2222222222222223,-0.3999999999999999,-1.0
190,2019-12-28 12:30:00,E0,28/12/2019,12:30,Brighton,Bournemouth,2,0,H,1,0,H,P Tierney,16,10,6,2,8,11,9,2,0,2,0,0,1.75,3.9,4.33,1.8,3.8,4.33,1.77,3.75,4.45,1.79,3.98,4.5,1.78,3.8,4.4,1.8,3.7,4.75,1.86,4.0,4.75,1.79,3.85,4.43,1.9,1.9,1.95,1.97,2.0,1.97,1.92,1.91,-0.75,2.04,1.86,2.07,1.86,2.09,1.88,2.03,1.84,1.75,3.8,4.5,1.8,3.75,4.6,1.9,3.5,4.1,1.81,3.86,4.66,1.83,3.8,4.5,1.8,3.75,4.6,1.9,3.95,4.66,1.81,3.78,4.47,1.9,1.9,1.9,2.02,1.93,2.11,1.86,1.97,-0.5,1.77,2.02,1.81,2.14,1.9,2.14,1.81,2.05,0.5586592178770949,0.2597402597402597,0.22573363431151244,0.5350459740186406,0.2487616346736017,0.21619239130775775,2.0,1.0,1.1,1.2,1.3,1.4,1.6,13.6,12.2,6.0,4.6,9.6,10.4,5.0,4.6,1.6,1.7,0.0,0.0,1.8958333333333333,0.8,0.8,0.4,0.7,1.2,1.3,7.0,10.7,1.8,3.1,10.4,10.1,5.2,5.7,2.2,2.2,0.0,0.1,1.4,1.3333333333333333,1.4,1.3333333333333333,1.4,1.2222222222222223,0.8,1.1111111111111112,0.8,1.1111111111111112,1.2,1.3333333333333333,0.19999999999999996,0.7999999999999999
191,2019-12-28 15:00:00,E0,28/12/2019,15:00,Newcastle,Everton,1,2,A,0,1,A,L Mason,20,22,5,9,13,13,5,8,2,2,0,0,3.6,3.4,2.05,3.4,3.4,2.15,3.5,3.35,2.15,3.64,3.42,2.16,3.5,3.3,2.15,3.6,3.4,2.15,3.7,3.5,2.2,3.55,3.4,2.14,2.1,1.72,2.15,1.78,2.15,1.82,2.06,1.77,0.25,2.03,1.87,2.07,1.86,2.07,1.89,2.03,1.84,3.2,3.3,2.3,3.3,3.4,2.25,3.4,3.3,2.2,3.28,3.36,2.34,3.3,3.3,2.25,3.3,3.3,2.3,3.46,3.46,2.39,3.25,3.33,2.3,2.0,1.8,2.14,1.79,2.2,1.83,2.09,1.75,0.25,1.9,2.0,1.91,2.02,2.0,2.04,1.89,1.98,0.28169014084507044,0.29411764705882354,0.4672897196261682,0.27005159039453663,0.2819656311472368,0.44798277845822665,1.8958333333333333,1.8,1.7,1.2,1.4,1.2,1.4,8.4,10.4,3.0,4.3,9.6,8.6,2.2,2.9,1.4,1.4,0.0,0.1,2.0,1.6,1.2,1.4,1.3,1.4,1.6,12.6,13.3,3.8,4.3,13.6,12.2,5.4,5.7,1.8,1.6,0.0,0.0,2.2,1.7777777777777777,1.6,1.1111111111111112,1.0,0.7777777777777778,0.8,0.5555555555555556,1.6,1.0,2.4,2.0,0.19999999999999996,-0.19999999999999996
192,2019-12-28 15:00:00,E0,28/12/2019,15:00,Southampton,Crystal Palace,1,1,D,0,0,D,A Madley,14,5,5,2,13,7,12,4,1,2,0,0,1.95,3.6,3.8,1.95,3.6,3.9,1.97,3.5,3.9,2.0,3.67,3.93,1.95,3.5,4.0,1.95,3.5,4.1,2.05,3.68,4.1,1.98,3.57,3.91,2.0,1.8,2.08,1.83,2.14,1.84,2.04,1.78,-0.5,1.98,1.92,2.0,1.93,2.05,1.94,1.97,1.89,1.9,3.6,4.0,1.91,3.6,4.2,2.1,3.4,3.5,2.0,3.52,4.1,1.91,3.6,4.0,1.95,3.4,4.3,2.1,3.66,4.5,1.95,3.52,4.1,2.1,1.72,2.19,1.76,2.2,1.83,2.1,1.75,-0.5,1.99,1.91,2.0,1.93,2.1,1.99,1.96,1.91,0.5050505050505051,0.2801120448179272,0.2557544757033248,0.4851976599893636,0.2691012231873781,0.2457011168232583,2.0,1.8,1.3,1.6,1.4,1.0,2.1,13.2,11.1,4.4,4.3,12.4,11.2,5.8,5.0,1.6,1.3,0.0,0.1,2.0,1.6,1.2,0.8,0.9,0.6,1.1,10.0,9.8,2.8,3.0,9.0,10.4,4.6,4.8,1.2,1.0,0.2,0.1,1.2,0.7777777777777778,1.0,1.0,2.8,2.6666666666666665,1.0,1.2222222222222223,0.8,0.8888888888888888,1.0,1.3333333333333333,0.19999999999999996,0.8
193,2019-12-28 15:00:00,E0,28/12/2019,15:00,Watford,Aston Villa,3,0,H,1,0,H,S Hooper,20,11,6,2,16,9,6,3,3,1,1,0,1.95,3.8,3.6,1.95,3.7,3.7,2.0,3.7,3.6,2.03,3.8,3.66,2.0,3.75,3.6,2.0,3.75,3.75,2.04,3.95,3.85,1.99,3.77,3.65,1.72,2.1,1.74,2.22,1.75,2.25,1.7,2.18,-0.5,2.0,1.9,2.03,1.89,2.03,1.94,1.98,1.88,1.75,4.0,4.2,1.83,4.0,4.1,1.9,3.5,4.1,1.79,4.04,4.44,1.78,4.0,4.2,1.75,4.0,4.6,1.9,4.25,4.6,1.78,4.03,4.32,1.61,2.3,1.64,2.41,1.7,2.47,1.63,2.3,-0.75,2.03,1.87,2.04,1.88,2.08,1.94,2.0,1.87,0.5025125628140703,0.26525198938992045,0.273972602739726,0.48237941829119085,0.254624679681557,0.26299590202725204,2.0,1.0,0.9,0.6,0.7,1.0,1.2,8.2,9.3,2.2,2.6,12.2,12.0,3.0,3.9,2.6,2.4,0.0,0.1,2.0,0.6,0.7,0.8,1.0,2.2,2.0,12.4,11.7,2.6,3.5,14.2,11.4,5.4,5.9,2.6,2.0,0.0,0.0,1.0,0.7777777777777778,0.6,0.6666666666666666,1.0,1.4444444444444444,0.2,0.4444444444444444,0.8,1.3333333333333333,2.2,2.111111111111111,0.4,-0.20000000000000007
194,2019-12-28 17:30:00,E0,28/12/2019,17:30,Norwich,Tottenham,2,2,D,1,0,H,K Friend,5,15,2,7,12,10,4,6,3,3,0,0,5.0,4.0,1.66,5.0,4.1,1.65,4.7,4.05,1.67,4.95,4.08,1.71,5.0,4.0,1.67,5.25,4.0,1.67,5.35,4.2,1.74,4.93,4.07,1.69,1.57,2.37,1.63,2.41,1.64,2.43,1.6,2.35,0.75,2.03,1.87,2.02,1.9,2.08,1.9,2.01,1.85,4.5,4.33,1.65,4.75,4.5,1.65,5.3,4.2,1.6,4.7,4.52,1.68,4.8,4.5,1.62,5.25,4.33,1.62,5.35,4.7,1.74,4.87,4.43,1.64,1.53,2.5,1.56,2.6,1.57,2.69,1.52,2.52,1.0,1.75,2.05,1.8,2.15,2.04,2.2,1.82,2.06,0.20283975659229211,0.24570024570024568,0.591715976331361,0.19499023390436881,0.23619210151069733,0.5688176645849339,2.1041666666666665,0.2,0.5,0.8,0.9,1.6,1.7,12.6,12.5,4.6,4.4,9.4,9.4,5.0,5.3,2.0,2.1,0.0,0.0,2.2083333333333335,1.8,1.7,2.0,1.9,1.2,1.4,9.2,10.8,4.6,4.5,10.0,9.9,3.6,3.8,2.8,2.3,0.2,0.2,0.2,0.7777777777777778,1.0,1.5555555555555556,2.2,2.4444444444444446,1.4,1.0,1.6,1.4444444444444444,1.6,1.8888888888888888,-1.6,-1.2
195,2019-12-28 17:30:00,E0,28/12/2019,17:30,West Ham,Leicester,1,2,A,1,1,D,D Coote,14,13,4,8,16,4,5,5,4,1,0,0,4.0,3.9,1.83,3.9,3.8,1.87,3.95,3.85,1.85,4.18,3.87,1.88,4.0,3.8,1.85,4.1,3.9,1.85,4.25,4.0,1.93,4.03,3.87,1.86,1.61,2.3,1.65,2.38,1.66,2.41,1.61,2.32,0.5,2.04,1.86,2.05,1.88,2.06,1.88,2.02,1.85,2.5,3.75,2.6,2.55,3.6,2.7,2.55,3.7,2.55,2.57,3.68,2.7,2.5,3.6,2.7,2.55,3.5,2.75,2.9,3.75,2.81,2.55,3.61,2.68,1.72,2.1,1.81,2.12,1.81,2.31,1.72,2.13,0.0,1.89,2.01,1.92,2.01,1.98,2.04,1.89,1.98,0.24813895781637715,0.25839793281653745,0.5376344086021505,0.23764200184218606,0.2474669941664108,0.5148910039914031,2.1041666666666665,1.2,0.7,0.8,0.9,1.4,1.9,8.6,9.7,3.4,3.9,12.2,11.5,5.0,5.1,2.4,2.2,0.0,0.0,1.8958333333333333,1.4,2.2,1.6,2.5,1.8,1.0,12.2,15.4,4.2,6.3,10.6,9.9,5.4,5.6,1.6,1.1,0.0,0.0,0.2,0.875,1.4,1.375,2.4,2.125,2.4,1.7777777777777777,3.6,2.4444444444444446,0.8,1.0,-0.19999999999999996,-0.8
196,2019-12-28 19:45:00,E0,28/12/2019,19:45,Burnley,Man United,0,2,A,0,1,A,M Dean,8,14,1,5,17,10,5,4,4,3,0,0,4.33,3.75,1.8,4.33,3.6,1.85,4.25,3.65,1.85,4.33,3.82,1.86,4.33,3.6,1.83,4.6,3.6,1.83,4.6,3.85,1.91,4.31,3.7,1.85,1.9,1.9,2.04,1.88,2.04,1.95,1.95,1.87,0.5,2.05,1.85,2.06,1.86,2.08,1.9,2.03,1.84,4.1,3.7,1.85,4.2,3.6,1.91,4.1,3.5,1.9,4.28,3.69,1.91,4.33,3.7,1.88,4.33,3.6,1.87,4.55,3.78,1.96,4.22,3.62,1.9,1.9,1.9,1.98,1.94,1.99,2.05,1.93,1.9,0.5,2.01,1.89,2.02,1.91,2.05,1.93,1.98,1.89,0.2320185614849188,0.27027027027027023,0.5405405405405405,0.22248947684906797,0.259170174383644,0.518340348767288,2.1979166666666665,1.2,1.2,0.6,1.1,2.0,1.9,5.2,8.5,1.6,3.4,13.4,12.9,3.0,4.7,1.2,1.8,0.0,0.0,2.09375,2.0,1.8,1.8,2.0,1.2,1.4,17.2,17.0,8.0,7.7,10.0,10.8,4.6,6.0,1.2,1.9,0.0,0.0,1.2,1.6666666666666667,1.4,1.4444444444444444,2.0,1.4444444444444444,1.4,1.0,1.6,1.1111111111111112,1.6,1.4444444444444444,-0.8,-1.2000000000000002
197,2019-12-29 14:00:00,E0,29/12/2019,14:00,Arsenal,Chelsea,1,2,A,1,0,H,C Pawson,7,13,2,4,13,19,2,3,5,4,0,0,2.87,3.75,2.3,2.85,3.75,2.3,2.85,3.7,2.35,2.88,3.73,2.41,2.8,3.7,2.35,2.8,3.7,2.38,3.0,3.86,2.45,2.86,3.73,2.35,1.53,2.5,1.59,2.51,1.59,2.63,1.53,2.48,0.25,1.82,2.08,1.83,2.11,1.85,2.11,1.81,2.05,2.8,3.8,2.3,2.95,3.75,2.3,2.9,3.5,2.35,3.06,3.6,2.37,2.9,3.7,2.3,2.9,3.6,2.38,3.1,3.88,2.42,2.93,3.67,2.33,1.66,2.2,1.71,2.27,1.71,2.37,1.65,2.24,0.25,1.86,2.04,1.88,2.06,1.89,2.22,1.83,2.04,0.3496503496503497,0.2680965147453083,0.425531914893617,0.3351456548254016,0.2569749524934714,0.407879392681127,2.9583333333333335,1.0,0.9,1.0,1.2,1.4,1.6,10.2,11.2,2.6,3.6,9.8,10.6,4.4,6.4,2.2,2.1,0.0,0.0,2.9583333333333335,1.2,1.5,1.0,1.4,1.4,1.3,16.2,16.6,4.8,5.4,11.4,8.8,7.2,6.6,1.8,1.7,0.0,0.0,0.6,1.4444444444444444,1.2,1.5555555555555556,2.0,1.6666666666666667,1.8,2.0,2.0,2.4444444444444446,1.6,1.8888888888888888,-0.19999999999999996,0.0
198,2019-12-29 16:30:00,E0,29/12/2019,16:30,Liverpool,Wolves,1,0,H,1,0,H,A Taylor,10,10,3,2,7,3,5,6,1,0,0,0,1.25,5.75,12.0,1.26,6.0,11.5,1.25,6.1,11.0,1.3,5.86,11.08,1.27,5.8,11.0,1.25,5.75,12.0,1.32,6.2,12.75,1.28,5.84,10.92,1.57,2.37,1.6,2.5,1.6,2.55,1.55,2.43,-1.5,1.85,2.05,1.86,2.07,1.88,2.09,1.83,2.04,1.25,6.5,10.0,1.26,6.0,12.0,1.33,5.3,8.8,1.26,6.28,12.29,1.25,6.0,12.0,1.29,5.75,11.5,1.33,6.65,12.75,1.27,6.11,11.28,1.53,2.5,1.55,2.63,1.56,2.79,1.52,2.53,-1.5,1.86,2.04,1.86,2.07,1.88,2.14,1.83,2.05,0.78125,0.17123287671232876,0.09157509157509157,0.7482822062854354,0.16400705891187625,0.0877107348026884,2.8541666666666665,3.0,2.8,3.2,2.6,0.6,0.8,15.6,15.8,6.6,6.5,7.4,8.6,5.2,5.7,1.0,1.2,0.2,0.1,1.8645833333333333,2.0,1.9,2.0,1.7,1.4,1.2,15.6,16.3,5.8,5.7,10.0,12.1,6.8,7.1,1.8,1.9,0.0,0.0,3.0,3.0,2.8,2.888888888888889,1.0,1.0,1.8,1.5555555555555556,1.6,1.4444444444444444,1.2,1.1111111111111112,1.0,1.2000000000000002
199,2019-12-29 18:00:00,E0,29/12/2019,18:00,Man City,Sheffield United,2,0,H,0,0,D,C Kavanagh,16,8,4,0,5,6,8,5,1,1,0,0,1.16,7.5,16.0,1.18,7.5,15.0,1.17,7.5,15.0,1.19,7.95,15.61,1.18,7.5,15.0,1.17,7.5,17.0,1.21,8.4,17.5,1.18,7.62,14.91,1.4,3.0,1.42,3.08,1.42,3.2,1.38,3.0,-2.0,1.92,1.98,1.93,1.98,1.95,2.07,1.88,1.98,1.2,7.5,12.0,1.22,7.0,12.5,1.25,6.1,11.0,1.24,6.85,13.14,1.2,7.0,13.0,1.22,7.0,11.5,1.25,7.6,14.0,1.23,6.89,12.29,1.36,3.2,1.41,3.15,1.43,3.36,1.38,3.02,-2.0,2.0,1.8,2.11,1.83,2.12,1.85,2.06,1.82,0.8474576271186441,0.13123359580052493,0.0670690811535882,0.8103746373028169,0.12549108556657793,0.06413427713060522,1.9270833333333333,1.8,1.9,2.6,2.3,1.4,1.4,16.6,19.1,7.0,6.4,13.4,10.4,6.4,9.3,2.2,2.0,0.2,0.2,3.125,2.0,1.7,1.2,1.5,0.8,1.0,10.4,11.0,3.6,4.4,10.8,11.2,4.8,4.7,2.4,2.2,0.0,0.0,2.4,2.111111111111111,2.2,2.7777777777777777,1.0,1.0,1.8,1.6666666666666667,1.2,1.2222222222222223,0.8,0.7777777777777778,-0.19999999999999996,1.4000000000000001
200,2020-01-01 12:30:00,E0,01/01/2020,12:30,Brighton,Chelsea,1,1,D,0,1,A,S Attwell,16,16,5,5,8,15,5,3,2,3,0,0,3.6,3.6,1.95,3.8,3.75,1.91,3.6,3.6,2.0,3.8,3.63,2.04,3.7,3.6,2.0,3.7,3.6,2.0,3.88,3.75,2.1,3.7,3.64,2.01,1.72,2.1,1.76,2.19,1.76,2.23,1.7,2.15,0.5,1.88,2.02,1.88,2.04,1.92,2.06,1.86,2.0,3.6,4.0,1.9,3.8,3.75,1.95,3.8,3.75,1.9,3.94,4.03,1.89,3.9,4.0,1.91,4.0,3.75,1.91,4.1,4.08,1.98,3.86,3.87,1.91,1.72,2.1,1.74,2.21,1.82,2.27,1.72,2.14,0.5,2.0,1.9,2.03,1.89,2.04,1.96,1.96,1.91,0.27027027027027023,0.2747252747252747,0.49751243781094534,0.2592500726399115,0.26352342548562435,0.47722650187446414,4.0,1.0,1.1,1.2,1.2,1.2,1.4,12.8,13.0,5.4,4.8,9.0,10.0,5.0,5.5,1.4,1.5,0.0,0.0,2.9375,1.2,1.5,1.0,1.2,1.4,1.2,13.8,16.3,3.8,5.1,11.6,9.9,6.0,6.3,2.2,1.9,0.0,0.0,1.4,1.5,1.2,1.4,1.0,1.1,1.8,2.1,1.6,2.4,1.4,1.8,-0.19999999999999996,0.19999999999999996
201,2020-01-01 12:30:00,E0,01/01/2020,12:30,Burnley,Aston Villa,1,2,A,0,2,A,M Oliver,20,11,1,6,12,10,8,4,1,1,0,0,1.75,3.8,4.33,1.78,3.9,4.4,1.8,3.7,4.35,1.83,3.88,4.42,1.78,3.8,4.4,1.8,3.6,4.6,1.85,4.0,4.6,1.81,3.81,4.37,1.9,1.9,1.89,2.03,1.93,2.03,1.87,1.94,-0.75,2.06,1.84,2.1,1.83,2.11,1.86,2.05,1.82,1.95,3.5,3.9,1.91,3.5,4.33,1.93,3.45,4.15,2.03,3.34,4.22,1.95,3.3,4.2,1.93,3.5,4.2,2.04,3.61,4.36,1.97,3.42,4.17,2.0,1.8,2.12,1.81,2.24,1.85,2.07,1.77,-0.5,2.03,1.9,2.03,1.89,2.05,1.96,1.97,1.9,0.5524861878453039,0.26246719160104987,0.22883295194508008,0.5293096596779578,0.2514568199519957,0.2192335203700466,3.6979166666666665,1.2,1.2,0.4,0.9,1.6,1.7,6.0,8.0,1.4,3.0,15.0,13.9,3.4,4.7,1.8,1.9,0.0,0.0,3.8958333333333335,0.6,0.7,0.6,1.0,2.4,2.0,12.8,11.7,2.4,3.2,14.0,11.8,5.0,5.5,2.6,2.0,0.0,0.0,1.2,1.5,1.0,1.3,1.6,1.5,0.2,0.4,0.8,1.2,2.2,2.2,0.6,-0.19999999999999996
202,2020-01-01 15:00:00,E0,01/01/2020,15:00,Newcastle,Leicester,0,3,A,0,2,A,M Atkinson,5,17,2,10,8,12,4,5,1,1,0,0,5.0,3.8,1.66,5.0,4.0,1.67,5.3,3.8,1.67,5.4,3.97,1.68,5.25,3.9,1.65,5.5,3.8,1.65,5.85,4.05,1.71,5.26,3.9,1.67,1.9,1.9,2.01,1.91,2.01,1.99,1.94,1.87,0.75,2.03,1.87,2.04,1.88,2.06,1.92,2.0,1.86,4.2,3.8,1.8,4.25,4.0,1.8,3.9,3.9,1.85,4.13,3.88,1.89,4.4,3.7,1.8,4.4,3.8,1.8,4.75,4.06,1.91,4.22,3.84,1.84,1.9,1.9,1.9,2.01,1.99,2.28,1.85,1.98,0.75,1.72,2.07,1.79,2.15,1.91,2.17,1.79,2.09,0.19011406844106465,0.25641025641025644,0.5988023952095809,0.1818704762755786,0.24529197569475472,0.5728375480296667,4.0,1.2,1.6,1.0,1.4,1.6,1.5,11.2,11.1,3.2,4.6,11.0,9.1,3.0,3.1,1.8,1.4,0.0,0.0,3.8958333333333335,1.4,2.2,1.6,1.8,2.0,1.1,12.4,14.2,4.6,5.6,8.8,9.1,5.0,5.4,1.2,1.2,0.0,0.0,2.0,1.6,1.6,1.1,1.2,0.9,2.4,1.9,2.2,2.4,1.0,1.0,-0.19999999999999996,-0.6000000000000001
203,2020-01-01 15:00:00,E0,01/01/2020,15:00,Southampton,Tottenham,1,0,H,1,0,H,M Dean,12,11,3,5,21,8,6,9,3,4,0,0,3.3,3.5,2.1,3.4,3.6,2.1,3.25,3.55,2.15,3.41,3.54,2.2,3.3,3.5,2.15,3.25,3.6,2.15,3.51,3.88,2.25,3.34,3.54,2.16,1.66,2.2,1.69,2.3,1.7,2.33,1.66,2.23,0.25,2.0,1.9,2.02,1.91,2.04,1.93,1.99,1.87,3.5,3.9,1.95,3.5,3.8,2.05,3.35,3.6,2.1,3.51,3.91,2.05,3.7,3.75,1.95,3.5,3.75,2.05,3.94,4.0,2.14,3.51,3.84,2.02,1.66,2.2,1.7,2.28,1.72,2.31,1.67,2.22,0.5,1.87,2.06,1.88,2.05,1.93,2.09,1.86,2.02,0.29940119760479045,0.2824858757062147,0.4629629629629629,0.2865494446193282,0.27036021046004405,0.4430903449206277,4.0,1.4,1.4,1.4,1.5,1.0,1.3,13.2,11.9,4.4,4.5,12.6,12.2,7.0,6.0,1.6,1.4,0.0,0.0,3.8958333333333335,2.0,1.8,2.2,2.0,1.2,1.4,10.6,11.2,5.0,4.8,10.2,9.8,4.2,4.1,3.2,2.3,0.2,0.2,1.4,0.8,1.2,1.0,1.2,2.5,1.6,1.0,1.8,1.5,1.6,1.9,-0.6000000000000001,-0.8000000000000003
204,2020-01-01 15:00:00,E0,01/01/2020,15:00,Watford,Wolves,2,1,H,1,0,H,A Madley,9,16,3,4,12,6,4,7,3,1,1,0,3.0,3.4,2.3,3.2,3.25,2.3,3.1,3.35,2.3,3.25,3.46,2.31,3.2,3.3,2.3,3.2,3.3,2.3,3.3,3.47,2.42,3.16,3.37,2.32,2.0,1.8,2.01,1.91,2.08,1.91,2.0,1.82,0.25,1.89,2.01,1.93,2.0,1.93,2.05,1.87,1.99,3.2,3.3,2.3,3.3,3.3,2.3,3.2,3.2,2.3,3.17,3.27,2.45,3.3,3.2,2.3,3.2,3.25,2.4,3.58,3.46,2.51,3.19,3.26,2.38,2.2,1.66,2.31,1.68,2.35,1.87,2.21,1.68,0.25,1.82,2.11,1.83,2.09,1.9,2.17,1.83,2.05,0.3164556962025316,0.29673590504451036,0.4310344827586207,0.30305285517155833,0.2841682558878707,0.4127788889405709,4.0,1.6,1.1,1.2,1.0,0.6,1.2,11.4,10.6,3.2,2.9,12.2,12.2,3.8,4.0,2.8,2.2,0.2,0.2,2.9375,1.4,1.8,1.6,1.6,1.6,1.2,15.0,16.0,4.8,5.4,9.0,10.9,7.0,7.1,1.6,1.7,0.0,0.0,1.4,1.0,1.2,0.9,1.0,1.3,1.6,1.4,1.4,1.3,1.2,1.1,0.20000000000000018,-0.40000000000000013
205,2020-01-01 17:30:00,E0,01/01/2020,17:30,Man City,Everton,2,1,H,0,0,D,A Marriner,16,7,7,2,11,11,3,6,0,4,0,0,1.25,6.5,10.0,1.26,6.25,10.5,1.28,6.1,9.5,1.28,6.15,11.04,1.27,6.0,11.0,1.25,6.0,12.0,1.3,6.63,12.0,1.27,6.19,10.49,1.36,3.2,1.4,3.13,1.41,3.2,1.37,3.09,-1.75,1.97,1.93,2.01,1.9,2.01,1.97,1.95,1.91,1.28,6.0,9.0,1.34,5.5,9.25,1.33,5.5,8.5,1.33,5.78,9.31,1.29,5.8,10.0,1.29,6.0,10.5,1.35,6.2,10.5,1.32,5.77,9.14,1.44,2.75,1.47,2.89,1.48,3.0,1.45,2.76,-1.5,1.88,2.05,1.92,2.01,1.95,2.14,1.88,2.0,0.7874015748031495,0.16155088852988692,0.09532888465204957,0.7540128685841423,0.15470054008107606,0.09128659133478177,2.9791666666666665,1.8,1.9,2.2,2.2,1.2,1.4,16.4,18.2,6.2,5.9,13.2,9.9,6.8,8.8,2.2,2.0,0.2,0.1,4.104166666666667,2.2,1.5,1.4,1.3,0.6,1.4,14.6,14.5,4.8,4.6,12.8,12.3,5.8,6.0,1.8,1.7,0.0,0.0,2.4,2.2,2.0,2.7,1.0,0.9,1.4,0.8,1.6,1.1,2.0,1.9,-0.40000000000000013,0.8000000000000003
206,2020-01-01 17:30:00,E0,01/01/2020,17:30,Norwich,Crystal Palace,1,1,D,1,0,H,J Moss,15,12,4,3,12,9,2,5,5,0,0,0,2.5,3.4,2.75,2.55,3.5,2.7,2.5,3.4,2.75,2.56,3.51,2.83,2.55,3.4,2.75,2.55,3.4,2.75,2.6,3.57,2.88,2.53,3.46,2.77,1.9,1.9,1.95,1.97,1.95,2.07,1.88,1.94,0.0,1.86,2.04,1.86,2.06,1.88,2.06,1.84,2.02,2.35,3.4,3.0,2.35,3.4,3.1,2.35,3.3,3.05,2.37,3.45,3.14,2.45,3.3,3.0,2.4,3.3,3.13,2.58,3.5,3.25,2.36,3.37,3.1,2.0,1.8,2.1,1.82,2.27,1.82,2.09,1.76,-0.25,2.08,1.85,2.05,1.88,2.19,1.92,2.04,1.84,0.3952569169960475,0.28901734104046245,0.36101083032490977,0.37813312501726104,0.27649618679007815,0.34537068819266076,4.0,0.4,0.6,1.0,1.0,1.6,1.6,11.6,12.0,4.4,4.3,10.4,9.3,5.6,5.6,2.4,2.2,0.0,0.0,4.104166666666667,1.2,1.2,0.8,0.8,0.8,1.0,9.6,9.3,2.8,2.8,9.2,10.2,4.2,4.7,1.0,1.2,0.0,0.1,0.4,0.8,1.2,1.6,2.0,2.4,1.0,1.2,0.6,0.9,0.8,1.3,-0.7999999999999999,0.19999999999999996
207,2020-01-01 17:30:00,E0,01/01/2020,17:30,West Ham,Bournemouth,4,0,H,3,0,H,G Scott,14,3,7,2,3,12,9,2,1,2,0,0,1.9,3.75,3.8,1.95,3.8,3.6,1.95,3.8,3.65,1.97,3.99,3.72,1.91,3.8,3.75,1.9,3.75,3.9,2.02,4.0,3.9,1.95,3.84,3.68,1.66,2.2,1.71,2.26,1.72,2.31,1.67,2.22,-0.5,1.94,1.96,1.97,1.96,1.98,1.98,1.94,1.92,1.86,3.7,4.0,1.91,3.6,4.2,1.9,3.6,4.1,1.97,3.61,4.12,1.88,3.6,4.2,1.95,3.5,4.1,2.02,3.85,4.54,1.92,3.63,4.1,1.9,1.9,1.92,2.0,1.99,2.03,1.88,1.94,-0.5,1.97,1.96,1.97,1.96,2.0,2.0,1.93,1.94,0.5128205128205129,0.2604166666666667,0.2717391304347826,0.49074845807634615,0.24920820136689453,0.2600433405567595,4.0,0.6,0.7,0.8,1.0,1.8,1.9,10.4,10.3,3.4,3.9,12.2,11.6,5.4,5.4,2.6,2.4,0.0,0.0,4.208333333333333,0.8,0.7,0.4,0.7,1.4,1.5,7.8,10.2,1.6,2.8,9.6,10.4,3.8,4.9,2.0,2.1,0.0,0.1,0.2,0.7777777777777778,1.4,1.3333333333333333,2.4,2.111111111111111,0.6,1.0,0.8,1.0,1.6,1.4,-0.20000000000000007,0.4
208,2020-01-01 20:00:00,E0,01/01/2020,20:00,Arsenal,Man United,2,0,H,2,0,H,C Kavanagh,10,10,4,4,11,15,1,4,2,0,0,0,2.55,3.6,2.62,2.6,3.6,2.6,2.55,3.6,2.6,2.63,3.72,2.62,2.55,3.6,2.6,2.55,3.6,2.63,2.65,3.8,2.7,2.58,3.64,2.61,1.66,2.2,1.68,2.32,1.69,2.35,1.64,2.26,0.0,1.93,1.97,1.97,1.96,1.97,2.01,1.91,1.95,2.6,3.7,2.5,2.65,3.75,2.5,2.6,3.5,2.6,2.65,3.59,2.67,2.7,3.6,2.5,2.63,3.6,2.63,2.86,3.78,2.72,2.64,3.64,2.58,1.61,2.3,1.66,2.35,1.67,2.42,1.63,2.29,0.0,1.96,1.97,1.96,1.97,2.05,1.98,1.95,1.92,0.38759689922480617,0.2747252747252747,0.3831417624521073,0.370741529888314,0.2627783371186401,0.36648013299304605,3.25,1.0,0.8,1.0,1.1,1.4,1.6,9.2,10.4,2.0,3.2,10.4,10.1,3.0,5.4,2.6,2.4,0.0,0.0,4.010416666666667,2.0,1.8,1.8,1.9,1.0,1.3,17.6,16.3,7.6,7.1,10.2,10.8,4.6,5.4,1.8,2.0,0.0,0.0,0.4,1.3,1.0,1.5,2.0,1.7,1.4,1.2,1.4,1.2,1.4,1.3,-1.0,-0.8
209,2020-01-02 20:00:00,E0,02/01/2020,20:00,Liverpool,Sheffield United,2,0,H,1,0,H,P Tierney,19,3,7,2,5,8,8,4,0,0,0,0,1.2,6.5,13.0,1.22,6.5,13.0,1.22,6.5,13.0,1.23,6.41,14.97,1.22,6.0,15.0,1.22,6.0,15.0,1.25,6.7,15.75,1.23,6.32,13.64,1.53,2.5,1.56,2.56,1.56,2.6,1.54,2.47,-1.75,1.93,1.97,1.94,1.98,1.95,2.01,1.89,1.97,1.25,5.75,12.0,1.28,5.75,12.0,1.3,5.5,9.6,1.3,5.54,12.41,1.27,5.5,11.0,1.29,5.5,12.0,1.32,6.05,13.0,1.28,5.64,11.63,1.72,2.1,1.74,2.22,1.82,2.33,1.68,2.2,-1.5,1.96,1.97,1.98,1.95,2.01,2.05,1.9,1.97,0.8130081300813008,0.1582278481012658,0.07331378299120234,0.7783335560459246,0.15147947372412773,0.07018697022994774,4.145833333333333,3.0,3.0,3.0,2.6,0.4,0.7,14.6,15.8,5.8,6.4,8.2,7.9,5.4,6.1,1.2,1.2,0.0,0.1,4.083333333333333,2.0,1.6,1.2,1.4,0.8,1.1,9.4,10.8,2.4,4.0,10.0,10.8,4.2,4.8,2.2,2.1,0.0,0.0,3.0,3.0,2.6,2.7,0.8,0.9,1.6,1.5,1.0,1.1,1.0,0.9,1.0,1.8
210,2020-01-10 20:00:00,E0,10/01/2020,20:00,Sheffield United,West Ham,1,0,H,0,0,D,M Oliver,13,7,3,2,11,6,7,3,1,0,0,0,1.95,3.4,4.0,2.0,3.4,4.0,2.0,3.4,3.85,2.04,3.44,4.02,2.0,3.4,3.9,2.05,3.4,3.9,2.09,3.55,4.2,2.02,3.43,3.94,2.0,1.8,2.06,1.85,2.1,1.86,2.03,1.8,-0.5,2.05,1.88,2.04,1.88,2.07,1.9,2.02,1.85,1.9,3.4,4.2,2.0,3.4,4.0,1.97,3.35,4.05,1.88,3.57,4.57,1.91,3.4,4.33,1.95,3.4,4.33,2.04,3.6,4.7,1.94,3.42,4.28,2.1,1.72,2.2,1.75,2.25,1.81,2.12,1.73,-0.5,1.93,2.0,1.88,2.04,1.97,2.04,1.92,1.95,0.49504950495049505,0.29154518950437314,0.25380710659898476,0.475825305616585,0.28022364937186633,0.24395104501154866,8.0,1.4,1.3,0.8,1.1,1.0,1.3,8.2,9.8,2.2,3.6,9.2,10.8,4.8,4.5,1.4,2.0,0.0,0.0,9.104166666666666,1.2,0.9,1.6,1.3,1.4,1.8,12.0,10.5,4.2,4.2,11.0,11.2,6.4,5.3,2.4,2.3,0.0,0.0,1.6,1.4,1.8,1.2,1.2,1.0,1.2,1.2,0.6,0.9,1.4,1.3,0.19999999999999996,-0.8
211,2020-01-11 12:30:00,E0,11/01/2020,12:30,Crystal Palace,Arsenal,1,1,D,0,1,A,P Tierney,6,7,3,4,14,22,1,4,2,3,0,1,4.1,3.9,1.8,4.0,3.8,1.85,4.15,3.8,1.83,4.26,3.96,1.84,4.33,3.8,1.8,4.33,3.8,1.83,4.45,4.1,1.9,4.19,3.87,1.83,1.8,2.0,1.88,2.04,1.88,2.12,1.8,2.03,0.75,1.75,2.05,1.83,2.1,1.86,2.14,1.8,2.07,4.33,3.9,1.75,4.4,3.8,1.78,4.05,3.8,1.85,4.78,3.84,1.78,4.75,4.0,1.75,4.75,3.8,1.75,4.9,4.05,1.9,4.57,3.86,1.77,1.9,1.9,1.93,1.99,1.99,2.04,1.88,1.95,0.75,1.9,2.03,1.9,2.02,2.0,2.06,1.88,2.0,0.2386634844868735,0.25839793281653745,0.5464480874316939,0.22871232452018564,0.24762393791720358,0.5236637375626109,9.791666666666666,1.2,1.3,1.0,0.9,1.0,0.9,11.4,9.3,3.4,2.8,7.8,9.6,4.8,4.7,0.6,1.0,0.0,0.1,9.6875,1.0,1.0,0.8,1.2,1.2,1.5,9.2,10.4,2.2,3.2,11.4,10.6,2.6,4.7,3.0,2.6,0.0,0.0,1.4,1.5,1.0,0.9,1.2,0.9,1.2,1.1,1.2,1.1,1.2,1.3,0.19999999999999996,0.19999999999999996
212,2020-01-11 15:00:00,E0,11/01/2020,15:00,Chelsea,Burnley,3,0,H,2,0,H,K Friend,18,7,8,2,7,4,10,3,0,3,0,0,1.28,5.5,11.0,1.3,5.5,10.0,1.28,5.6,10.5,1.3,5.68,11.52,1.29,5.5,11.0,1.29,5.5,12.0,1.33,6.0,13.0,1.29,5.61,11.06,1.66,2.2,1.73,2.23,1.73,2.35,1.66,2.24,-1.5,1.88,2.05,1.89,2.03,1.89,2.08,1.86,2.01,1.3,5.5,9.5,1.33,5.25,10.0,1.3,5.5,9.6,1.36,5.12,9.69,1.32,5.25,9.5,1.33,5.0,11.0,1.38,6.0,11.5,1.34,5.2,9.71,1.72,2.1,1.73,2.23,1.77,2.24,1.7,2.17,-1.5,2.13,1.81,2.11,1.82,2.16,1.97,2.03,1.84,0.7751937984496123,0.17825311942959002,0.09041591320072333,0.7426203667464982,0.17076297203261726,0.08661666122088453,10.104166666666666,1.4,1.3,1.0,1.1,1.0,1.2,14.0,16.3,4.0,4.6,12.8,10.9,5.6,6.0,2.8,2.0,0.0,0.0,10.104166666666666,1.2,1.2,0.6,1.0,1.0,1.6,8.6,9.4,1.4,3.1,15.8,13.9,4.8,4.9,1.8,1.8,0.0,0.0,1.2,1.4,0.8,1.1,1.0,1.0,1.2,0.9,0.8,1.0,1.8,1.7,0.19999999999999996,0.4
213,2020-01-11 15:00:00,E0,11/01/2020,15:00,Everton,Brighton,1,0,H,1,0,H,D Coote,14,9,6,2,7,7,4,3,2,1,0,0,1.85,3.8,4.0,1.87,3.6,4.2,1.9,3.6,4.05,1.94,3.59,4.25,1.75,3.5,4.2,1.91,3.6,4.2,1.97,3.83,4.49,1.9,3.63,4.16,1.8,2.0,1.88,2.04,1.89,2.05,1.83,2.0,-0.5,1.94,1.99,1.94,1.98,1.95,2.02,1.9,1.97,1.9,3.9,3.75,1.95,3.5,4.1,2.0,3.5,3.7,1.93,3.8,4.02,1.88,3.75,4.0,1.91,3.6,4.2,2.0,3.96,4.2,1.93,3.69,3.96,1.9,1.9,1.88,2.03,1.94,2.05,1.85,1.98,-0.5,1.94,1.99,1.93,1.99,2.0,2.0,1.92,1.95,0.5263157894736842,0.27548209366391185,0.24038461538461536,0.5050130761358848,0.2643319131289755,0.23065501073513967,9.895833333333334,1.6,1.4,1.0,1.3,0.8,1.5,13.4,14.5,3.8,4.5,12.2,12.5,6.8,6.1,2.0,2.0,0.0,0.0,10.104166666666666,1.0,0.9,1.0,1.1,1.0,1.5,13.4,12.5,5.6,4.8,8.6,9.7,5.4,5.2,1.2,1.7,0.0,0.0,1.6,1.7,1.0,1.2,0.8,1.1,0.8,0.8,1.2,1.0,1.8,1.7,0.6000000000000001,0.0
214,2020-01-11 15:00:00,E0,11/01/2020,15:00,Leicester,Southampton,1,2,A,1,1,D,L Mason,5,16,5,10,9,17,2,4,0,3,0,0,1.6,4.0,5.5,1.62,4.0,5.5,1.65,4.05,5.0,1.65,4.03,5.7,1.63,3.9,5.5,1.65,4.0,5.4,1.69,4.17,6.0,1.64,4.02,5.46,1.66,2.2,1.65,2.39,1.69,2.39,1.64,2.28,-1.0,2.05,1.75,2.14,1.8,2.17,1.83,2.1,1.79,1.7,3.8,5.0,1.7,3.9,5.0,1.65,4.1,5.0,1.73,3.9,5.12,1.7,3.9,5.0,1.7,4.0,5.0,1.8,4.2,5.55,1.7,3.88,5.09,1.72,2.1,1.72,2.25,1.82,2.3,1.68,2.2,-0.75,1.94,1.99,1.94,1.98,1.98,2.07,1.9,1.98,0.6097560975609756,0.24875621890547267,0.18315018315018314,0.5853681953467532,0.23880692546484464,0.17582487918840206,10.0,1.4,2.2,1.4,1.9,1.8,1.1,11.2,14.5,5.0,6.1,8.2,8.7,5.0,5.3,1.0,1.1,0.0,0.0,10.0,2.0,1.7,1.4,1.5,0.6,1.1,11.8,12.8,4.2,4.5,13.4,13.3,5.8,6.6,1.6,1.6,0.0,0.0,2.0,2.3,1.4,1.9,1.2,0.9,1.4,1.4,1.8,1.4,1.4,1.3,-0.6000000000000001,0.0
215,2020-01-11 15:00:00,E0,11/01/2020,15:00,Man United,Norwich,4,0,H,1,0,H,A Taylor,13,8,6,3,18,7,4,2,0,0,0,0,1.33,5.25,8.5,1.36,5.0,8.5,1.37,5.1,7.8,1.36,5.19,9.1,1.35,5.0,9.0,1.36,5.0,9.5,1.4,5.5,10.0,1.36,5.16,8.82,1.57,2.37,1.63,2.41,1.63,2.5,1.58,2.39,-1.5,2.08,1.85,2.11,1.82,2.11,1.88,2.05,1.82,1.33,5.5,8.0,1.36,5.25,9.0,1.35,5.3,8.0,1.32,5.66,10.11,1.32,5.25,9.5,1.33,5.25,10.0,1.37,6.2,10.14,1.33,5.45,9.27,1.61,2.3,1.64,2.4,1.65,2.47,1.6,2.36,-1.5,2.02,1.91,2.04,1.89,2.06,1.94,1.99,1.87,0.7352941176470588,0.19379844961240308,0.11337868480725623,0.7053375488190441,0.18590291984377905,0.10875953133717686,9.791666666666666,1.4,1.8,1.4,1.9,1.2,1.4,17.4,15.8,7.0,7.1,11.2,11.1,4.8,4.8,1.4,1.7,0.0,0.0,9.895833333333334,0.6,0.7,1.0,1.1,1.4,1.5,11.8,12.8,4.4,4.7,11.6,9.7,4.2,5.5,3.4,2.6,0.0,0.0,2.2,1.9,2.4,2.0,1.2,1.0,0.8,0.5,0.8,0.5,1.2,1.6,0.7999999999999999,0.3999999999999999
216,2020-01-11 15:00:00,E0,11/01/2020,15:00,Wolves,Newcastle,1,1,D,1,1,D,P Bankes,9,5,4,1,13,12,5,2,0,3,0,0,1.44,4.5,7.5,1.45,4.25,8.0,1.46,4.3,7.5,1.47,4.41,8.09,1.44,4.2,8.5,1.45,4.2,9.0,1.5,4.55,9.0,1.46,4.35,7.91,2.0,1.8,2.07,1.85,2.1,1.87,2.01,1.82,-1.0,1.8,2.14,1.81,2.13,1.83,2.2,1.77,2.12,1.44,4.33,7.5,1.48,4.33,7.75,1.5,4.3,6.5,1.45,4.6,7.92,1.44,4.4,7.5,1.45,4.33,8.0,1.5,4.75,8.3,1.46,4.44,7.59,1.9,1.9,1.94,1.98,1.99,1.98,1.9,1.92,-1.0,1.81,2.13,1.8,2.14,1.83,2.16,1.78,2.11,0.684931506849315,0.2298850574712644,0.1264222503160556,0.657804431818399,0.2207803380356006,0.12141523014600031,10.0,1.2,1.7,1.4,1.6,1.6,1.3,15.6,15.1,4.6,5.0,8.8,10.0,7.6,6.9,1.8,1.6,0.0,0.0,10.0,0.6,1.3,0.6,1.1,2.0,1.6,9.8,10.4,2.4,3.9,10.4,9.2,3.2,3.2,1.8,1.4,0.0,0.0,2.0,1.6,1.8,1.6,1.2,1.4,1.2,0.9,1.2,0.9,1.8,2.1,0.6,0.7999999999999999
217,2020-01-11 17:30:00,E0,11/01/2020,17:30,Tottenham,Liverpool,0,1,A,0,1,A,M Atkinson,14,13,4,7,4,8,4,3,0,2,0,0,4.5,4.33,1.66,4.5,4.33,1.67,4.5,4.1,1.7,4.62,4.29,1.71,4.6,4.2,1.7,4.8,4.1,1.7,5.0,4.4,1.74,4.59,4.22,1.7,1.61,2.3,1.65,2.38,1.67,2.41,1.62,2.3,0.75,2.0,1.93,1.99,1.93,2.02,1.96,1.97,1.9,4.75,4.1,1.66,4.75,4.1,1.7,4.5,3.9,1.75,4.9,4.05,1.72,5.0,4.0,1.67,4.8,4.0,1.73,5.3,4.25,1.76,4.8,4.07,1.7,1.66,2.2,1.69,2.3,1.7,2.35,1.65,2.25,0.75,2.0,1.93,2.0,1.93,2.07,1.96,1.98,1.9,0.2178649237472767,0.23696682464454977,0.5882352941176471,0.208869530785983,0.227182736091863,0.5639477331221541,10.104166666666666,1.4,1.7,1.2,1.9,1.4,1.4,10.2,11.9,4.6,5.1,9.4,9.8,5.8,4.8,3.8,2.5,0.2,0.1,8.895833333333334,3.0,3.0,2.4,2.6,0.0,0.6,16.2,15.6,6.2,5.8,6.6,7.5,6.0,6.1,1.0,0.9,0.0,0.1,2.0,2.0,2.2,2.1,1.2,1.0,2.6,2.7777777777777777,2.4,2.2222222222222223,0.6,0.5555555555555556,-1.6,-1.2
218,2020-01-12 14:00:00,E0,12/01/2020,14:00,Bournemouth,Watford,0,3,A,0,1,A,M Dean,10,18,1,6,3,13,5,5,1,1,0,0,2.6,3.3,2.7,2.45,3.4,2.85,2.6,3.35,2.7,2.67,3.37,2.78,2.62,3.3,2.7,2.6,3.4,2.7,2.72,3.46,2.85,2.61,3.37,2.75,1.9,1.9,1.98,1.94,1.98,2.01,1.89,1.93,0.0,1.92,2.01,1.93,2.01,1.93,2.06,1.88,1.98,2.5,3.5,2.7,2.6,3.3,2.8,2.55,3.35,2.8,2.58,3.45,2.83,2.55,3.4,2.88,2.7,3.3,2.75,2.7,3.58,2.92,2.55,3.41,2.8,2.0,1.8,2.09,1.83,2.13,1.9,2.0,1.83,0.0,1.84,2.09,1.88,2.05,1.92,2.13,1.84,2.03,0.3831417624521073,0.29673590504451036,0.36363636363636365,0.3671649359962284,0.28436216111280593,0.34847290289096583,10.854166666666666,0.8,0.4,0.4,0.6,1.6,1.9,7.8,9.3,2.0,2.4,11.0,10.2,4.0,4.7,2.4,1.9,0.0,0.1,10.958333333333334,2.0,1.4,1.6,1.1,0.8,1.1,10.6,10.3,3.2,2.9,11.6,12.6,3.4,4.3,2.6,2.1,0.4,0.3,0.8,1.0,0.6,1.0,1.4,1.4,0.8,0.6,0.8,0.6,1.4,2.0,-1.2,-1.2000000000000002
219,2020-01-12 16:30:00,E0,12/01/2020,16:30,Aston Villa,Man City,1,6,A,0,4,A,J Moss,7,22,1,12,5,12,2,4,2,1,0,0,13.0,8.5,1.16,14.0,8.5,1.16,13.5,8.0,1.17,14.54,8.51,1.18,15.0,8.0,1.17,15.0,8.0,1.17,18.0,9.15,1.2,14.5,8.39,1.17,1.28,3.75,1.28,4.0,1.29,4.0,1.27,3.74,2.25,1.96,1.97,1.93,1.98,1.98,1.98,1.93,1.93,15.0,10.0,1.12,16.0,8.75,1.16,15.0,7.5,1.17,15.31,9.4,1.16,15.0,10.0,1.12,17.0,8.0,1.17,19.0,11.0,1.2,15.71,9.09,1.15,1.28,3.75,1.29,3.82,1.31,4.0,1.29,3.62,2.5,1.77,2.02,1.8,2.12,1.99,2.19,1.8,2.07,0.06896551724137931,0.11918951132300357,0.8547008547008548,0.06613139777803677,0.11429145027193481,0.8195771519500283,11.166666666666666,1.2,1.0,0.8,1.1,1.8,1.9,12.0,12.3,3.2,3.6,11.8,11.6,4.2,5.7,1.6,2.0,0.0,0.0,10.958333333333334,2.4,1.9,2.4,2.2,1.0,1.4,15.2,17.2,6.6,6.2,13.4,9.9,4.2,7.4,1.6,1.7,0.2,0.1,1.2,1.4,1.2,1.3,1.8,1.4,1.4,1.9,2.4,2.7,1.8,1.4,-1.2,-1.5999999999999999
220,2020-01-18 12:30:00,E0,18/01/2020,12:30,Watford,Tottenham,0,0,D,0,0,D,M Oliver,15,17,2,5,13,13,3,3,2,3,0,0,3.25,3.5,2.2,3.1,3.6,2.2,3.15,3.5,2.2,3.19,3.55,2.3,3.1,3.5,2.25,3.25,3.5,2.25,3.3,3.6,2.35,3.18,3.52,2.25,1.8,2.0,1.83,2.09,1.85,2.09,1.81,2.02,0.25,1.96,1.97,1.93,2.0,1.97,2.0,1.92,1.95,2.9,3.75,2.25,3.2,3.7,2.2,3.25,3.5,2.2,3.11,3.55,2.34,3.1,3.75,2.25,3.13,3.5,2.3,3.28,3.84,2.38,3.1,3.61,2.27,1.9,1.9,1.95,1.97,1.99,2.05,1.86,1.97,0.25,1.91,2.02,1.89,2.03,1.99,2.08,1.89,1.98,0.31446540880503143,0.2840909090909091,0.4444444444444444,0.3015006509673146,0.2723784289988808,0.4261209200338046,5.9375,2.6,1.4,2.2,1.2,0.4,1.1,12.6,10.9,4.0,3.3,13.0,12.6,3.8,4.4,2.6,2.0,0.4,0.2,6.791666666666667,0.8,1.6,0.8,1.8,1.4,1.4,11.2,11.6,4.4,5.0,8.2,9.6,6.2,4.8,3.0,2.3,0.2,0.1,2.0,1.3,1.4,1.1,0.8,1.1,1.4,0.9,1.6,1.3,1.6,1.8,1.8,1.4000000000000001
221,2020-01-18 15:00:00,E0,18/01/2020,15:00,Arsenal,Sheffield United,1,1,D,1,0,H,M Dean,11,12,4,4,9,13,4,5,1,2,0,0,1.83,3.6,4.33,1.8,3.7,4.5,1.83,3.6,4.4,1.88,3.62,4.54,1.83,3.6,4.4,1.83,3.6,4.6,1.9,3.72,4.7,1.85,3.61,4.46,2.0,1.8,2.09,1.83,2.09,1.97,1.99,1.83,-0.5,1.87,2.06,1.88,2.05,1.88,2.09,1.84,2.03,1.95,3.4,4.0,1.95,3.4,4.25,1.8,3.5,4.7,2.09,3.34,3.96,1.95,3.3,4.2,2.0,3.4,4.0,2.14,3.7,4.7,2.0,3.38,4.08,2.1,1.72,2.12,1.81,2.24,1.81,2.09,1.75,-0.5,2.08,1.85,2.09,1.83,2.14,2.0,2.03,1.85,0.5405405405405405,0.2770083102493075,0.2242152466367713,0.5188703871402283,0.2659031069832195,0.21522650587655212,7.104166666666667,1.2,1.1,1.0,1.3,0.8,1.4,9.4,10.3,2.8,3.5,14.0,11.8,2.8,4.7,3.4,2.8,0.2,0.1,7.791666666666667,1.4,1.5,0.6,1.1,1.0,1.2,9.4,9.7,2.2,3.5,9.4,11.0,5.6,4.8,1.2,1.9,0.0,0.0,0.8,1.3,1.2,1.5,1.8,1.6,1.4,1.4,0.8,1.0,1.2,1.0,-0.19999999999999996,0.4
222,2020-01-18 15:00:00,E0,18/01/2020,15:00,Brighton,Aston Villa,1,1,D,1,0,H,A Madley,10,8,2,3,11,13,3,4,3,3,0,0,1.66,4.0,5.0,1.62,4.33,5.0,1.65,4.0,5.0,1.65,4.43,4.99,1.63,4.2,5.0,1.65,4.1,5.25,1.72,4.55,5.25,1.65,4.29,4.94,1.66,2.2,1.67,2.33,1.7,2.35,1.65,2.26,-0.75,1.85,2.08,1.83,2.1,1.9,2.1,1.82,2.06,1.65,4.2,4.75,1.72,4.0,4.75,1.75,3.9,4.4,1.68,4.26,4.96,1.67,4.2,4.8,1.7,4.0,5.0,1.75,4.35,5.1,1.69,4.16,4.84,1.66,2.2,1.66,2.35,1.7,2.35,1.64,2.27,-0.75,1.86,2.07,1.87,2.05,1.9,2.09,1.85,2.03,0.6060606060606061,0.2331002331002331,0.20242914979757085,0.5818610129564193,0.22379269729093051,0.1943462897526502,7.0,0.8,0.9,0.8,1.0,1.0,1.3,12.2,12.8,4.0,4.8,7.6,9.0,4.6,5.3,1.2,1.3,0.0,0.0,5.9375,1.2,1.0,1.0,1.1,2.6,2.3,11.8,11.7,3.4,3.3,11.0,11.3,4.2,5.6,1.6,1.9,0.0,0.0,1.0,1.5,1.0,1.4,1.2,1.1,0.8,0.7,1.0,1.3,2.0,2.0,-0.3999999999999999,-0.19999999999999996
223,2020-01-18 15:00:00,E0,18/01/2020,15:00,Man City,Crystal Palace,2,2,D,0,1,A,S Scott,25,5,6,3,9,7,14,2,1,2,0,0,1.1,11.0,19.0,1.11,9.75,23.0,1.1,10.0,23.0,1.1,11.01,26.91,1.08,11.0,29.0,1.07,11.0,29.0,1.13,12.0,30.0,1.1,10.64,24.53,1.3,3.5,1.29,3.82,1.33,3.82,1.29,3.53,-2.5,1.86,2.07,1.83,2.07,1.9,2.08,1.83,2.03,1.08,11.0,26.0,1.09,11.5,31.0,1.1,10.0,23.0,1.09,12.35,29.32,1.07,11.0,34.0,1.06,13.0,29.0,1.12,13.5,45.0,1.08,11.63,29.18,1.28,3.75,1.28,3.92,1.32,3.92,1.29,3.57,-2.75,1.91,2.02,1.91,2.01,1.95,2.05,1.9,1.98,0.9090909090909091,0.09398496240601503,0.040766408479412965,0.8709083034187092,0.0900375125714831,0.03905418400980759,5.9375,2.4,2.2,3.0,2.7,1.2,1.2,16.8,17.6,7.6,7.1,11.0,10.6,4.4,6.5,1.0,1.6,0.2,0.1,7.104166666666667,1.2,1.4,1.0,1.0,1.0,0.8,10.4,9.6,3.2,3.0,9.2,9.3,4.4,4.8,0.8,1.0,0.0,0.1,2.4,2.4,2.0,2.7,1.0,0.8,1.2,1.3,0.8,1.0,0.6,1.3,1.2,2.0
224,2020-01-18 15:00:00,E0,18/01/2020,15:00,Norwich,Bournemouth,1,0,H,1,0,H,P Tierney,16,6,5,3,10,10,4,5,2,2,1,1,2.2,3.5,3.25,2.2,3.5,3.2,2.2,3.55,3.15,2.25,3.65,3.2,2.2,3.5,3.2,2.2,3.5,3.3,2.3,3.7,3.3,2.22,3.56,3.19,1.8,2.0,1.79,2.13,1.86,2.13,1.79,2.04,-0.25,1.95,1.98,1.97,1.96,1.97,1.99,1.93,1.94,2.25,3.5,3.1,2.25,3.5,3.2,2.25,3.45,3.15,2.28,3.52,3.26,2.25,3.4,3.2,2.25,3.5,3.2,2.32,3.6,3.42,2.25,3.48,3.21,1.8,2.0,1.87,2.05,1.9,2.1,1.84,1.98,-0.25,1.99,1.94,1.98,1.95,2.01,1.98,1.95,1.93,0.4504504504504504,0.2808988764044944,0.31347962382445144,0.4311236304828141,0.2688467583347886,0.30002961118239735,7.0,0.4,0.7,0.8,1.1,2.0,1.7,11.4,11.9,4.4,4.5,10.0,9.7,3.8,4.7,2.6,2.5,0.0,0.0,6.041666666666667,0.2,0.4,0.2,0.5,2.2,2.0,7.6,8.7,1.8,2.2,8.8,10.0,4.2,4.8,2.2,2.0,0.0,0.1,0.6,0.6,1.4,1.4,1.8,2.4,0.6,0.7,0.6,0.8,2.0,1.7,0.2,0.6000000000000001
225,2020-01-18 15:00:00,E0,18/01/2020,15:00,Southampton,Wolves,2,3,A,2,0,H,D England,11,8,5,4,13,12,1,3,2,1,0,0,2.4,3.4,3.0,2.35,3.4,3.0,2.4,3.3,3.0,2.44,3.4,3.07,2.38,3.3,3.1,2.4,3.3,3.13,2.46,3.5,3.2,2.39,3.37,3.05,2.0,1.8,2.08,1.83,2.1,1.86,2.02,1.8,-0.25,2.08,1.85,2.1,1.83,2.1,1.9,2.04,1.83,2.6,3.1,2.87,2.55,3.2,3.0,2.6,3.05,2.95,2.63,3.11,3.04,2.6,3.1,2.9,2.6,3.13,3.0,2.66,3.35,3.1,2.59,3.14,2.97,2.3,1.61,2.4,1.64,2.4,1.7,2.32,1.61,0.0,1.81,2.13,1.83,2.11,1.86,2.2,1.79,2.09,0.41841004184100417,0.29673590504451036,0.3278688524590164,0.40115446310440517,0.2844982690859134,0.3143472678096815,7.0,2.6,2.0,1.8,1.6,0.6,1.0,12.8,14.0,5.8,5.2,15.0,13.8,5.6,6.5,2.0,1.8,0.0,0.0,7.0,1.4,1.5,1.4,1.5,1.4,1.3,13.8,14.3,4.4,4.9,8.6,9.6,6.4,6.8,1.0,1.2,0.0,0.0,2.0,1.1,1.2,1.0,0.8,2.3,1.4,1.3,1.4,1.4,1.4,1.3,1.2000000000000002,0.40000000000000013
226,2020-01-18 15:00:00,E0,18/01/2020,15:00,West Ham,Everton,1,1,D,1,1,D,A Marriner,12,11,6,3,11,13,7,6,1,0,0,0,2.9,3.5,2.37,2.95,3.5,2.35,2.9,3.4,2.4,3.01,3.53,2.41,3.0,3.4,2.38,3.0,3.4,2.4,3.05,3.6,2.5,2.96,3.46,2.4,1.8,2.0,1.86,2.05,1.95,2.05,1.84,1.97,0.25,1.83,2.1,1.84,2.09,1.85,2.15,1.81,2.07,2.9,3.4,2.4,2.85,3.5,2.45,2.9,3.35,2.45,2.97,3.45,2.48,2.88,3.5,2.4,2.9,3.4,2.5,3.01,3.55,2.6,2.91,3.42,2.46,1.9,1.9,1.96,1.95,1.99,1.97,1.92,1.9,0.25,1.75,2.05,1.8,2.14,1.83,2.2,1.78,2.12,0.33783783783783783,0.28901734104046245,0.4166666666666667,0.32374773875615986,0.2769633834445761,0.39928887779926386,7.791666666666667,1.2,0.9,1.4,1.1,1.0,1.6,11.2,9.6,3.8,3.8,9.8,10.8,6.2,4.9,2.0,2.1,0.0,0.0,7.0,2.0,1.4,1.0,1.2,0.6,1.4,14.6,13.5,4.4,4.6,11.2,12.0,6.6,5.6,2.0,2.1,0.0,0.0,0.6,1.0,2.0,1.6,2.2,1.9,0.8,0.7,1.4,1.2,2.2,2.1,-0.8,0.3999999999999999
227,2020-01-18 17:30:00,E0,18/01/2020,17:30,Newcastle,Chelsea,1,0,H,0,0,D,C Kavanagh,7,19,2,4,9,14,1,10,1,1,0,0,6.0,4.5,1.5,6.0,4.6,1.5,5.9,4.4,1.53,6.11,4.72,1.52,6.0,4.5,1.52,6.0,4.5,1.53,6.4,4.72,1.57,6.02,4.53,1.52,1.72,2.1,1.72,2.24,1.73,2.28,1.68,2.2,1.0,2.04,1.89,2.06,1.87,2.06,1.91,2.01,1.86,5.5,4.33,1.55,5.5,4.5,1.57,6.0,4.1,1.55,5.51,4.42,1.61,5.8,4.33,1.55,6.0,4.2,1.57,6.25,4.7,1.62,5.58,4.38,1.58,1.8,2.0,1.81,2.12,1.9,2.16,1.78,2.06,1.0,1.9,2.03,1.9,2.02,1.98,2.06,1.88,1.99,0.16611295681063123,0.22075055187637968,0.6578947368421053,0.15899655017941838,0.21129342871525356,0.629710021105328,7.104166666666667,0.8,1.1,0.8,1.0,2.0,1.6,9.0,8.9,2.6,3.1,10.4,9.4,3.0,2.9,2.0,1.5,0.0,0.0,7.104166666666667,2.0,1.3,1.6,1.2,0.8,1.2,14.0,15.8,4.6,4.9,12.4,10.7,5.8,6.3,2.6,1.7,0.0,0.0,1.4,1.6,1.2,1.1,1.6,1.1,1.4,2.2,1.4,2.5,1.4,1.5,-1.2,-0.8
228,2020-01-19 14:00:00,E0,19/01/2020,14:00,Burnley,Leicester,2,1,H,0,1,A,A Taylor,8,18,5,8,14,8,4,5,1,0,0,0,4.33,3.75,1.83,4.33,3.7,1.83,4.1,3.65,1.87,4.17,3.79,1.91,4.2,3.7,1.85,4.3,3.6,1.85,4.35,3.9,1.93,4.19,3.71,1.87,1.9,1.9,1.88,2.04,1.92,2.05,1.85,1.96,0.5,2.03,1.9,2.02,1.91,2.05,1.93,2.0,1.87,4.2,3.6,1.85,4.6,3.8,1.78,4.15,3.6,1.87,4.22,3.75,1.91,4.5,3.7,1.85,4.3,3.5,1.93,4.68,3.8,1.93,4.27,3.68,1.87,1.9,1.9,1.97,1.95,1.99,1.97,1.91,1.91,0.5,2.04,1.89,2.02,1.91,2.06,1.93,2.01,1.87,0.2386634844868735,0.2695417789757412,0.53475935828877,0.2288318122297389,0.25843808443196925,0.5127301033382919,7.958333333333333,0.6,0.9,0.4,0.7,1.6,1.9,8.6,8.7,1.0,2.1,13.6,12.6,4.6,4.1,2.4,1.9,0.0,0.0,7.958333333333333,1.2,1.9,1.4,1.8,2.0,1.3,8.6,13.1,5.0,5.9,7.8,8.6,3.0,5.0,1.0,1.0,0.0,0.0,0.6,1.2,0.6,1.1,2.0,1.7,2.4,2.1,2.4,2.6,1.0,0.9,-0.6,-0.9999999999999999
229,2020-01-19 16:30:00,E0,19/01/2020,16:30,Liverpool,Man United,2,0,H,1,0,H,C Pawson,16,9,5,4,7,10,11,5,1,3,0,0,1.36,5.25,8.0,1.4,5.25,7.0,1.37,5.0,8.2,1.37,5.3,8.86,1.35,5.0,9.0,1.33,5.0,9.5,1.4,5.4,9.5,1.37,5.12,8.31,1.66,2.2,1.68,2.32,1.7,2.32,1.66,2.23,-1.25,1.85,2.08,1.83,2.09,1.87,2.11,1.83,2.04,1.4,4.75,7.5,1.45,4.75,7.0,1.45,4.5,7.0,1.46,4.64,7.58,1.42,4.6,8.0,1.44,4.5,8.0,1.48,4.88,8.2,1.45,4.64,7.28,1.72,2.1,1.78,2.16,1.82,2.24,1.72,2.13,-1.25,2.1,1.83,2.09,1.84,2.13,1.94,2.04,1.84,0.7299270072992701,0.1953125,0.12033694344163658,0.6981096473452859,0.18679887048106283,0.11509148217365123,7.958333333333333,3.0,3.0,2.0,2.5,0.0,0.5,14.6,14.4,5.8,5.9,7.0,7.4,6.0,5.4,1.2,0.9,0.0,0.1,8.0625,1.8,1.8,2.0,2.0,1.0,1.3,15.2,15.0,6.6,6.6,12.8,11.9,4.4,4.7,1.2,1.5,0.0,0.0,3.0,3.0,2.4,2.5,0.6,0.8,1.4,1.1,1.4,1.1,1.6,1.4,1.2,0.0
230,2020-01-21 19:30:00,E0,21/01/2020,19:30,Aston Villa,Watford,2,1,H,0,1,A,M Atkinson,16,8,5,2,11,18,6,3,2,2,0,0,2.8,3.5,2.45,2.9,3.5,2.45,2.8,3.4,2.5,2.87,3.47,2.54,2.8,3.4,2.5,2.9,3.4,2.5,3.0,3.65,2.58,2.86,3.46,2.49,1.9,1.9,1.93,1.99,1.95,2.01,1.89,1.93,0.0,2.09,1.84,2.08,1.85,2.14,1.86,2.08,1.8,3.1,3.4,2.3,3.0,3.4,2.4,3.05,3.35,2.35,3.12,3.43,2.39,3.2,3.4,2.38,3.1,3.4,2.38,3.2,3.55,2.45,3.1,3.39,2.36,1.9,1.9,1.96,1.96,2.05,1.98,1.93,1.9,0.25,1.87,2.06,1.86,2.06,1.9,2.1,1.84,2.03,0.3496503496503497,0.28901734104046245,0.4016064257028112,0.3361136686381299,0.27782806135984145,0.38605827000202864,3.1875,1.4,0.8,1.0,1.0,2.2,2.4,9.6,10.8,2.8,2.8,10.4,11.6,3.6,4.9,1.8,2.1,0.0,0.0,3.2916666666666665,2.2,1.5,1.8,1.2,0.4,0.8,13.4,10.9,3.8,3.1,12.4,12.5,3.8,4.0,2.4,2.2,0.4,0.2,1.2,1.4,1.2,1.3,2.6,1.8,0.8,0.9,1.0,0.9,1.4,1.9,-0.8000000000000003,-0.8
231,2020-01-21 19:30:00,E0,21/01/2020,19:30,Bournemouth,Brighton,3,1,H,2,0,H,K Friend,11,21,3,8,9,12,5,8,1,1,0,0,2.87,3.4,2.45,2.9,3.4,2.5,2.9,3.3,2.45,3.0,3.39,2.49,2.9,3.3,2.5,3.0,3.3,2.5,3.1,3.45,2.6,2.94,3.35,2.47,2.0,1.8,2.03,1.88,2.06,1.91,1.98,1.85,0.0,2.07,1.72,2.16,1.79,2.17,1.83,2.1,1.78,2.75,3.3,2.55,2.85,3.4,2.5,2.85,3.25,2.55,2.87,3.28,2.66,2.88,3.25,2.55,2.88,3.25,2.63,3.0,3.4,2.7,2.86,3.29,2.57,2.1,1.72,2.19,1.76,2.24,1.8,2.09,1.75,0.0,2.04,1.89,2.04,1.88,2.12,1.96,2.02,1.85,0.3401360544217687,0.29850746268656714,0.4048582995951417,0.32595636057088156,0.28606319405325126,0.3879804453758671,3.1875,0.2,0.4,0.2,0.4,2.2,1.9,8.2,8.4,2.4,2.3,8.2,10.0,4.4,4.8,2.2,2.0,0.2,0.1,3.1875,1.0,1.0,1.0,1.1,1.0,1.2,12.4,13.1,4.0,5.0,8.6,9.2,4.4,5.0,1.6,1.4,0.0,0.0,0.2,0.9,0.4,0.9,2.0,1.6,0.8,0.5,1.0,0.7,1.4,1.8,-0.8,-0.8
232,2020-01-21 19:30:00,E0,21/01/2020,19:30,Crystal Palace,Southampton,0,2,A,0,1,A,A Marriner,6,15,0,6,12,13,0,8,1,2,0,0,2.7,3.25,2.7,2.75,3.3,2.7,2.7,3.15,2.7,2.73,3.29,2.77,2.7,3.2,2.7,2.75,3.13,2.8,2.85,3.35,2.84,2.73,3.26,2.72,2.2,1.66,2.28,1.7,2.31,1.72,2.21,1.68,0.0,1.96,1.97,1.95,1.98,1.99,1.99,1.93,1.93,2.75,3.2,2.7,2.65,3.25,2.8,2.8,3.1,2.7,2.82,3.24,2.72,2.7,3.1,2.8,2.8,3.13,2.75,2.9,3.26,3.04,2.78,3.17,2.73,2.37,1.57,2.46,1.61,2.47,1.65,2.34,1.61,0.0,2.0,1.93,2.0,1.93,2.02,2.06,1.96,1.91,0.3663003663003663,0.3067484662576687,0.3676470588235294,0.35197637401459153,0.29475322118399844,0.35327040480140987,3.1875,1.4,1.5,1.4,1.1,1.2,0.8,8.2,8.5,3.0,2.7,8.4,9.2,3.8,4.1,1.2,1.2,0.0,0.1,3.1875,2.0,1.9,1.6,1.6,1.0,1.1,11.6,13.0,5.2,5.1,14.6,13.2,4.8,5.8,2.2,1.8,0.0,0.0,1.6,1.5,1.2,1.0,1.0,1.0,2.0,1.7,2.0,1.6,1.2,1.1,-0.6000000000000001,-0.20000000000000018
233,2020-01-21 19:30:00,E0,21/01/2020,19:30,Everton,Newcastle,2,2,D,1,0,H,S Hooper,17,8,8,2,13,10,6,4,1,1,0,0,1.55,4.1,6.0,1.6,4.0,6.0,1.6,4.0,5.6,1.61,3.96,6.31,1.57,3.8,6.5,1.6,3.9,6.25,1.64,4.3,6.75,1.6,3.99,6.06,1.9,1.9,2.02,1.89,2.04,1.95,1.95,1.87,-1.0,2.11,1.82,2.12,1.81,2.14,1.86,2.07,1.81,1.5,4.2,6.5,1.5,4.33,7.0,1.6,4.0,5.6,1.49,4.45,7.4,1.5,4.2,7.0,1.5,4.33,7.5,1.6,4.5,7.8,1.5,4.29,7.16,2.0,1.8,2.06,1.86,2.13,1.9,2.0,1.83,-1.0,1.82,2.11,1.83,2.1,1.97,2.13,1.83,2.05,0.625,0.2506265664160401,0.16501650165016502,0.6005901727298469,0.24083816450319676,0.15857166276695628,3.1875,2.0,1.5,1.2,1.3,0.8,1.3,15.0,12.8,5.0,4.2,11.8,12.1,6.8,5.5,1.6,1.8,0.0,0.0,3.0833333333333335,0.8,1.4,0.8,1.1,2.0,1.4,8.8,8.5,2.4,2.8,9.8,9.4,2.4,2.4,1.8,1.5,0.0,0.0,2.0,1.7,1.0,1.2,0.6,1.1,0.8,1.0,0.8,0.9,1.6,1.9,1.2,0.3999999999999999
234,2020-01-21 19:30:00,E0,21/01/2020,19:30,Sheffield United,Man City,0,1,A,0,0,D,L Mason,4,18,1,5,13,13,5,13,4,3,0,0,7.0,5.0,1.4,7.25,4.75,1.44,6.8,4.6,1.45,7.44,4.87,1.45,7.5,4.75,1.42,8.0,4.8,1.4,8.5,5.13,1.47,7.41,4.82,1.43,1.61,2.3,1.62,2.44,1.64,2.44,1.6,2.36,1.25,1.92,2.01,1.95,1.98,1.95,2.02,1.92,1.96,8.0,5.0,1.36,8.0,5.0,1.4,6.8,4.6,1.45,8.26,4.69,1.43,8.0,4.75,1.4,8.5,4.8,1.4,9.2,5.15,1.45,8.11,4.82,1.41,1.72,2.1,1.77,2.17,1.82,2.3,1.72,2.14,1.25,1.97,1.96,1.97,1.96,2.07,2.02,1.96,1.91,0.1349527665317139,0.20746887966804978,0.6993006993006994,0.12954773132650818,0.19915947907249493,0.671292789600997,3.1875,1.0,1.5,0.6,0.9,1.2,1.0,10.4,9.7,2.6,3.1,9.8,11.0,6.0,4.7,1.0,2.0,0.0,0.0,3.1875,2.0,2.0,2.8,2.7,1.4,1.3,17.2,18.6,6.4,7.3,10.0,11.0,6.0,7.1,0.8,1.6,0.2,0.1,1.6,1.4,1.4,1.2,1.2,1.0,2.0,1.9,3.4,2.8,1.4,1.5,-1.0,-2.1999999999999997
235,2020-01-21 20:15:00,E0,21/01/2020,20:15,Chelsea,Arsenal,2,2,D,1,0,H,S Attwell,19,2,8,2,11,6,17,5,2,1,0,1,1.72,3.9,4.5,1.75,3.9,4.75,1.75,3.9,4.4,1.74,4.01,4.82,1.73,3.9,4.6,1.73,3.9,4.8,1.79,4.1,5.2,1.74,3.95,4.71,1.72,2.1,1.72,2.24,1.73,2.29,1.68,2.2,-0.75,1.97,1.96,1.96,1.97,1.98,1.97,1.94,1.94,1.72,3.9,4.5,1.75,3.9,4.75,1.75,3.8,4.6,1.74,3.93,4.96,1.7,3.8,5.0,1.73,3.9,4.8,1.79,4.05,5.1,1.74,3.89,4.78,1.8,2.0,1.85,2.07,1.9,2.17,1.78,2.05,-0.75,1.98,1.95,1.97,1.95,2.0,2.07,1.95,1.93,0.5747126436781609,0.2531645569620253,0.21231422505307856,0.5525066151118555,0.24338266083408316,0.2041107240540613,3.1145833333333335,1.4,1.3,1.2,1.1,1.0,1.1,15.2,16.6,4.8,5.1,13.0,11.2,6.8,7.1,2.2,1.7,0.0,0.0,3.21875,1.2,1.1,1.2,1.2,1.0,1.3,10.4,10.2,3.2,3.4,13.6,11.4,2.8,4.5,3.0,2.3,0.2,0.1,1.2,1.6,1.0,1.3,1.0,0.9,1.4,0.9,1.4,1.1,1.0,1.4,0.19999999999999996,0.0
236,2020-01-22 19:30:00,E0,22/01/2020,19:30,Leicester,West Ham,4,1,H,2,0,H,D Coote,19,6,8,2,10,19,7,8,1,1,0,0,1.53,4.33,6.0,1.53,4.5,5.75,1.53,4.4,5.8,1.53,4.62,6.19,1.52,4.4,6.0,1.53,4.4,6.25,1.62,4.75,6.25,1.53,4.49,5.97,1.57,2.37,1.63,2.41,1.68,2.47,1.62,2.32,-1.0,1.9,2.03,1.88,2.05,1.99,2.05,1.87,1.99,1.45,4.75,6.5,1.45,4.75,7.0,1.5,4.6,6.0,1.49,4.72,6.75,1.47,4.6,6.5,1.45,4.6,7.0,1.52,5.0,7.05,1.47,4.71,6.64,1.57,2.37,1.62,2.45,1.62,2.5,1.58,2.4,-1.25,2.06,1.87,2.07,1.85,2.11,1.88,2.03,1.85,0.6535947712418301,0.22271714922048996,0.16750418760469013,0.6261589241539767,0.2133681857362103,0.16047289010981314,3.2291666666666665,1.2,1.6,1.4,1.7,1.8,1.5,11.2,13.0,6.2,5.8,7.6,9.3,3.8,4.8,0.6,1.0,0.0,0.0,4.1875,0.8,1.0,1.4,1.2,1.2,1.4,11.4,10.1,4.2,4.0,9.2,10.9,6.0,5.2,1.6,2.1,0.0,0.0,1.4,2.2,1.2,2.0,1.6,1.1,1.2,1.1,0.6,0.8,1.0,1.3,0.3999999999999999,0.0
237,2020-01-22 19:30:00,E0,22/01/2020,19:30,Tottenham,Norwich,2,1,H,1,0,H,C Kavanagh,14,12,3,2,12,7,7,3,0,1,0,0,1.4,5.0,7.5,1.42,4.75,7.25,1.43,4.8,6.8,1.43,5.02,7.59,1.4,4.8,8.0,1.4,4.8,8.0,1.45,5.15,8.25,1.42,4.89,7.5,1.53,2.5,1.56,2.6,1.57,2.6,1.54,2.49,-1.25,1.96,1.97,1.98,1.94,1.98,2.0,1.91,1.95,1.33,5.25,9.0,1.42,5.0,7.5,1.4,4.8,7.5,1.39,5.05,8.8,1.36,5.0,8.5,1.4,5.0,8.5,1.46,5.7,9.75,1.38,5.12,8.24,1.57,2.37,1.62,2.44,1.67,2.46,1.6,2.35,-1.25,1.89,2.04,1.95,1.98,1.95,2.05,1.87,2.01,0.7042253521126761,0.20449897750511248,0.13333333333333333,0.6758026711480629,0.19624535644790375,0.12795197240403325,4.291666666666667,1.0,1.4,0.8,1.5,1.0,1.2,13.6,11.8,5.2,4.9,9.0,9.5,6.2,4.4,2.8,2.4,0.0,0.1,4.1875,1.0,0.7,0.8,1.0,1.6,1.7,12.0,12.2,4.0,4.5,10.6,9.6,4.0,4.4,2.6,2.2,0.2,0.1,1.8,1.7,2.0,1.8,1.2,1.0,0.8,0.5,0.8,0.4,1.6,1.6,0.0,0.0
238,2020-01-22 20:15:00,E0,22/01/2020,20:15,Man United,Burnley,0,2,A,0,1,A,J Moss,24,5,7,2,11,7,5,2,0,2,0,0,1.36,4.75,9.0,1.4,4.75,7.75,1.42,4.55,7.6,1.42,4.72,8.62,1.4,4.5,8.5,1.4,4.5,9.0,1.45,4.9,9.5,1.41,4.65,8.43,1.8,2.0,1.87,2.05,1.87,2.12,1.81,2.02,-1.25,2.01,1.92,2.01,1.92,2.03,1.98,1.95,1.92,1.4,4.6,8.0,1.42,4.5,8.5,1.4,4.8,7.6,1.47,4.42,8.14,1.44,4.4,7.5,1.45,4.4,8.0,1.5,4.8,8.8,1.45,4.48,7.8,1.9,1.9,1.93,1.98,1.93,2.02,1.86,1.97,-1.25,2.13,1.81,2.15,1.79,2.15,1.86,2.07,1.82,0.7092198581560284,0.2150537634408602,0.11862396204033215,0.6800474651427858,0.20620794104329632,0.11374459381391791,3.15625,1.8,1.7,2.0,1.7,1.0,1.2,13.6,14.8,5.8,6.5,12.6,11.9,4.4,4.9,1.6,1.6,0.0,0.0,3.2604166666666665,0.6,0.9,0.6,0.6,1.8,2.0,9.8,8.4,1.8,2.1,12.2,12.7,4.4,4.0,1.8,1.7,0.0,0.0,2.2,1.9,2.6,2.0,1.0,1.0,1.2,0.9,0.8,0.9,1.8,1.8,1.2000000000000002,1.4
239,2020-01-23 20:00:00,E0,23/01/2020,20:00,Wolves,Liverpool,1,2,A,0,1,A,M Oliver,10,13,3,6,6,11,2,4,0,1,0,0,5.75,3.8,1.61,5.5,4.0,1.62,5.4,3.95,1.65,5.95,3.93,1.65,5.8,3.9,1.62,5.5,4.0,1.62,6.0,4.05,1.69,5.63,3.92,1.64,1.8,2.0,1.81,2.11,1.86,2.11,1.8,2.02,0.75,2.1,1.83,2.1,1.83,2.11,1.87,2.07,1.81,5.25,4.0,1.61,5.25,4.1,1.65,5.4,3.8,1.65,5.02,4.09,1.7,5.5,3.9,1.63,5.4,3.9,1.67,5.9,4.1,1.72,5.21,3.96,1.67,1.9,1.9,1.94,1.97,1.99,1.99,1.9,1.93,0.75,2.03,1.9,2.02,1.91,2.1,1.95,2.01,1.87,0.17761989342806395,0.25510204081632654,0.6097560975609756,0.17038238505655737,0.24470735404806582,0.5849102608953768,5.208333333333333,1.4,1.5,1.6,1.6,1.6,1.4,12.6,13.4,4.4,4.6,8.2,9.6,4.8,6.2,0.4,1.2,0.0,0.0,4.145833333333333,3.0,3.0,2.0,2.4,0.0,0.4,14.6,14.8,5.6,5.9,6.8,7.1,7.0,6.1,1.0,1.0,0.0,0.1,1.6,1.6,1.6,1.6,1.2,1.4,3.0,2.8,2.4,2.1,0.4,0.5,-1.6,-0.3999999999999999
240,2020-01-29 19:45:00,E0,29/01/2020,19:45,West Ham,Liverpool,0,2,A,0,1,A,J Moss,7,13,4,5,6,6,3,7,2,0,0,0,8.5,5.5,1.33,8.25,5.5,1.34,8.4,5.4,1.35,8.92,5.87,1.34,9.0,5.5,1.32,9.5,5.4,1.33,10.0,5.9,1.36,8.76,5.55,1.33,1.57,2.37,1.58,2.55,1.6,2.55,1.56,2.44,1.5,1.91,2.02,1.94,1.99,1.95,2.04,1.9,1.96,8.5,5.25,1.33,8.75,5.5,1.34,8.0,5.3,1.35,8.76,5.25,1.38,8.5,5.5,1.33,9.0,5.2,1.36,9.5,5.8,1.39,8.53,5.34,1.35,1.57,2.37,1.6,2.49,1.62,2.55,1.57,2.42,1.5,1.75,2.05,1.82,2.11,1.87,2.19,1.81,2.05,0.11415525114155252,0.1801801801801802,0.7518796992481203,0.10911259817029637,0.172220965760684,0.7186664360690196,7.010416666666667,0.8,1.0,1.4,1.1,1.6,1.5,10.6,9.6,4.2,3.8,11.0,11.6,6.4,5.7,1.4,1.9,0.0,0.0,5.989583333333333,3.0,3.0,1.6,2.4,0.2,0.4,14.2,14.9,5.6,6.1,7.6,7.5,6.2,5.7,1.0,1.0,0.0,0.1,0.8,1.1,1.8,1.7,1.8,1.5,3.0,2.8,2.4,2.1,0.4,0.5,-2.2,-0.20000000000000018
241,2020-02-01 12:30:00,E0,01/02/2020,12:30,Leicester,Chelsea,2,2,D,0,0,D,L Mason,14,7,4,3,16,14,4,6,2,2,0,0,2.5,3.6,2.7,2.5,3.5,2.75,2.5,3.55,2.7,2.53,3.69,2.74,2.5,3.6,2.7,2.55,3.6,2.7,2.6,3.75,2.82,2.52,3.59,2.72,1.72,2.1,1.74,2.21,1.75,2.28,1.69,2.18,0.0,1.9,2.03,1.88,2.04,1.92,2.05,1.87,1.99,2.5,3.5,2.7,2.5,3.6,2.75,2.65,3.35,2.65,2.63,3.49,2.74,2.5,3.5,2.75,2.55,3.5,2.75,2.65,3.65,2.85,2.54,3.53,2.73,1.8,2.0,1.85,2.06,1.88,2.28,1.77,2.06,0.0,1.91,2.02,1.93,2.01,1.93,2.06,1.87,1.99,0.3968253968253968,0.2785515320334262,0.3676470588235294,0.3804566352372789,0.2670614821164186,0.3524818826463025,9.708333333333334,1.8,1.6,2.2,1.9,1.2,1.5,14.4,13.3,7.8,6.0,8.6,9.6,4.8,5.1,0.6,1.1,0.0,0.0,10.677083333333334,1.6,1.4,1.6,1.3,1.0,1.2,17.0,16.6,5.8,5.3,13.2,12.3,8.6,7.9,2.0,1.9,0.0,0.0,1.4,2.2,1.6,2.1,1.6,1.1,1.4,1.9,1.2,2.2,1.2,1.4,0.19999999999999996,0.6000000000000001
242,2020-02-01 15:00:00,E0,01/02/2020,15:00,Bournemouth,Aston Villa,2,1,H,2,0,H,A Taylor,16,18,6,5,10,15,1,8,1,3,1,0,2.1,3.6,3.3,2.1,3.6,3.4,2.1,3.55,3.35,2.17,3.6,3.43,2.15,3.5,3.4,2.15,3.5,3.5,2.22,3.7,3.55,2.13,3.57,3.39,1.8,2.0,1.85,2.07,1.86,2.12,1.78,2.04,-0.25,1.88,2.05,1.88,2.04,1.89,2.06,1.85,2.02,2.15,3.4,3.4,2.2,3.4,3.4,2.15,3.35,3.55,2.15,3.4,3.7,2.15,3.3,3.5,2.15,3.4,3.6,2.26,3.5,3.7,2.18,3.37,3.5,2.0,1.8,2.09,1.83,2.11,1.9,2.02,1.81,-0.25,1.86,2.07,1.85,2.08,1.95,2.11,1.86,2.02,0.4694835680751174,0.2801120448179272,0.2949852507374631,0.44944683980079553,0.26815735820047465,0.28239580199872993,10.8125,0.6,0.7,0.6,0.5,2.2,1.7,8.0,7.5,2.2,2.0,9.0,9.7,3.8,4.5,1.6,1.9,0.2,0.1,10.8125,1.4,1.0,1.2,1.0,2.4,2.3,10.6,11.5,3.4,3.0,9.6,11.9,3.8,4.6,1.8,2.2,0.0,0.0,0.8,1.2,0.8,1.1,1.8,1.4,0.8,0.8,0.8,1.4,1.8,2.0,-0.7999999999999999,-0.6
243,2020-02-01 15:00:00,E0,01/02/2020,15:00,Crystal Palace,Sheffield United,0,1,A,0,0,D,A Madley,13,10,3,3,9,15,9,5,3,2,0,0,3.1,3.1,2.5,3.1,3.1,2.45,3.1,3.0,2.55,3.13,3.1,2.58,3.1,3.1,2.5,3.1,3.0,2.6,3.2,3.18,2.65,3.11,3.06,2.52,2.62,1.5,2.77,1.5,2.77,1.53,2.63,1.48,0.0,2.14,1.8,2.16,1.78,2.2,1.82,2.13,1.76,3.1,3.0,2.5,3.1,3.1,2.55,3.05,2.95,2.6,3.25,3.03,2.55,3.0,3.0,2.6,3.13,3.0,2.63,3.25,3.1,2.67,3.09,3.03,2.58,2.75,1.44,2.85,1.48,2.88,1.51,2.72,1.46,0.25,1.7,2.1,1.79,2.15,1.82,2.25,1.74,2.17,0.3215434083601286,0.32679738562091504,0.3968253968253968,0.30764811490125676,0.31267504488330344,0.37967684021543985,10.8125,0.8,1.2,1.0,0.9,1.4,1.0,6.8,8.4,2.2,2.5,9.8,9.4,2.4,3.5,1.4,1.3,0.0,0.1,10.8125,0.8,1.4,0.4,0.8,1.2,1.0,8.0,9.2,2.0,2.8,10.2,10.5,5.2,5.0,1.6,2.0,0.0,0.0,1.6,1.2,1.0,0.9,1.0,1.2,1.4,1.4,0.8,0.9,1.2,0.9,0.0,0.6
244,2020-02-01 15:00:00,E0,01/02/2020,15:00,Liverpool,Southampton,4,0,H,0,0,D,K Friend,16,17,9,4,9,15,6,11,0,2,0,0,1.25,6.0,12.0,1.28,5.75,10.5,1.3,5.7,9.8,1.29,6.04,11.28,1.27,5.8,11.0,1.29,5.75,11.5,1.31,6.2,12.37,1.28,5.86,10.73,1.53,2.5,1.55,2.61,1.57,2.63,1.53,2.49,-1.5,1.86,2.07,1.87,2.06,1.9,2.07,1.84,2.02,1.28,5.75,9.5,1.3,5.75,10.5,1.3,5.5,9.6,1.31,5.65,10.51,1.29,5.5,11.0,1.33,5.25,9.0,1.33,6.0,12.0,1.3,5.65,10.11,1.53,2.5,1.57,2.55,1.57,2.63,1.53,2.51,-1.5,2.03,1.9,2.03,1.89,2.05,1.99,1.96,1.91,0.78125,0.1706484641638225,0.09319664492078285,0.7475396193216268,0.16328510456172052,0.08917527611665259,2.8020833333333335,3.0,3.0,1.8,2.4,0.2,0.3,14.8,14.7,6.0,5.9,7.4,7.8,6.6,6.0,0.8,1.0,0.0,0.0,10.8125,2.0,1.9,1.6,1.6,1.0,1.0,13.6,13.4,5.8,5.1,15.4,13.9,6.2,6.0,2.2,1.9,0.0,0.0,3.0,3.0,2.4,2.4,0.4,0.7,2.4,1.7,2.0,1.6,0.8,1.1,1.0,0.19999999999999996
245,2020-02-01 15:00:00,E0,01/02/2020,15:00,Newcastle,Norwich,0,0,D,0,0,D,M Atkinson,15,19,5,4,10,15,8,12,2,1,0,0,2.2,3.4,3.3,2.25,3.4,3.2,2.2,3.35,3.3,2.27,3.45,3.33,2.2,3.4,3.3,2.2,3.4,3.4,2.32,3.5,3.45,2.24,3.39,3.31,2.0,1.8,2.04,1.88,2.08,1.9,1.99,1.83,-0.25,1.95,1.98,1.97,1.96,1.97,2.0,1.92,1.95,2.2,3.4,3.3,2.3,3.4,3.2,2.2,3.3,3.4,2.25,3.38,3.44,2.25,3.4,3.4,2.2,3.3,3.5,2.4,3.46,3.5,2.25,3.35,3.33,2.1,1.72,2.15,1.78,2.21,1.86,2.09,1.76,-0.25,1.94,1.99,1.94,1.98,2.05,2.0,1.94,1.94,0.4464285714285714,0.2949852507374631,0.3021148036253776,0.4278067322686045,0.2826805546553611,0.2895127130760345,10.8125,1.0,1.4,1.0,1.1,1.6,1.4,9.0,8.7,2.4,2.7,10.4,10.0,3.2,2.7,1.6,1.5,0.0,0.0,9.8125,1.0,0.6,1.0,0.9,1.8,1.7,11.2,11.9,3.2,3.9,9.6,9.5,3.0,4.0,2.2,2.1,0.2,0.1,1.8,1.8,1.0,1.1,1.2,1.0,0.2,0.5,0.6,0.5,2.0,1.6,0.0,0.0
246,2020-02-01 15:00:00,E0,01/02/2020,15:00,Watford,Everton,2,3,A,2,2,D,C Pawson,11,12,2,5,17,14,4,4,2,2,0,1,2.75,3.3,2.62,2.75,3.3,2.6,2.75,3.3,2.6,2.73,3.36,2.73,2.75,3.25,2.62,2.75,3.3,2.7,2.85,3.42,2.75,2.75,3.31,2.64,2.0,1.8,2.07,1.85,2.1,1.88,2.01,1.81,0.0,1.99,1.94,1.97,1.96,2.01,1.96,1.95,1.9,2.9,3.4,2.4,2.95,3.3,2.5,2.65,3.3,2.7,3.1,3.39,2.42,3.0,3.3,2.45,3.13,3.3,2.4,3.13,3.48,2.7,2.97,3.34,2.46,2.0,1.8,2.1,1.82,2.13,1.91,2.03,1.8,0.25,1.83,2.1,1.85,2.08,1.85,2.16,1.8,2.09,0.36363636363636365,0.3021148036253776,0.3787878787878788,0.34813094351198565,0.2892326569963627,0.3626363994916517,10.8125,2.0,1.5,1.8,1.2,0.6,0.8,14.0,11.1,3.8,3.0,14.4,13.3,4.2,3.6,2.2,2.4,0.4,0.2,10.8125,1.6,1.6,1.4,1.4,1.2,1.3,14.2,13.4,5.6,4.7,11.4,12.5,6.0,5.7,1.8,1.8,0.0,0.0,2.2,1.4,1.4,1.0,0.2,0.8,1.0,0.8,1.4,1.3,2.0,2.0,0.3999999999999999,0.40000000000000013
247,2020-02-01 15:00:00,E0,01/02/2020,15:00,West Ham,Brighton,3,3,D,2,0,H,M Oliver,12,19,6,6,8,9,4,6,1,1,0,0,2.6,3.3,2.75,2.5,3.4,2.8,2.55,3.35,2.8,2.56,3.44,2.86,2.55,3.3,2.8,2.55,3.4,2.8,2.68,3.45,2.9,2.56,3.37,2.8,1.9,1.9,1.96,1.96,1.97,1.96,1.92,1.9,0.0,1.87,2.06,1.85,2.07,1.9,2.07,1.84,2.02,2.4,3.4,2.87,2.55,3.3,2.9,2.5,3.35,2.85,2.52,3.42,2.93,2.5,3.3,2.88,2.5,3.4,2.9,2.65,3.5,3.05,2.51,3.37,2.87,1.9,1.9,1.94,1.97,1.97,2.03,1.91,1.91,0.0,1.82,2.11,1.82,2.11,1.87,2.19,1.81,2.06,0.390625,0.29673590504451036,0.35714285714285715,0.3739814198294175,0.28409271061225777,0.3419258695583246,2.8020833333333335,0.8,0.7,1.2,1.0,1.6,1.7,9.2,9.8,4.2,3.8,9.0,10.6,6.0,5.7,1.0,1.8,0.0,0.0,10.8125,1.0,1.0,1.0,1.1,1.2,1.3,14.4,14.0,4.6,5.3,9.2,9.4,5.6,5.3,1.4,1.5,0.0,0.0,0.8,0.8,1.4,1.5,1.6,1.7,0.8,0.5,1.0,0.8,1.6,1.7,-0.19999999999999996,0.19999999999999996
248,2020-02-01 17:30:00,E0,01/02/2020,17:30,Man United,Wolves,0,0,D,0,0,D,P Tierney,15,14,5,3,14,15,4,6,3,2,0,0,2.25,3.25,3.4,2.2,3.1,3.6,2.2,3.2,3.45,2.24,3.3,3.55,2.25,3.2,3.4,2.25,3.25,3.5,2.33,3.35,3.7,2.23,3.24,3.48,2.2,1.66,2.25,1.72,2.3,1.73,2.18,1.69,-0.25,1.93,2.0,1.93,2.0,1.95,2.0,1.91,1.96,2.1,3.4,3.5,2.15,3.25,3.7,2.2,3.3,3.4,2.12,3.5,3.68,2.1,3.4,3.6,2.15,3.25,3.75,2.22,3.5,3.85,2.13,3.35,3.65,2.2,1.66,2.26,1.71,2.31,1.73,2.22,1.67,-0.25,1.83,2.1,1.83,2.1,1.86,2.13,1.82,2.06,0.4484304932735426,0.30864197530864196,0.28735632183908044,0.42935477974776093,0.29551270334490953,0.27513251690732954,9.885416666666666,1.2,1.6,1.2,1.5,1.2,1.2,14.0,15.6,5.2,6.6,12.8,11.4,4.4,4.5,1.2,1.2,0.0,0.0,8.895833333333334,0.8,1.4,1.2,1.6,1.6,1.5,10.6,13.1,3.4,4.6,8.0,9.0,4.6,5.7,0.4,1.1,0.0,0.0,2.0,1.9,2.2,1.9,1.0,1.0,1.4,1.6,1.6,1.5,1.6,1.2,0.3999999999999999,0.0
249,2020-02-02 14:00:00,E0,02/02/2020,14:00,Burnley,Arsenal,0,0,D,0,0,D,C Kavanagh,15,13,2,2,8,11,5,7,1,3,0,0,3.6,3.6,2.0,3.8,3.4,2.05,3.7,3.5,2.0,3.82,3.62,2.04,3.75,3.5,2.0,3.8,3.5,2.0,3.95,3.65,2.1,3.75,3.53,2.02,1.9,1.9,1.94,1.98,1.94,2.0,1.9,1.91,0.5,1.89,2.04,1.89,2.04,1.9,2.06,1.85,2.01,3.9,3.75,1.9,4.0,3.7,1.91,3.85,3.65,1.93,4.03,3.71,1.96,4.0,3.7,1.95,3.9,3.7,1.95,4.26,3.82,2.0,3.93,3.68,1.94,1.72,2.1,1.82,2.11,1.84,2.21,1.78,2.06,0.5,1.96,1.97,1.97,1.96,1.99,2.0,1.93,1.94,0.26666666666666666,0.28328611898017,0.49504950495049505,0.2551828537277539,0.27108660098557424,0.4737305452866718,10.739583333333334,1.2,1.2,1.0,0.8,1.6,1.8,9.6,7.4,2.2,1.9,10.8,12.1,4.4,3.7,2.2,1.7,0.0,0.0,11.739583333333334,1.2,1.1,1.4,1.2,1.2,1.3,7.4,8.8,3.2,2.9,12.2,11.0,3.2,3.8,2.4,2.3,0.4,0.2,1.2,1.5,1.0,1.3,1.8,1.5,1.4,1.0,1.4,1.2,1.0,1.3,0.0,-0.3999999999999999
250,2020-02-02 16:30:00,E0,02/02/2020,16:30,Tottenham,Man City,2,0,H,0,0,D,M Dean,3,18,3,5,8,14,2,6,2,3,0,1,5.5,4.6,1.53,5.75,4.5,1.53,5.3,4.4,1.57,5.7,4.48,1.58,5.8,4.33,1.55,5.75,4.5,1.53,6.0,4.75,1.62,5.64,4.45,1.56,1.5,2.62,1.53,2.67,1.53,2.76,1.49,2.61,1.0,1.98,1.95,1.97,1.96,2.01,1.96,1.96,1.9,5.5,4.5,1.53,5.75,4.5,1.55,4.7,4.6,1.6,6.08,4.77,1.52,6.5,4.5,1.5,6.5,4.5,1.5,6.5,4.85,1.6,5.87,4.62,1.53,1.53,2.5,1.57,2.56,1.57,2.63,1.53,2.5,1.0,2.1,1.83,2.09,1.83,2.11,1.9,2.04,1.83,0.1773049645390071,0.2247191011235955,0.641025641025641,0.16998707099200752,0.21544428772919605,0.6145686412787964,10.875,1.0,1.4,0.8,1.4,1.0,1.1,14.2,11.7,4.8,4.7,9.4,9.7,5.8,4.7,2.0,2.4,0.0,0.1,11.875,2.6,2.2,2.6,2.6,0.8,1.1,19.4,18.0,6.8,6.9,10.0,11.7,8.4,7.4,1.2,1.7,0.0,0.1,1.8,2.0,1.8,2.0,1.0,1.0,2.4,1.9,3.2,2.6,1.0,1.4,-1.6,-1.8
251,2020-02-08 12:30:00,E0,08/02/2020,12:30,Everton,Crystal Palace,3,1,H,1,0,H,D Coote,14,10,8,2,11,12,4,6,0,1,0,0,1.61,3.8,6.0,1.62,3.7,6.0,1.65,3.75,5.7,1.64,3.82,6.27,1.63,3.7,6.0,1.65,3.75,6.0,1.68,3.93,6.75,1.63,3.77,6.02,2.1,1.72,2.14,1.79,2.16,1.81,2.09,1.75,-0.75,1.85,2.05,1.85,2.08,1.89,2.12,1.83,2.05,1.61,3.75,5.75,1.67,3.6,6.0,1.65,3.7,5.8,1.67,3.77,6.05,1.63,3.7,6.0,1.65,3.7,6.0,1.7,3.95,6.35,1.65,3.72,5.92,2.2,1.66,2.27,1.71,2.34,1.73,2.22,1.67,-0.75,1.88,2.02,1.89,2.04,1.93,2.13,1.86,2.02,0.6134969325153374,0.26525198938992045,0.16611295681063123,0.5871560107727452,0.25386320890174396,0.15898078032551075,6.895833333333333,1.6,1.9,1.6,1.5,1.4,1.0,12.2,13.4,4.8,4.8,11.6,12.2,5.2,5.5,1.8,1.8,0.2,0.1,6.895833333333333,0.6,0.9,0.8,0.8,1.4,1.1,8.4,9.0,2.4,2.6,10.2,9.7,3.4,3.8,1.6,1.3,0.0,0.0,2.2,1.5,1.4,1.1,0.6,1.1,0.8,1.1,0.8,1.0,1.0,1.4,1.0,0.8
252,2020-02-08 17:30:00,E0,08/02/2020,17:30,Brighton,Watford,1,1,D,0,1,A,K Friend,10,5,2,2,9,12,3,2,2,2,0,0,2.1,3.4,3.6,2.15,3.3,3.5,2.15,3.4,3.5,2.2,3.38,3.57,2.15,3.3,3.5,2.15,3.4,3.6,2.23,3.5,3.75,2.15,3.37,3.53,2.0,1.8,2.02,1.89,2.05,1.91,1.97,1.85,-0.25,1.87,2.03,1.89,2.03,1.89,2.07,1.85,2.02,2.25,3.4,3.2,2.25,3.4,3.3,2.3,3.35,3.15,2.36,3.3,3.28,2.35,3.4,3.25,2.3,3.4,3.2,2.4,3.46,3.4,2.3,3.35,3.23,1.9,1.9,1.99,1.93,2.02,2.05,1.93,1.89,-0.25,2.01,1.89,2.03,1.9,2.06,1.92,1.98,1.89,0.46511627906976744,0.29673590504451036,0.28328611898017,0.44502845000766894,0.2839202277496997,0.27105132224263123,7.104166666666667,0.6,0.8,1.2,1.2,1.8,1.5,15.0,13.9,4.6,5.0,9.4,9.2,5.0,5.0,1.6,1.5,0.0,0.0,7.104166666666667,1.4,1.5,1.6,1.4,1.2,0.9,12.2,11.8,3.0,3.1,14.6,13.4,3.8,3.8,2.0,2.4,0.2,0.2,1.2,1.6,1.2,1.5,1.0,1.0,0.8,0.8,1.0,0.9,1.4,2.0,-0.7999999999999999,-0.40000000000000013
253,2020-02-09 14:00:00,E0,09/02/2020,14:00,Sheffield United,Bournemouth,2,1,H,1,1,D,J Moss,16,10,6,2,10,8,8,4,2,2,0,0,1.66,3.6,5.75,1.67,3.6,5.75,1.7,3.5,5.5,1.74,3.55,5.72,1.73,3.4,5.5,1.7,3.5,5.75,1.79,3.65,5.9,1.72,3.54,5.58,2.3,1.61,2.39,1.65,2.39,1.69,2.28,1.63,-0.75,1.97,1.93,2.01,1.92,2.01,1.96,1.95,1.91,1.72,3.5,5.25,1.78,3.3,5.75,1.73,3.45,5.5,1.81,3.42,5.46,1.78,3.5,5.5,1.75,3.4,5.5,1.83,3.6,5.75,1.77,3.45,5.41,2.5,1.53,2.49,1.6,2.59,1.64,2.46,1.56,-0.75,2.06,1.84,2.1,1.83,2.13,1.87,2.03,1.84,0.5813953488372093,0.2824858757062147,0.17921146953405018,0.5573764940913555,0.2708156976941049,0.17180780821453967,7.958333333333333,1.4,1.7,0.6,0.9,0.8,0.8,8.4,8.9,2.6,2.5,12.0,11.0,5.2,4.7,1.8,2.0,0.0,0.0,7.958333333333333,1.2,1.0,1.0,0.7,2.0,1.7,9.2,8.5,3.0,2.3,8.8,9.2,3.6,3.7,1.4,1.7,0.4,0.2,1.4,1.4,0.8,1.1,0.8,0.9,0.6,0.7,0.2,0.7,1.6,1.5,0.19999999999999996,-0.4
254,2020-02-14 20:00:00,E0,14/02/2020,20:00,Wolves,Leicester,0,0,D,0,0,D,M Dean,15,9,3,3,13,10,7,0,2,2,0,1,2.5,3.3,2.87,2.55,3.3,2.9,2.5,3.25,2.85,2.57,3.32,2.93,2.55,3.2,2.88,2.55,3.3,2.9,2.65,3.38,3.05,2.55,3.29,2.91,2.0,1.8,2.08,1.84,2.11,1.86,2.03,1.8,0.0,1.84,2.09,1.83,2.09,1.85,2.12,1.82,2.07,2.62,3.25,2.75,2.7,3.2,2.8,2.6,3.2,2.8,2.69,3.17,2.91,2.75,3.2,2.8,2.63,3.3,2.8,2.93,3.32,3.0,2.67,3.21,2.81,2.0,1.8,2.15,1.79,2.22,1.92,2.05,1.78,0.0,1.9,2.03,1.88,2.04,1.92,2.21,1.86,2.01,0.3921568627450981,0.303951367781155,0.3436426116838488,0.3771642655383925,0.29233096569085126,0.3305047687707563,13.104166666666666,1.0,1.2,1.2,1.4,1.4,1.5,11.4,13.2,3.6,4.2,10.4,9.7,4.6,5.8,0.8,1.2,0.0,0.0,13.3125,1.4,1.4,2.2,1.9,1.4,1.7,14.6,13.5,7.0,5.8,11.0,9.9,4.6,4.8,0.8,1.0,0.0,0.0,1.4,1.5,1.6,1.6,1.4,1.5,1.8,1.8,2.2,2.5,1.4,1.0,-0.3999999999999999,-1.0000000000000002
255,2020-02-15 12:30:00,E0,15/02/2020,12:30,Southampton,Burnley,1,2,A,1,1,D,S Hooper,10,9,2,6,8,11,4,3,2,2,0,0,1.75,3.8,4.75,1.78,3.7,4.6,1.77,3.65,4.65,1.83,3.7,4.68,1.75,3.7,4.8,1.75,3.7,5.0,1.85,3.85,5.1,1.79,3.69,4.7,1.9,1.9,2.0,1.93,2.02,1.93,1.96,1.86,-0.75,2.06,1.87,2.1,1.83,2.1,1.9,2.03,1.85,1.66,3.9,5.0,1.7,3.9,5.0,1.8,3.65,4.5,1.65,4.12,5.49,1.7,4.0,5.25,1.67,4.0,5.25,1.8,4.2,5.6,1.69,3.95,5.11,1.72,2.1,1.79,2.14,1.95,2.16,1.79,2.05,-0.75,1.84,2.09,1.85,2.08,1.9,2.13,1.85,2.02,0.5586592178770949,0.2710027100271003,0.2127659574468085,0.5359212140502022,0.25997262144982713,0.20410616449997063,13.895833333333334,1.8,1.6,1.4,1.4,1.6,1.3,14.2,13.7,5.6,5.0,15.8,14.2,6.0,6.5,2.4,2.0,0.0,0.0,12.9375,1.4,1.3,1.0,0.7,1.2,1.4,11.0,8.5,2.4,1.9,9.0,12.0,4.4,3.9,1.6,1.7,0.0,0.0,1.4,1.0,1.2,1.1,1.2,2.5,1.2,1.1,0.6,1.0,1.8,1.7,0.40000000000000013,0.3999999999999999
256,2020-02-15 17:30:00,E0,15/02/2020,17:30,Norwich,Liverpool,0,1,A,0,0,D,S Attwell,5,17,1,6,5,11,2,7,1,2,0,0,11.0,6.25,1.25,9.75,6.0,1.28,9.6,5.5,1.3,10.45,6.12,1.29,10.0,5.8,1.29,10.5,5.75,1.3,12.0,6.4,1.31,10.02,6.0,1.29,1.53,2.5,1.54,2.65,1.54,2.69,1.51,2.56,1.5,2.0,1.93,1.98,1.94,2.05,1.94,1.99,1.87,9.0,5.75,1.3,8.0,5.5,1.36,9.0,5.0,1.35,9.19,5.38,1.36,9.0,5.5,1.32,8.0,5.25,1.36,10.5,5.9,1.39,8.76,5.47,1.34,1.44,2.75,1.49,2.8,1.53,2.89,1.47,2.67,1.5,1.82,2.11,1.83,2.1,1.96,2.14,1.85,2.01,0.0998003992015968,0.16666666666666666,0.7751937984496123,0.09580891691361602,0.16000089124573874,0.7441901918406453,14.104166666666666,1.0,0.7,0.6,0.8,1.4,1.5,14.0,12.8,3.6,4.0,10.2,10.3,4.6,5.1,1.8,2.1,0.2,0.1,14.104166666666666,3.0,3.0,2.2,2.3,0.2,0.1,14.2,15.2,6.4,6.3,8.2,7.4,6.2,6.1,0.8,0.9,0.0,0.0,1.0,0.9,1.2,1.3,1.4,2.1,3.0,2.8,2.4,2.0,0.2,0.5,-2.0,-1.6
257,2020-02-16 14:00:00,E0,16/02/2020,14:00,Aston Villa,Tottenham,2,3,A,1,2,A,M Atkinson,18,23,4,10,12,10,12,7,2,0,0,0,4.0,3.8,1.85,4.0,3.8,1.85,3.95,3.8,1.87,4.11,3.8,1.92,4.0,3.75,1.88,4.1,3.75,1.85,4.25,3.9,1.95,4.01,3.78,1.89,1.72,2.1,1.74,2.22,1.74,2.26,1.69,2.18,0.5,2.03,1.9,2.01,1.92,2.06,1.93,1.99,1.88,3.8,3.75,1.9,4.0,3.75,1.91,3.7,3.7,1.95,3.95,3.74,1.97,4.0,3.75,1.95,3.9,3.75,1.93,4.18,3.85,2.0,3.88,3.72,1.94,1.72,2.1,1.79,2.14,1.84,2.23,1.74,2.11,0.5,1.95,1.98,1.96,1.97,1.98,2.0,1.93,1.94,0.24937655860349128,0.2645502645502646,0.5291005291005292,0.239089184060721,0.2536369386464263,0.5072738772928526,14.958333333333334,1.4,1.0,1.4,1.0,2.2,2.3,12.0,12.4,4.0,3.2,10.8,12.4,4.8,4.9,2.2,2.4,0.0,0.0,13.895833333333334,1.4,1.7,0.8,1.5,0.6,0.9,11.8,11.2,4.0,4.5,9.0,9.6,5.0,4.6,1.8,2.5,0.0,0.1,1.2,1.4,1.2,1.3,2.8,1.9,1.0,0.9,1.0,1.1,1.2,1.6,0.0,0.5999999999999999
258,2020-02-16 16:30:00,E0,16/02/2020,16:30,Arsenal,Newcastle,4,0,H,0,0,D,L Mason,15,10,7,2,15,9,5,6,2,0,0,0,1.4,4.75,8.0,1.4,4.75,8.0,1.45,4.5,7.0,1.45,4.57,8.0,1.42,4.5,8.0,1.4,4.5,8.5,1.47,4.98,8.75,1.43,4.6,7.72,1.72,2.1,1.81,2.11,1.81,2.26,1.72,2.13,-1.25,2.02,1.91,2.04,1.88,2.04,1.93,1.99,1.88,1.44,4.5,7.5,1.44,4.5,8.0,1.45,4.5,7.0,1.46,4.55,7.93,1.42,4.5,8.0,1.44,4.6,7.5,1.49,4.8,9.0,1.45,4.56,7.55,1.72,2.1,1.72,2.25,1.73,2.28,1.69,2.18,-1.25,2.05,1.88,2.05,1.88,2.09,1.89,2.02,1.86,0.6993006993006994,0.2173913043478261,0.1295336787564767,0.6684033006083238,0.2077862434499789,0.12381045594169728,14.104166666666666,1.4,1.2,1.2,1.1,0.8,1.1,8.6,8.9,3.2,2.6,11.8,11.1,4.2,3.6,2.0,2.3,0.4,0.2,15.0625,1.2,1.2,0.8,0.9,1.2,1.4,8.0,9.6,2.4,2.8,9.8,10.4,3.8,3.4,1.6,1.7,0.0,0.0,0.8,1.3,1.0,1.4,1.6,1.5,1.0,0.8,1.2,1.0,1.6,2.1,0.19999999999999996,0.3999999999999999
259,2020-02-17 20:00:00,E0,17/02/2020,20:00,Chelsea,Man United,0,2,A,0,1,A,A Taylor,17,9,1,3,11,11,9,8,4,3,0,0,1.85,3.5,4.5,1.87,3.5,4.33,1.85,3.6,4.3,1.86,3.7,4.53,1.85,3.6,4.33,1.85,3.6,4.33,1.93,3.8,4.6,1.86,3.6,4.35,1.9,1.9,1.88,2.04,1.95,2.04,1.89,1.93,-0.5,1.89,2.04,1.86,2.07,1.91,2.07,1.86,2.01,1.95,3.4,4.0,1.95,3.5,4.1,2.05,3.4,3.7,2.02,3.47,4.08,2.0,3.4,4.0,1.95,3.4,4.2,2.05,3.64,4.45,1.98,3.44,4.04,2.0,1.8,2.13,1.79,2.16,1.94,2.04,1.79,-0.5,2.02,1.91,2.02,1.91,2.05,2.01,1.97,1.89,0.5376344086021505,0.2777777777777778,0.2298850574712644,0.5143363878214602,0.2657404670410878,0.21992314513745198,16.3125,1.2,1.2,1.6,1.3,1.2,1.3,15.8,14.8,5.6,4.7,12.2,11.9,9.2,7.6,1.6,1.9,0.0,0.0,16.104166666666668,0.8,1.4,0.8,1.3,1.2,1.1,14.2,15.9,5.2,6.4,13.6,11.9,4.4,4.5,1.2,1.5,0.0,0.0,1.4,1.6,1.4,1.3,1.2,0.9,1.2,1.0,0.8,1.0,1.4,1.5,0.3999999999999999,0.8
260,2020-02-19 19:30:00,E0,19/02/2020,19:30,Man City,West Ham,2,0,H,1,0,H,K Friend,20,3,7,0,5,7,6,1,0,1,0,0,1.12,9.5,17.0,1.13,9.0,18.0,1.13,9.1,17.0,1.13,9.52,19.01,1.12,9.0,19.0,1.14,9.0,19.0,1.15,10.5,23.0,1.13,9.37,18.28,1.22,4.33,1.24,4.3,1.26,4.34,1.23,4.04,-2.5,1.97,1.93,1.96,1.94,2.01,1.96,1.94,1.92,1.12,9.5,17.0,1.12,10.0,20.0,1.15,8.5,15.0,1.13,10.24,21.36,1.11,10.0,19.0,1.11,10.5,22.0,1.15,11.0,24.0,1.12,9.82,19.6,1.28,3.75,1.27,4.11,1.29,4.33,1.26,3.84,-2.5,1.94,1.96,1.93,1.98,1.98,2.05,1.92,1.95,0.8849557522123894,0.10672358591248667,0.05470459518599562,0.8457275805184564,0.10199276051076368,0.05227965897077985,17.125,2.0,1.9,2.2,2.2,1.2,1.2,19.8,18.1,7.0,6.6,11.8,12.5,8.0,7.4,1.6,1.9,0.2,0.2,18.1875,0.4,0.8,1.0,1.3,2.2,1.8,8.8,10.4,4.0,4.1,10.0,10.5,5.0,5.7,1.0,1.7,0.0,0.0,2.0,2.2,2.0,2.5,1.2,1.0,0.6,0.8,0.6,0.6,1.8,1.6,1.6,1.2000000000000002
261,2020-02-22 12:30:00,E0,22/02/2020,12:30,Chelsea,Tottenham,2,1,H,1,0,H,M Oliver,17,5,7,3,14,14,3,5,1,2,0,0,1.72,4.0,4.5,1.72,4.0,4.6,1.73,3.85,4.65,1.75,3.99,4.8,1.73,3.9,4.75,1.73,3.9,5.0,1.78,4.05,5.1,1.73,3.94,4.72,1.8,2.0,1.87,2.05,1.87,2.12,1.81,2.02,-0.75,1.99,1.94,1.99,1.93,1.99,1.97,1.95,1.93,1.8,3.6,4.5,1.83,3.6,4.6,1.9,3.5,4.1,1.88,3.55,4.6,1.83,3.6,4.4,1.87,3.5,4.6,1.92,3.68,4.85,1.87,3.52,4.51,2.1,1.72,2.15,1.79,2.19,1.82,2.1,1.75,-0.5,1.89,2.04,1.88,2.04,1.91,2.08,1.87,2.01,0.5780346820809249,0.25380710659898476,0.21186440677966104,0.5538289267569225,0.24317869119022228,0.20299238205285508,4.6875,1.0,1.2,1.4,1.2,1.4,1.2,16.0,15.0,4.8,4.4,11.4,12.1,10.4,8.0,1.8,2.3,0.0,0.0,5.9375,2.0,1.7,1.4,1.3,0.8,1.1,14.2,12.2,5.0,4.8,9.4,9.4,4.6,5.2,1.0,2.4,0.0,0.1,0.8,1.6,1.0,1.2,1.4,0.9,1.6,1.2,1.4,1.3,1.2,1.6,-1.0,0.0
262,2020-02-22 15:00:00,E0,22/02/2020,15:00,Burnley,Bournemouth,3,0,H,0,0,D,M Dean,16,12,10,4,9,9,7,3,4,3,0,0,2.1,3.3,3.7,2.15,3.25,3.6,2.15,3.25,3.65,2.16,3.32,3.76,2.1,3.25,3.7,2.15,3.25,3.75,2.25,3.4,3.8,2.15,3.28,3.65,2.2,1.66,2.33,1.68,2.33,1.74,2.23,1.66,-0.25,1.86,2.07,1.85,2.08,1.9,2.09,1.83,2.05,2.15,3.25,3.5,2.3,3.3,3.3,2.2,3.25,3.45,2.22,3.38,3.53,2.2,3.3,3.4,2.2,3.25,3.6,2.34,3.45,3.78,2.25,3.3,3.42,2.2,1.66,2.28,1.7,2.31,1.75,2.21,1.68,-0.25,1.93,2.0,1.91,2.02,1.97,2.08,1.92,1.97,0.46511627906976744,0.3048780487804878,0.273972602739726,0.4455277896656309,0.2920380328600934,0.2624341774742757,7.104166666666667,2.0,1.6,1.2,0.9,1.0,1.0,8.8,8.7,3.4,2.4,8.8,12.3,3.4,4.1,1.8,1.8,0.0,0.0,13.041666666666666,1.2,1.0,1.2,0.8,1.6,1.6,10.6,9.2,3.0,2.5,8.0,9.5,4.0,4.0,1.4,1.9,0.4,0.2,1.4,1.3,0.8,1.1,1.0,1.5,0.6,0.4,0.4,0.5,1.8,1.6,0.8,0.0
263,2020-02-22 15:00:00,E0,22/02/2020,15:00,Crystal Palace,Newcastle,1,0,H,1,0,H,P Bankes,18,8,9,2,15,11,7,5,2,6,0,1,1.95,3.4,4.2,1.91,3.3,4.4,1.97,3.25,4.35,2.02,3.33,4.32,1.95,3.3,4.33,1.95,3.2,4.6,2.05,3.5,4.75,1.96,3.3,4.35,2.5,1.53,2.56,1.57,2.6,1.57,2.51,1.53,-0.5,1.99,1.94,2.02,1.91,2.02,1.96,1.96,1.91,2.1,3.2,3.75,2.1,3.3,3.8,2.15,3.15,3.6,2.25,3.23,3.62,2.15,3.2,3.7,2.2,3.2,3.7,2.26,3.34,4.0,2.18,3.21,3.7,2.3,1.61,2.27,1.71,2.38,1.75,2.28,1.64,-0.25,1.91,2.02,1.93,2.0,1.93,2.07,1.87,2.01,0.5102040816326531,0.30303030303030304,0.2298850574712644,0.48911376878258206,0.2905039353981396,0.22038229581927837,14.104166666666666,0.4,0.8,0.8,0.9,1.8,1.4,8.0,9.7,2.2,2.8,10.8,9.3,3.6,4.2,1.8,1.2,0.0,0.0,5.9375,1.2,0.9,0.8,0.7,1.4,1.7,9.0,9.4,2.4,2.4,10.0,10.2,4.2,3.7,1.4,1.6,0.0,0.0,1.0,1.1,0.8,0.8,1.2,1.2,0.4,0.8,0.8,0.9,2.4,2.2,-0.7999999999999999,0.0
264,2020-02-22 15:00:00,E0,22/02/2020,15:00,Sheffield United,Brighton,1,1,D,1,1,D,G Scott,14,8,3,2,3,6,12,2,0,2,0,0,1.95,3.4,4.2,1.91,3.4,4.25,1.95,3.35,4.2,1.97,3.38,4.47,1.95,3.25,4.33,1.95,3.3,4.5,2.02,3.43,4.5,1.96,3.34,4.31,2.2,1.66,2.36,1.66,2.36,1.7,2.23,1.66,-0.5,1.97,1.96,1.97,1.96,2.0,1.96,1.95,1.92,1.85,3.5,4.33,1.95,3.4,4.25,2.0,3.4,3.8,1.97,3.44,4.38,1.88,3.4,4.4,1.9,3.4,4.6,2.05,3.5,4.75,1.93,3.4,4.37,2.3,1.61,2.41,1.64,2.41,1.69,2.28,1.64,-0.5,1.95,1.98,1.97,1.96,2.05,2.03,1.93,1.95,0.5102040816326531,0.29940119760479045,0.2320185614849188,0.4898160561290805,0.28743696706975985,0.2227469768011596,13.041666666666666,2.0,1.7,1.0,0.9,0.6,0.8,11.0,9.6,3.4,2.8,12.4,10.8,6.0,5.4,2.2,1.8,0.0,0.0,13.895833333333334,0.6,0.8,1.2,1.1,1.8,1.4,13.8,13.6,4.0,4.8,9.6,9.1,4.6,5.0,1.6,1.4,0.0,0.0,2.0,1.7,1.2,1.3,0.6,0.9,0.4,0.5,1.2,1.1,2.0,2.0,1.4,-0.19999999999999996
265,2020-02-22 15:00:00,E0,22/02/2020,15:00,Southampton,Aston Villa,2,0,H,1,0,H,C Pawson,28,4,9,1,13,17,9,6,1,4,0,0,1.61,4.33,5.0,1.62,4.1,5.25,1.65,4.15,4.9,1.65,4.34,5.19,1.62,4.2,5.25,1.62,4.2,5.5,1.7,4.4,5.5,1.64,4.23,5.1,1.57,2.37,1.6,2.5,1.63,2.5,1.59,2.37,-1.0,2.1,1.83,2.11,1.82,2.12,1.84,2.07,1.81,1.66,4.1,4.75,1.7,4.1,4.75,1.75,3.9,4.5,1.77,3.98,4.67,1.7,4.0,4.75,1.7,4.1,4.8,1.78,4.2,5.1,1.72,4.03,4.71,1.61,2.3,1.66,2.35,1.66,2.47,1.61,2.34,-0.75,1.97,1.96,2.0,1.93,2.02,2.0,1.93,1.95,0.6097560975609756,0.23640661938534277,0.19607843137254904,0.5850432009372407,0.22682525993784272,0.18813153912491665,7.104166666666667,1.2,1.6,1.4,1.4,2.0,1.3,13.8,12.8,5.4,4.8,13.2,13.3,5.6,5.7,2.2,1.9,0.0,0.0,6.041666666666667,0.8,1.0,1.4,1.1,2.6,2.2,13.4,12.7,3.6,3.4,11.2,11.5,6.4,5.3,2.4,2.0,0.0,0.0,0.8,1.0,1.0,1.1,1.4,2.4,0.8,0.8,0.8,1.3,1.8,1.9,0.3999999999999999,0.0
266,2020-02-22 17:30:00,E0,22/02/2020,17:30,Leicester,Man City,0,1,A,0,0,D,P Tierney,10,18,3,7,14,10,3,7,0,0,0,0,4.5,4.2,1.7,4.5,4.2,1.7,4.35,4.1,1.73,4.62,4.28,1.72,4.5,4.0,1.73,4.6,4.1,1.73,4.75,4.4,1.83,4.49,4.15,1.73,1.53,2.5,1.58,2.52,1.58,2.63,1.54,2.47,0.75,1.96,1.97,1.99,1.93,1.99,2.05,1.94,1.93,5.25,4.75,1.53,5.5,4.5,1.57,5.0,4.0,1.65,5.52,4.55,1.58,5.25,4.4,1.57,5.25,4.4,1.6,5.75,4.84,1.65,5.31,4.49,1.59,1.53,2.5,1.53,2.68,1.57,2.79,1.52,2.55,1.0,1.98,1.95,1.98,1.95,2.05,2.05,1.92,1.95,0.22271714922048996,0.24096385542168672,0.5780346820809249,0.21379840205832518,0.23131441572093495,0.55488718222074,7.895833333333333,1.0,1.2,1.6,1.5,1.4,1.6,13.0,12.1,5.6,5.3,10.6,9.4,3.6,4.3,1.0,1.0,0.2,0.1,2.9166666666666665,2.0,2.2,2.2,2.3,1.0,1.0,20.6,17.9,7.0,6.8,10.6,12.0,8.6,6.4,1.6,1.6,0.2,0.2,1.0,2.0,1.6,2.1,2.0,1.2,1.8,1.9,2.4,2.4,1.2,1.3,-1.0,-0.6000000000000001
267,2020-02-23 14:00:00,E0,23/02/2020,14:00,Man United,Watford,3,0,H,1,0,H,M Atkinson,21,7,9,2,6,15,3,5,0,1,0,0,1.6,3.9,6.0,1.57,4.0,6.0,1.6,3.95,5.6,1.61,4.02,6.2,1.6,3.9,6.0,1.6,3.9,6.0,1.65,4.2,6.5,1.6,3.97,5.98,1.9,1.9,1.99,1.93,1.99,1.99,1.91,1.91,-1.0,2.09,1.84,2.1,1.83,2.13,1.88,2.06,1.81,1.57,4.0,6.0,1.57,4.1,6.25,1.57,3.9,6.2,1.61,3.98,6.31,1.55,4.0,6.5,1.57,4.0,6.5,1.64,4.1,7.0,1.58,3.97,6.26,1.9,1.9,2.03,1.89,2.07,1.93,1.97,1.85,-1.0,2.13,1.81,2.14,1.8,2.14,1.9,2.06,1.81,0.625,0.2518891687657431,0.16722408026755853,0.598594070689803,0.2412469806306511,0.16015894867954594,5.75,1.4,1.4,1.2,1.3,0.8,1.0,14.0,15.7,5.0,6.0,12.8,12.0,5.2,5.0,1.8,1.6,0.0,0.0,14.854166666666666,1.0,1.5,1.4,1.5,1.2,1.0,11.4,11.0,2.8,3.0,14.6,13.1,3.4,3.4,1.8,2.2,0.0,0.2,1.6,1.7,1.8,1.8,0.8,1.0,1.0,0.9,1.2,1.0,1.2,1.3,0.3999999999999999,-0.19999999999999996
268,2020-02-23 14:00:00,E0,23/02/2020,14:00,Wolves,Norwich,3,0,H,2,0,H,C Kavanagh,19,6,6,4,11,6,4,1,2,3,0,0,1.5,4.2,7.0,1.53,4.33,6.0,1.53,4.15,6.2,1.52,4.32,7.0,1.52,4.2,6.5,1.5,4.2,7.0,1.57,4.5,7.05,1.52,4.27,6.55,1.9,1.9,1.94,1.98,1.95,2.05,1.87,1.95,-1.0,1.93,2.0,1.92,2.01,1.96,2.02,1.88,1.98,1.5,4.33,6.5,1.53,4.2,6.75,1.55,4.0,6.2,1.51,4.37,7.27,1.47,4.2,7.5,1.5,4.2,7.5,1.55,4.55,7.6,1.51,4.24,6.97,1.9,1.9,2.0,1.92,2.04,1.95,1.95,1.87,-1.0,1.92,2.01,1.93,2.0,1.94,2.03,1.88,1.98,0.6578947368421053,0.234192037470726,0.15267175572519084,0.6297098496225365,0.2241590097016992,0.14613114067576422,8.75,1.2,1.2,1.0,1.2,1.0,1.3,11.2,13.4,3.4,4.0,11.8,10.3,4.6,6.1,1.0,1.4,0.0,0.0,7.854166666666667,0.8,0.7,0.4,0.7,1.4,1.4,12.0,11.9,3.0,3.7,8.8,10.2,4.6,4.4,1.0,2.2,0.2,0.1,1.0,1.6,1.2,1.4,1.4,1.0,0.4,0.6,0.4,0.5,1.6,1.4,0.3999999999999999,0.6
269,2020-02-23 16:30:00,E0,23/02/2020,16:30,Arsenal,Everton,3,2,H,2,2,D,S Attwell,9,17,4,5,12,12,6,3,0,4,0,0,2.0,3.6,3.7,2.0,3.6,3.7,2.05,3.6,3.55,2.08,3.63,3.65,2.05,3.5,3.6,2.0,3.6,3.6,2.12,3.8,3.88,2.04,3.6,3.63,1.72,2.1,1.77,2.17,1.77,2.19,1.73,2.11,-0.5,2.06,1.87,2.08,1.85,2.1,1.89,2.03,1.84,1.95,3.7,3.7,2.0,3.6,3.8,1.97,3.6,3.7,2.0,3.67,3.91,1.95,3.6,3.8,1.95,3.7,3.9,2.05,3.78,3.98,1.99,3.62,3.79,1.72,2.1,1.8,2.13,1.85,2.2,1.76,2.08,-0.5,2.01,1.92,2.0,1.93,2.05,1.93,1.99,1.88,0.49019607843137253,0.2777777777777778,0.27548209366391185,0.46978128639834343,0.266209395625728,0.2640093179759286,7.0,1.4,1.2,1.6,1.2,0.8,1.0,9.6,9.4,3.8,3.0,12.6,12.0,5.0,3.8,2.0,2.5,0.4,0.2,15.166666666666666,2.2,1.9,2.0,1.5,1.2,1.0,13.6,13.5,6.0,4.9,11.6,11.9,4.8,5.8,1.0,1.5,0.2,0.1,1.4,1.3,1.6,1.5,1.2,1.3,1.6,1.1,1.6,1.5,1.4,1.9,-0.8000000000000003,-0.3999999999999999
270,2020-02-24 20:00:00,E0,24/02/2020,20:00,Liverpool,West Ham,3,2,H,1,1,D,J Moss,25,7,7,4,4,10,16,8,0,3,0,0,1.16,8.0,15.0,1.17,7.5,16.0,1.18,7.5,14.5,1.16,8.19,17.1,1.17,7.5,17.0,1.15,7.5,19.0,1.19,8.8,19.0,1.17,7.81,16.2,1.36,3.2,1.38,3.21,1.42,3.25,1.38,3.03,-2.0,1.87,2.06,1.81,2.1,1.88,2.11,1.82,2.05,1.13,9.0,17.0,1.16,8.25,17.0,1.15,7.6,18.5,1.15,9.09,19.01,1.14,8.5,17.0,1.15,8.5,19.0,1.18,9.6,21.0,1.15,8.55,17.55,1.36,3.2,1.36,3.32,1.4,3.58,1.36,3.15,-2.25,2.06,1.87,2.06,1.86,2.07,1.98,2.02,1.85,0.8547008547008548,0.12804097311139565,0.0617283950617284,0.8183104084566891,0.1225893953769944,0.059100196166316434,9.104166666666666,3.0,3.0,2.2,2.1,0.2,0.1,15.0,14.8,6.2,6.0,8.8,7.9,7.0,6.5,0.8,1.0,0.0,0.0,5.020833333333333,0.4,0.8,1.0,1.2,2.4,1.7,8.0,9.6,3.6,3.7,10.2,10.0,4.6,5.4,1.2,1.6,0.0,0.0,3.0,3.0,2.2,2.5,0.0,0.6,0.6,0.7,0.6,0.6,1.8,1.8,2.6,1.2000000000000002
271,2020-02-28 20:00:00,E0,28/02/2020,20:00,Norwich,Leicester,1,0,H,0,0,D,C Pawson,11,19,6,4,13,16,6,7,1,2,0,0,4.33,4.1,1.72,4.6,4.1,1.72,4.4,3.9,1.75,4.75,4.04,1.75,4.75,4.0,1.7,5.0,4.0,1.7,5.1,4.16,1.78,4.66,4.02,1.74,1.72,2.1,1.75,2.2,1.82,2.22,1.72,2.13,0.75,1.98,1.95,1.97,1.96,2.0,1.97,1.94,1.93,4.2,3.8,1.83,4.2,3.8,1.87,4.0,3.8,1.85,4.18,3.89,1.88,4.6,3.7,1.78,4.2,3.9,1.83,4.6,4.0,1.91,4.16,3.83,1.85,1.66,2.2,1.68,2.31,1.75,2.34,1.67,2.22,0.75,1.77,2.02,1.81,2.12,1.91,2.15,1.8,2.09,0.2145922746781116,0.24875621890547267,0.5747126436781609,0.2067241195871901,0.23963542220803632,0.5536404582047735,5.25,0.8,0.6,0.4,0.6,1.2,1.6,11.6,11.5,3.2,3.8,8.6,9.3,4.4,4.1,1.6,2.1,0.2,0.1,6.104166666666667,1.0,1.1,1.4,1.4,1.2,1.6,14.0,11.3,5.2,5.1,11.6,9.7,3.8,3.4,1.0,1.0,0.2,0.1,1.0,0.6,1.0,1.0,1.2,2.0,1.4,1.9,1.4,2.5,1.2,0.9,-0.19999999999999996,-0.9999999999999999
272,2020-02-29 12:30:00,E0,29/02/2020,12:30,Brighton,Crystal Palace,0,1,A,0,0,D,M Atkinson,24,12,8,3,8,9,8,7,1,1,0,0,2.05,3.25,3.9,2.05,3.2,4.0,2.05,3.25,3.9,2.09,3.3,4.03,2.05,3.25,3.9,2.15,3.2,3.8,2.15,3.34,4.15,2.08,3.24,3.93,2.3,1.61,2.38,1.65,2.45,1.65,2.31,1.62,-0.5,2.13,1.81,2.09,1.84,2.14,1.84,2.08,1.8,2.1,3.25,3.75,2.15,3.1,3.8,2.2,3.15,3.6,2.26,3.16,3.68,2.2,3.2,3.6,2.25,3.13,3.6,2.3,3.3,4.0,2.2,3.16,3.7,2.5,1.53,2.51,1.59,2.51,1.65,2.36,1.6,-0.25,1.93,2.0,1.93,2.0,1.95,2.03,1.89,1.98,0.4807692307692307,0.30864197530864196,0.2544529262086514,0.46056686488128823,0.29567255523243197,0.2437605798862798,6.895833333333333,0.8,0.8,1.4,1.1,1.8,1.4,13.6,12.9,4.0,4.0,9.4,8.5,4.4,4.5,1.8,1.5,0.0,0.0,6.895833333333333,0.8,1.0,0.8,0.9,1.6,1.3,10.4,10.4,3.4,3.3,11.0,10.1,4.8,4.6,1.8,1.3,0.0,0.0,1.2,1.6,1.0,1.5,0.8,1.0,0.6,1.1,1.0,1.1,1.6,1.3,0.0,0.5999999999999999
273,2020-02-29 15:00:00,E0,29/02/2020,15:00,Bournemouth,Chelsea,2,2,D,0,1,A,A Marriner,9,23,5,6,8,5,4,14,2,2,0,0,4.75,3.8,1.72,4.75,3.9,1.72,4.55,3.8,1.77,4.67,3.87,1.79,4.6,3.7,1.78,4.8,3.8,1.75,5.1,4.05,1.83,4.68,3.84,1.76,1.8,2.0,1.81,2.12,1.85,2.12,1.8,2.03,0.75,1.9,2.03,1.91,2.02,1.95,2.05,1.87,1.99,4.1,3.7,1.85,4.0,3.75,1.91,4.15,3.75,1.83,4.09,3.79,1.93,4.33,3.6,1.85,4.0,3.7,1.93,4.68,3.95,1.99,4.12,3.73,1.89,1.8,2.0,1.82,2.1,1.87,2.13,1.79,2.05,0.5,1.98,1.95,2.0,1.93,2.02,1.99,1.97,1.91,0.2136752136752137,0.2604166666666667,0.5681818181818182,0.2050087361677344,0.24985439720442632,0.5451368666278392,7.0,1.2,0.7,1.2,0.7,1.6,1.9,11.0,9.3,3.6,2.7,9.2,9.0,3.6,3.9,1.8,2.0,0.4,0.2,7.104166666666667,1.0,1.5,1.2,1.4,1.6,1.2,15.8,14.9,4.6,4.6,12.8,12.6,9.0,7.4,2.0,2.3,0.0,0.0,1.4,1.2,1.2,1.0,1.4,1.4,1.6,1.7,1.4,1.9,1.0,1.4,0.19999999999999996,0.0
274,2020-02-29 15:00:00,E0,29/02/2020,15:00,Newcastle,Burnley,0,0,D,0,0,D,A Madley,21,8,4,1,11,9,11,7,4,3,0,0,2.62,3.1,2.9,2.55,3.1,3.0,2.6,3.1,2.9,2.7,3.14,2.92,2.62,3.1,2.88,2.7,3.1,2.9,2.8,3.24,3.0,2.64,3.11,2.9,2.3,1.61,2.41,1.63,2.43,1.64,2.34,1.6,0.0,1.87,2.06,1.88,2.04,1.88,2.1,1.84,2.02,2.62,3.2,2.75,2.75,3.2,2.75,2.7,3.2,2.7,2.75,3.26,2.78,2.7,3.2,2.7,2.7,3.3,2.75,2.85,3.3,2.85,2.72,3.21,2.76,2.0,1.8,2.15,1.78,2.16,1.82,2.07,1.76,0.0,1.97,1.96,1.95,1.98,2.0,2.0,1.93,1.94,0.3787878787878788,0.3215434083601286,0.3448275862068966,0.3624213394199008,0.3076502688323274,0.3299283917477718,7.0,1.0,0.9,0.6,0.7,1.4,1.7,9.6,9.3,2.6,2.6,9.8,10.1,4.8,3.9,2.0,2.0,0.2,0.1,7.0,2.6,1.6,1.8,1.1,0.4,1.0,10.6,9.6,5.0,3.0,9.8,11.7,4.2,4.4,2.0,2.2,0.0,0.0,1.4,1.8,0.6,1.1,1.0,1.0,1.8,1.3,1.0,1.1,1.0,1.7,-1.6,-1.2000000000000002
275,2020-02-29 15:00:00,E0,29/02/2020,15:00,West Ham,Southampton,3,1,H,2,1,H,A Taylor,14,10,7,2,8,11,4,9,1,1,0,0,2.65,3.6,2.5,2.65,3.6,2.55,2.7,3.5,2.55,2.77,3.61,2.55,2.7,3.5,2.55,2.75,3.5,2.6,2.8,3.65,2.64,2.71,3.54,2.55,1.72,2.1,1.78,2.15,1.83,2.16,1.75,2.07,0.0,2.01,1.92,2.04,1.88,2.04,1.94,1.98,1.88,2.45,3.5,2.75,2.6,3.6,2.65,2.6,3.5,2.65,2.58,3.52,2.79,2.55,3.5,2.7,2.55,3.5,2.75,2.7,3.6,2.83,2.57,3.53,2.71,1.8,2.0,1.81,2.11,1.82,2.21,1.74,2.1,0.0,1.88,2.05,1.88,2.04,2.0,2.09,1.88,2.0,0.36900369003690037,0.2824858757062147,0.3921568627450981,0.3535715544692901,0.27067200921236617,0.37575643631834366,4.791666666666667,0.2,0.5,1.2,1.3,2.8,2.0,7.0,9.2,3.2,3.7,10.0,9.6,4.8,5.4,1.6,1.6,0.0,0.0,7.0,1.2,1.9,1.4,1.6,1.8,1.2,16.2,14.5,5.2,5.5,12.4,13.7,6.6,6.1,1.8,1.9,0.0,0.0,1.0,0.6,1.8,1.6,1.6,2.0,2.4,1.4,1.8,1.5,1.2,1.5,-1.0,-0.19999999999999996
276,2020-02-29 17:30:00,E0,29/02/2020,17:30,Watford,Liverpool,3,0,H,0,0,D,M Oliver,14,7,5,1,4,8,3,5,0,0,0,0,8.0,4.75,1.4,7.5,5.0,1.4,6.9,4.75,1.43,7.52,4.92,1.44,7.5,4.8,1.42,7.5,4.6,1.44,8.75,5.1,1.45,7.52,4.84,1.42,1.66,2.2,1.67,2.34,1.68,2.35,1.64,2.26,1.25,1.89,2.04,1.88,2.05,1.95,2.05,1.89,1.97,6.5,4.75,1.45,6.75,4.6,1.48,7.2,4.4,1.45,6.75,4.76,1.49,7.0,4.6,1.44,7.0,4.6,1.5,8.0,4.95,1.53,6.72,4.62,1.48,1.66,2.2,1.68,2.32,1.69,2.45,1.64,2.27,1.0,2.02,1.77,2.13,1.81,2.17,1.85,2.11,1.78,0.13297872340425532,0.2066115702479339,0.7042253521126761,0.12739675242826426,0.19793875583895604,0.6746644917327798,6.145833333333333,0.4,1.5,0.8,1.5,1.8,1.1,9.2,10.9,2.0,3.0,15.0,14.0,3.4,3.6,1.8,2.2,0.0,0.2,4.895833333333333,3.0,3.0,2.4,2.2,0.6,0.3,16.8,15.7,6.6,6.1,8.2,7.5,8.0,7.5,0.6,0.8,0.0,0.0,2.0,1.3,1.8,1.0,0.8,0.9,3.0,2.8,2.0,1.9,0.2,0.4,-2.6,-1.5999999999999999
277,2020-03-01 14:00:00,E0,01/03/2020,14:00,Everton,Man United,1,1,D,1,1,D,C Kavanagh,16,14,5,5,11,11,13,8,3,4,0,0,2.5,3.25,2.9,2.5,3.4,2.8,2.55,3.3,2.85,2.56,3.42,2.88,2.55,3.3,2.8,2.5,3.3,2.88,2.72,3.45,2.95,2.54,3.33,2.85,1.9,1.9,2.02,1.9,2.05,1.9,1.98,1.83,0.0,1.86,2.07,1.85,2.08,1.89,2.09,1.83,2.03,2.8,3.4,2.5,2.8,3.3,2.6,2.8,3.3,2.55,2.89,3.3,2.62,2.88,3.3,2.5,2.88,3.3,2.55,3.07,3.46,2.65,2.84,3.32,2.57,1.9,1.9,2.04,1.87,2.04,1.91,1.98,1.84,0.0,2.07,1.86,2.06,1.87,2.16,1.89,2.03,1.84,0.39370078740157477,0.3003003003003003,0.3508771929824561,0.37679105277575964,0.2874021843995284,0.3358067628247121,6.895833333333333,1.6,1.8,2.2,1.6,1.8,1.2,14.2,14.4,5.8,5.1,12.6,11.9,4.6,5.6,1.4,1.7,0.2,0.1,7.0,1.4,1.6,1.0,1.5,0.8,0.9,15.6,15.4,5.6,6.1,10.4,11.6,5.0,4.7,1.8,1.5,0.0,0.0,2.2,1.8,1.4,1.4,0.6,1.0,1.2,1.3,0.8,1.2,1.2,1.3,0.20000000000000018,1.2000000000000002
278,2020-03-01 14:00:00,E0,01/03/2020,14:00,Tottenham,Wolves,2,3,A,2,1,H,S Attwell,13,14,5,4,12,14,4,5,3,2,0,0,2.45,3.2,3.0,2.35,3.25,3.2,2.45,3.15,3.1,2.47,3.19,3.21,2.45,3.1,3.1,2.45,3.13,3.1,2.55,3.3,3.21,2.44,3.17,3.13,2.2,1.66,2.3,1.69,2.3,1.72,2.22,1.66,-0.25,2.13,1.81,2.1,1.83,2.16,1.83,2.08,1.79,2.75,3.1,2.7,2.7,3.1,2.9,2.8,3.05,2.7,2.88,3.1,2.77,2.7,3.0,2.88,2.88,3.1,2.7,2.9,3.2,3.03,2.78,3.09,2.78,2.37,1.57,2.44,1.62,2.45,1.68,2.33,1.61,0.0,1.99,1.94,2.0,1.93,2.02,2.03,1.94,1.93,0.4098360655737705,0.31545741324921134,0.3194888178913738,0.392269343443728,0.3019360246065288,0.3057946319497432,8.0625,2.0,1.4,1.6,1.2,1.0,1.2,12.4,11.8,4.8,4.6,11.4,9.8,4.8,5.5,1.4,2.2,0.0,0.1,7.0,1.6,1.5,1.4,1.4,0.8,1.1,13.2,13.5,3.8,4.1,11.4,10.0,4.4,5.4,1.4,1.2,0.0,0.0,1.8,2.0,1.2,1.8,1.0,1.0,1.4,1.6,1.2,1.4,1.2,1.1,0.3999999999999999,0.20000000000000018
279,2020-03-07 12:30:00,E0,07/03/2020,12:30,Liverpool,Bournemouth,2,1,H,2,1,H,P Tierney,14,6,6,4,10,12,9,4,0,1,0,0,1.22,6.5,13.0,1.25,6.0,12.5,1.27,6.0,10.5,1.25,6.44,12.49,1.25,6.0,12.0,1.25,6.0,13.0,1.29,6.6,13.45,1.25,6.24,11.93,1.44,2.75,1.45,2.92,1.51,2.92,1.47,2.68,-1.75,1.95,1.95,1.95,1.97,2.01,1.97,1.94,1.93,1.2,7.5,12.0,1.22,6.75,13.0,1.27,6.1,9.8,1.22,7.06,13.2,1.2,7.0,13.0,1.22,7.0,13.0,1.27,7.86,14.25,1.22,7.07,12.64,1.4,3.0,1.4,3.13,1.44,3.36,1.39,2.98,-2.0,2.02,1.77,2.13,1.79,2.15,1.93,2.08,1.8,0.8,0.16025641025641024,0.08382229673093043,0.7662257592709435,0.15349073703344218,0.08028350369561436,6.791666666666667,2.4,2.7,2.0,1.8,1.0,0.6,15.6,14.9,5.6,5.6,7.6,7.6,8.2,7.2,0.4,0.7,0.0,0.0,6.895833333333333,1.4,0.8,1.6,0.9,1.8,2.0,11.6,9.9,4.0,3.2,8.8,8.5,3.4,3.9,1.8,2.0,0.2,0.2,3.0,3.0,2.4,2.6,0.4,0.7,0.0,0.4,0.2,0.5,2.4,1.8,1.0,0.3999999999999999
280,2020-03-07 15:00:00,E0,07/03/2020,15:00,Arsenal,West Ham,1,0,H,0,0,D,M Atkinson,9,14,2,6,11,9,6,7,1,2,0,0,1.57,4.4,5.5,1.53,4.33,6.0,1.57,4.3,5.4,1.57,4.41,5.95,1.55,4.33,5.8,1.55,4.33,6.0,1.62,4.5,6.21,1.56,4.37,5.78,1.57,2.37,1.63,2.43,1.66,2.45,1.6,2.35,-1.0,1.96,1.94,1.97,1.96,2.0,1.98,1.93,1.93,1.6,4.2,5.25,1.6,4.25,5.5,1.63,4.25,5.0,1.68,4.15,5.1,1.62,4.33,5.0,1.67,4.2,5.0,1.71,4.54,5.55,1.64,4.25,5.13,1.53,2.5,1.58,2.54,1.59,2.55,1.55,2.46,-1.0,2.07,1.72,2.17,1.78,2.22,1.86,2.1,1.79,0.641025641025641,0.22883295194508008,0.17301038062283736,0.6146751483235424,0.21942636873792362,0.16589848293853396,12.9375,1.8,1.5,2.0,1.5,1.0,0.9,10.0,9.7,3.8,3.3,10.6,12.3,5.4,4.1,1.4,2.4,0.2,0.2,7.0,0.8,0.8,1.6,1.5,2.2,1.9,8.6,9.6,4.2,4.2,7.8,9.4,4.0,5.2,1.6,1.5,0.0,0.0,2.0,1.3,2.2,1.7,1.0,1.5,0.0,0.6,0.8,0.6,2.4,1.9,1.0,0.3999999999999999
281,2020-03-07 15:00:00,E0,07/03/2020,15:00,Crystal Palace,Watford,1,0,H,1,0,H,A Taylor,10,10,3,4,12,19,8,8,4,4,0,0,2.55,3.2,2.9,2.6,3.2,2.85,2.55,3.15,2.95,2.62,3.21,2.96,2.55,3.1,3.0,2.55,3.1,3.1,2.65,3.26,3.1,2.57,3.19,2.95,2.3,1.61,2.38,1.65,2.38,1.68,2.28,1.63,0.0,1.8,2.1,1.85,2.08,1.85,2.16,1.8,2.08,2.7,3.1,2.8,2.6,3.1,3.0,2.7,3.1,2.85,2.8,3.05,2.89,2.7,3.0,2.88,2.7,3.1,2.88,2.8,3.2,3.0,2.7,3.08,2.89,2.3,1.61,2.41,1.64,2.41,1.68,2.31,1.62,0.0,1.92,1.98,1.93,1.99,1.95,2.06,1.89,1.98,0.38910505836575876,0.31347962382445144,0.3389830508474576,0.3735763369233395,0.3009690237909037,0.3254546392857568,7.104166666666667,1.2,1.3,0.6,1.0,1.2,1.2,11.8,10.0,3.4,3.2,11.4,9.9,5.8,4.8,1.6,1.4,0.0,0.0,6.895833333333333,0.8,1.5,1.4,1.6,1.8,1.1,9.0,11.2,2.6,3.2,13.2,12.8,3.4,3.6,1.4,1.9,0.0,0.2,1.4,1.1,0.8,0.7,1.0,1.2,1.0,0.9,1.2,1.0,1.4,1.4,0.3999999999999999,-0.7999999999999999
282,2020-03-07 15:00:00,E0,07/03/2020,15:00,Sheffield United,Norwich,1,0,H,1,0,H,S Hooper,10,12,4,5,12,8,10,5,0,0,0,0,1.65,3.75,5.75,1.65,3.7,5.75,1.67,3.75,5.4,1.66,3.87,5.87,1.65,3.7,5.8,1.65,3.7,6.0,1.7,3.9,6.05,1.66,3.78,5.71,2.1,1.72,2.16,1.78,2.16,1.82,2.06,1.77,-0.75,1.87,2.03,1.87,2.06,1.91,2.06,1.86,2.01,1.66,3.75,5.25,1.7,3.8,5.25,1.67,3.75,5.3,1.66,4.07,5.48,1.65,3.9,5.25,1.7,3.75,5.5,1.73,4.15,5.7,1.68,3.88,5.37,2.0,1.8,2.13,1.8,2.24,1.84,2.06,1.77,-0.75,1.85,2.05,1.88,2.05,1.9,2.09,1.86,2.02,0.6024096385542169,0.2645502645502646,0.17513134851138354,0.5780776276742766,0.25386477829081994,0.16805759403490353,14.0,1.6,1.5,1.0,0.8,0.8,0.9,11.2,10.3,3.4,2.8,10.8,10.1,7.0,6.3,2.0,1.6,0.0,0.0,7.791666666666667,0.8,0.9,0.4,0.6,1.2,1.4,10.6,11.3,3.4,3.7,9.2,9.9,4.8,4.4,1.4,2.0,0.0,0.1,1.6,1.8,1.0,1.4,0.8,0.9,0.2,0.6,0.2,0.5,2.0,1.5,0.8,0.6
283,2020-03-07 15:00:00,E0,07/03/2020,15:00,Southampton,Newcastle,0,1,A,0,0,D,G Scott,6,14,3,7,14,15,5,8,0,3,1,0,1.61,4.1,5.25,1.65,3.9,5.25,1.67,3.9,5.0,1.7,3.88,5.39,1.67,3.8,5.25,1.67,3.9,5.5,1.74,4.17,5.6,1.67,3.95,5.27,1.8,2.0,1.84,2.08,1.87,2.08,1.81,2.01,-0.75,1.88,2.02,1.92,2.01,1.93,2.06,1.86,2.01,1.72,3.8,4.75,1.72,3.9,5.0,1.75,3.7,4.8,1.75,3.95,4.89,1.7,3.8,5.0,1.75,3.75,5.0,1.8,4.0,5.4,1.74,3.82,4.92,2.0,1.8,2.09,1.83,2.15,1.9,2.03,1.8,-0.75,1.95,1.95,1.98,1.95,1.98,1.99,1.95,1.93,0.5988023952095809,0.2531645569620253,0.18975332068311196,0.5748207180115923,0.24302546812135667,0.18215381386705104,7.0,1.2,1.6,1.2,1.4,1.8,1.4,16.0,13.8,4.6,4.9,12.0,13.3,8.2,6.5,1.6,1.9,0.0,0.0,7.0,0.6,0.7,0.4,0.6,1.4,1.7,12.4,10.6,3.0,2.7,10.2,10.0,6.8,4.6,2.6,2.2,0.2,0.1,1.4,1.3,1.4,1.2,1.2,2.0,0.4,0.8,0.8,0.9,2.4,1.8,0.6,0.7999999999999999
284,2020-03-07 15:00:00,E0,07/03/2020,15:00,Wolves,Brighton,0,0,D,0,0,D,A Marriner,11,7,1,1,4,7,2,0,1,3,0,0,1.61,3.9,5.75,1.65,3.9,5.25,1.65,3.9,5.4,1.66,4.08,5.47,1.63,3.9,5.5,1.65,3.8,6.0,1.7,4.15,6.0,1.65,3.95,5.48,2.0,1.8,2.05,1.86,2.07,1.88,1.99,1.82,-0.75,1.85,2.05,1.86,2.06,1.88,2.08,1.83,2.04,1.7,3.8,5.0,1.72,3.7,5.25,1.73,3.65,5.0,1.75,3.67,5.31,1.7,3.7,5.25,1.73,3.7,5.25,1.78,3.9,5.55,1.72,3.73,5.23,2.1,1.72,2.26,1.71,2.28,1.8,2.11,1.74,-0.75,1.98,1.92,2.01,1.92,2.03,1.99,1.94,1.93,0.6060606060606061,0.2531645569620253,0.18248175182481752,0.5817957022483234,0.24302858448347686,0.17517571326819958,6.041666666666667,1.6,1.5,1.4,1.5,0.8,1.2,14.4,13.5,3.8,4.1,11.8,10.0,4.8,4.8,1.6,1.0,0.0,0.0,7.104166666666667,0.6,0.8,1.2,1.1,1.8,1.4,16.4,14.4,5.2,4.6,8.8,8.7,5.4,4.9,1.4,1.5,0.0,0.0,1.6,1.6,1.6,1.5,1.0,1.0,0.4,0.6,1.2,1.2,2.0,1.9,1.0,0.19999999999999996
285,2020-03-07 17:30:00,E0,07/03/2020,17:30,Burnley,Tottenham,1,1,D,1,0,H,J Moss,21,13,8,2,16,11,3,5,5,4,0,0,2.7,3.3,2.62,2.7,3.25,2.7,2.7,3.25,2.65,2.74,3.38,2.71,2.7,3.25,2.7,2.7,3.25,2.75,2.8,3.4,2.82,2.72,3.3,2.69,2.1,1.72,2.07,1.85,2.2,1.85,2.06,1.77,0.0,1.95,1.95,1.98,1.95,1.99,1.98,1.94,1.92,2.62,3.4,2.62,2.8,3.3,2.6,2.7,3.25,2.65,2.73,3.35,2.74,2.62,3.3,2.7,2.75,3.2,2.75,2.84,3.48,2.8,2.73,3.32,2.68,2.1,1.72,2.19,1.75,2.25,1.82,2.1,1.74,0.0,1.95,1.95,1.96,1.97,2.0,2.01,1.94,1.92,0.3676470588235294,0.30303030303030304,0.3717472118959108,0.3526845664248424,0.29069758202290047,0.35661785155225706,7.104166666666667,2.2,1.4,1.4,1.0,0.2,1.0,10.6,10.2,4.2,3.0,8.8,10.5,4.8,4.6,2.4,2.1,0.0,0.0,6.145833333333333,1.8,1.4,2.0,1.4,1.6,1.3,11.6,12.6,4.8,5.0,11.2,10.1,5.0,5.6,1.4,2.1,0.0,0.0,1.4,1.3,1.2,1.3,1.0,1.5,1.0,1.2,1.2,1.4,1.4,1.5,0.40000000000000013,-0.6000000000000001
286,2020-03-08 14:00:00,E0,08/03/2020,14:00,Chelsea,Everton,4,0,H,2,0,H,K Friend,17,3,11,1,8,10,6,1,1,2,0,0,1.8,3.9,4.2,1.83,3.6,4.4,1.87,3.75,4.05,1.9,3.72,4.28,1.85,3.7,4.2,1.83,3.75,4.2,1.95,4.0,4.4,1.87,3.74,4.2,1.72,2.1,1.72,2.25,1.75,2.26,1.71,2.14,-0.5,1.88,2.02,1.9,2.03,1.91,2.06,1.86,2.01,1.83,3.9,4.0,1.87,3.75,4.2,2.0,3.6,3.6,1.88,3.86,4.19,1.83,3.8,4.2,1.83,3.8,4.33,2.0,3.98,4.4,1.87,3.8,4.13,1.72,2.1,1.76,2.18,1.78,2.23,1.72,2.13,-0.5,1.85,2.05,1.88,2.04,2.0,2.11,1.86,2.01,0.53475935828877,0.267379679144385,0.23809523809523808,0.5140758873929008,0.2570379436964504,0.22888616891064872,7.958333333333333,1.2,1.3,1.6,1.4,1.8,1.4,16.6,15.9,5.0,4.9,11.0,12.0,9.8,8.3,2.2,2.2,0.0,0.0,7.0,1.6,1.8,2.2,1.7,1.8,1.3,15.2,15.1,6.2,5.6,12.2,12.0,6.0,6.4,2.0,1.8,0.2,0.1,1.4,1.6,1.4,1.2,1.4,1.0,1.4,1.1,1.8,1.7,1.8,2.1,-0.40000000000000013,-0.6000000000000001
287,2020-03-08 16:30:00,E0,08/03/2020,16:30,Man United,Man City,2,0,H,1,0,H,M Dean,12,7,6,2,11,9,2,11,2,4,0,0,5.0,4.33,1.6,5.0,4.25,1.62,4.95,4.2,1.65,5.0,4.33,1.67,5.0,4.2,1.63,5.0,4.1,1.65,5.5,4.5,1.7,5.04,4.28,1.64,1.66,2.2,1.74,2.23,1.74,2.35,1.66,2.22,0.75,2.07,1.83,2.09,1.84,2.13,1.85,2.07,1.8,4.5,4.0,1.72,4.6,4.0,1.75,4.4,3.7,1.8,4.36,3.93,1.83,4.5,3.9,1.75,4.75,3.75,1.8,4.9,4.08,1.84,4.51,3.92,1.78,1.9,1.9,1.89,2.02,1.93,2.08,1.85,1.97,0.75,1.87,2.03,1.85,2.07,1.91,2.11,1.87,2.01,0.1984126984126984,0.2336448598130841,0.6097560975609756,0.19044931625786846,0.22426741914477968,0.5852832645973518,7.104166666666667,1.6,1.7,1.2,1.6,0.6,0.8,16.6,15.1,5.8,5.8,10.6,11.6,5.6,5.0,2.0,1.8,0.0,0.0,14.958333333333334,2.0,2.2,1.2,2.1,0.8,1.0,19.8,18.3,6.0,6.8,10.2,10.6,9.2,6.8,1.4,1.2,0.2,0.2,2.0,1.9,2.2,2.0,0.6,0.9,1.8,1.9,2.0,2.2,1.2,1.2,-0.3999999999999999,0.0
288,2020-03-09 20:00:00,E0,09/03/2020,20:00,Leicester,Aston Villa,4,0,H,1,0,H,M Oliver,15,4,7,1,15,12,9,0,2,1,0,0,1.36,5.25,8.0,1.36,5.0,8.5,1.4,5.0,7.5,1.39,5.15,8.54,1.38,5.0,8.0,1.36,5.0,8.5,1.42,5.4,9.0,1.38,5.12,8.05,1.53,2.5,1.54,2.66,1.57,2.66,1.52,2.48,-1.5,2.05,1.75,2.09,1.84,2.16,1.86,2.06,1.8,1.5,4.5,6.0,1.53,4.33,6.25,1.5,4.3,6.5,1.52,4.6,6.34,1.5,4.4,6.5,1.53,4.4,6.5,1.56,4.7,6.88,1.52,4.47,6.21,1.61,2.3,1.64,2.4,1.7,2.4,1.62,2.28,-1.0,1.85,2.05,1.88,2.05,1.91,2.08,1.86,2.01,0.7246376811594204,0.1953125,0.12422360248447203,0.6939818759197584,0.18704980249399736,0.11896832158624426,10.0,1.0,1.1,1.2,1.3,1.0,1.4,14.2,12.7,4.4,5.3,13.2,10.4,4.2,4.0,1.4,1.0,0.2,0.1,16.208333333333332,0.8,1.0,1.2,1.1,1.8,2.2,12.8,12.3,3.6,3.5,13.6,12.3,7.2,5.7,2.8,2.2,0.0,0.0,0.8,1.7,1.4,1.6,2.0,1.3,0.8,0.5,0.8,0.8,1.8,2.0,0.19999999999999996,0.0
289,2020-06-17 18:00:00,E0,17/06/2020,18:00,Aston Villa,Sheffield United,0,0,D,0,0,D,M Oliver,14,5,6,1,11,14,12,4,1,1,0,0,3.2,3.4,2.25,3.2,3.4,2.2,3.25,3.3,2.25,3.48,3.37,2.28,3.3,3.3,2.25,3.3,3.3,2.25,3.48,3.45,2.39,3.3,3.33,2.27,2.1,1.72,2.17,1.78,2.19,1.84,2.08,1.76,0.25,1.93,1.97,1.97,1.95,1.97,2.01,1.92,1.94,3.3,3.25,2.3,3.25,3.25,2.3,3.25,3.25,2.3,3.33,3.38,2.35,3.25,3.3,2.3,3.4,3.25,2.3,3.5,3.44,2.43,3.28,3.29,2.32,2.2,1.66,2.26,1.71,2.3,1.82,2.17,1.71,0.25,1.94,1.99,1.92,2.01,1.96,2.02,1.9,1.98,0.30303030303030304,0.3003003003003003,0.44052863436123346,0.29029805177598306,0.2876827540122355,0.4220191942117815,99.91666666666667,0.6,1.0,1.0,1.0,2.4,2.3,12.0,10.8,3.2,3.0,13.4,11.9,6.4,5.0,2.4,2.1,0.0,0.0,102.125,2.0,1.5,1.0,0.8,0.6,0.9,10.8,10.6,3.4,3.0,10.6,10.2,8.0,7.0,1.6,1.3,0.0,0.0,1.2,1.3,1.4,1.5,2.6,2.2,1.4,1.4,0.6,0.8,1.0,0.9,-1.4,0.0
290,2020-06-17 20:15:00,E0,17/06/2020,20:15,Man City,Arsenal,3,0,H,1,0,H,A Taylor,20,3,12,0,9,7,5,2,1,1,0,1,1.36,5.25,7.5,1.34,5.25,8.25,1.35,5.5,7.8,1.37,5.65,8.52,1.33,5.5,8.5,1.33,5.5,9.0,1.4,6.05,9.0,1.35,5.5,8.11,1.36,3.2,1.4,3.23,1.42,3.23,1.38,3.04,-1.5,1.93,1.97,1.93,2.0,1.99,2.01,1.92,1.95,1.28,6.0,9.0,1.28,6.25,9.25,1.35,5.5,7.7,1.29,6.6,9.96,1.27,6.0,10.0,1.25,6.5,9.0,1.35,6.9,11.0,1.28,6.3,9.64,1.44,2.75,1.48,2.87,1.49,3.34,1.42,2.85,-1.75,1.97,1.96,1.98,1.94,2.01,1.99,1.95,1.93,0.7407407407407407,0.18181818181818182,0.12330456226880396,0.7082575799677666,0.17384504235572457,0.11789737767650865,101.15625,1.8,1.9,0.8,1.8,0.8,1.1,16.2,16.7,5.2,5.8,10.2,10.1,8.6,7.3,2.0,1.4,0.2,0.2,102.21875,2.2,1.7,2.0,1.6,0.8,0.9,9.6,10.0,3.4,3.3,11.0,12.3,5.8,4.3,1.4,2.2,0.2,0.2,2.6,2.2,2.2,1.9,0.8,1.0,1.0,1.0,0.8,1.0,0.8,1.1,-0.40000000000000013,-1.2
291,2020-06-19 18:00:00,E0,19/06/2020,18:00,Norwich,Southampton,0,3,A,0,0,D,K Friend,9,22,1,9,9,15,9,7,1,1,0,0,2.8,3.5,2.45,3.2,3.5,2.2,2.8,3.35,2.5,2.86,3.43,2.63,2.8,3.4,2.5,2.8,3.4,2.55,3.2,3.65,2.64,2.84,3.4,2.53,1.9,1.9,1.95,1.96,2.0,2.0,1.92,1.91,0.0,2.05,1.88,2.05,1.88,2.09,1.91,2.04,1.85,2.8,3.4,2.5,3.2,3.5,2.2,2.9,3.35,2.45,2.96,3.5,2.51,2.88,3.4,2.45,3.0,3.4,2.45,3.2,3.6,2.58,2.9,3.41,2.46,1.9,1.9,1.95,1.96,2.02,2.03,1.92,1.91,0.0,2.07,1.72,2.14,1.81,2.18,1.85,2.1,1.79,0.35211267605633806,0.29411764705882354,0.3952569169960475,0.3380864042258835,0.2824015847063262,0.3795120110677902,104.125,0.8,0.9,0.2,0.6,1.0,1.4,10.6,10.9,4.0,3.6,9.4,9.5,5.2,4.1,1.2,1.7,0.0,0.1,104.125,0.6,1.3,0.8,1.2,2.0,1.5,14.2,13.9,4.0,4.9,12.2,13.8,7.6,6.9,1.2,1.7,0.2,0.1,1.6,0.9,1.0,1.0,0.8,1.5,1.8,1.4,1.4,1.5,1.6,1.6,0.20000000000000007,-0.6000000000000001
292,2020-06-19 20:15:00,E0,19/06/2020,20:15,Tottenham,Man United,1,1,D,1,0,H,J Moss,10,12,3,6,17,18,7,6,0,1,0,0,3.0,3.4,2.37,2.95,3.4,2.4,3.0,3.35,2.4,3.14,3.41,2.43,3.0,3.4,2.38,3.0,3.4,2.4,3.2,3.55,2.5,3.03,3.4,2.43,1.9,1.9,1.98,1.93,2.02,1.98,1.94,1.89,0.25,1.84,2.09,1.85,2.09,1.86,2.11,1.82,2.07,3.25,3.4,2.2,3.3,3.4,2.2,3.2,3.3,2.3,3.39,3.52,2.26,3.3,3.4,2.2,3.4,3.4,2.2,3.5,3.62,2.3,3.27,3.45,2.25,1.9,1.9,1.97,1.94,2.01,2.03,1.92,1.91,0.25,1.98,1.95,1.98,1.94,2.02,1.97,1.95,1.94,0.33003300330033003,0.29411764705882354,0.4115226337448559,0.31866517015146434,0.28398690163498147,0.39734792821355425,104.11458333333333,1.4,1.2,1.8,1.3,1.6,1.3,11.4,12.8,4.6,4.7,11.0,10.2,4.6,5.2,2.2,2.1,0.0,0.0,103.15625,2.2,1.7,1.6,1.4,0.2,0.7,14.2,14.1,5.6,5.4,10.6,11.7,5.0,4.7,2.4,1.8,0.0,0.0,1.8,1.7,1.6,1.8,1.2,1.2,1.4,1.4,1.0,1.3,1.0,1.3,-0.8000000000000003,0.19999999999999996
293,2020-06-20 12:30:00,E0,20/06/2020,12:30,Watford,Leicester,1,1,D,0,0,D,C Pawson,8,15,4,2,15,12,2,7,0,1,0,0,3.6,3.5,2.05,3.3,3.6,2.15,3.6,3.5,2.05,3.73,3.6,2.1,3.6,3.5,2.05,3.6,3.5,2.1,3.75,3.7,2.17,3.59,3.52,2.09,1.9,1.9,1.95,1.96,1.99,2.0,1.91,1.92,0.25,2.05,1.75,2.14,1.81,2.14,1.84,2.09,1.8,3.6,3.5,2.05,3.75,3.5,2.0,3.85,3.4,2.0,3.78,3.44,2.14,3.9,3.4,2.0,3.9,3.3,2.1,3.95,3.6,2.17,3.78,3.43,2.06,2.1,1.72,2.21,1.76,2.23,1.82,2.14,1.73,0.5,1.75,2.05,1.81,2.14,1.87,2.18,1.81,2.07,0.2785515320334262,0.2840909090909091,0.47846889952153115,0.2675521062527503,0.2728727447293675,0.45957514901788216,104.89583333333333,0.8,1.4,1.2,1.5,1.6,1.1,9.4,11.7,3.0,3.4,13.4,13.9,4.4,4.3,1.8,2.0,0.0,0.2,102.6875,1.0,1.4,1.2,1.7,0.8,1.0,13.4,13.9,4.2,6.0,14.2,11.4,4.6,4.7,1.6,1.1,0.2,0.1,2.0,1.5,2.0,1.3,0.8,0.9,1.4,1.9,1.2,2.4,0.8,0.8,-0.19999999999999996,0.0
294,2020-06-20 15:00:00,E0,20/06/2020,15:00,Brighton,Arsenal,2,1,H,0,0,D,M Atkinson,9,13,5,6,13,8,10,7,2,1,0,0,3.1,3.25,2.37,3.4,3.4,2.15,2.95,3.35,2.4,3.03,3.42,2.5,3.0,3.3,2.4,3.0,3.4,2.4,3.4,3.52,2.52,3.04,3.37,2.39,1.9,1.9,1.98,1.93,2.01,2.0,1.93,1.89,0.25,1.82,2.11,1.81,2.15,1.86,2.15,1.82,2.07,3.2,3.4,2.25,3.2,3.4,2.25,3.2,3.3,2.3,3.29,3.45,2.33,3.3,3.3,2.25,3.25,3.4,2.3,3.47,3.5,2.38,3.23,3.37,2.29,2.0,1.8,2.05,1.87,2.07,1.92,1.99,1.84,0.25,1.92,2.01,1.92,2.0,1.95,2.04,1.91,1.98,0.32894736842105265,0.29673590504451036,0.41841004184100417,0.3150555257836001,0.2842043912113187,0.4007400830050812,105.0,0.8,0.9,1.0,1.0,1.2,1.2,13.6,14.0,3.8,4.2,7.8,8.5,3.8,4.7,1.8,1.6,0.0,0.0,2.78125,2.0,1.6,1.6,1.5,1.0,1.1,9.8,8.6,3.0,3.1,11.2,11.7,5.2,4.2,1.4,1.9,0.2,0.3,1.2,1.3,1.0,1.2,0.8,1.1,0.8,0.9,0.8,0.9,1.4,1.3,-1.2,-0.6000000000000001
295,2020-06-20 17:30:00,E0,20/06/2020,17:30,West Ham,Wolves,0,2,A,0,0,D,A Taylor,7,10,2,6,8,7,5,7,1,1,0,0,3.6,3.4,2.1,3.6,3.4,2.1,3.55,3.35,2.15,3.7,3.4,2.19,3.6,3.3,2.15,3.6,3.4,2.15,3.75,3.52,2.22,3.57,3.36,2.15,2.0,1.8,2.15,1.79,2.19,1.85,2.06,1.78,0.25,2.06,1.87,2.06,1.87,2.08,1.89,2.03,1.85,4.0,3.5,1.9,3.9,3.3,2.05,3.65,3.3,2.1,4.2,3.58,1.98,4.2,3.4,1.95,4.4,3.25,1.95,4.4,3.59,2.1,4.09,3.38,2.0,2.5,1.53,2.54,1.59,2.54,1.69,2.34,1.61,0.5,1.93,2.0,1.94,1.98,1.95,2.1,1.89,2.0,0.2801120448179272,0.2976190476190476,0.46511627906976744,0.26860310767549,0.2853908019052081,0.446006090419302,105.10416666666667,0.8,0.8,1.6,1.4,2.0,1.8,10.0,9.6,4.6,4.4,8.4,8.7,4.8,5.4,1.6,1.3,0.0,0.0,105.10416666666667,1.8,1.3,1.2,1.2,0.4,1.0,14.6,12.6,3.4,3.4,11.4,9.7,4.8,4.7,1.8,1.1,0.0,0.0,1.6,0.9,2.2,1.8,1.4,1.9,1.4,1.6,1.4,1.5,1.4,1.3,-1.0,0.40000000000000013
296,2020-06-20 19:45:00,E0,20/06/2020,19:45,Bournemouth,Crystal Palace,0,2,A,0,2,A,S Attwell,12,7,1,2,13,15,11,4,3,2,0,0,2.45,3.2,3.0,2.45,3.3,2.95,2.5,3.2,2.95,2.55,3.32,3.04,2.5,3.2,3.0,2.5,3.25,3.0,2.6,3.38,3.2,2.51,3.24,2.98,2.1,1.72,2.19,1.77,2.22,1.81,2.12,1.73,-0.25,2.1,1.7,2.17,1.79,2.18,1.81,2.13,1.76,2.7,3.1,2.75,2.5,3.1,3.1,2.75,3.05,2.8,2.85,3.13,2.85,2.7,3.1,2.8,2.7,3.1,2.88,2.88,3.2,3.2,2.71,3.09,2.87,2.3,1.61,2.39,1.65,2.47,1.69,2.32,1.62,0.0,1.95,1.98,1.96,1.96,1.99,2.12,1.9,1.98,0.39840637450199207,0.30864197530864196,0.33557046979865773,0.3821208355430317,0.29602570901636094,0.32185345544060723,105.30208333333333,0.8,0.7,1.2,0.9,2.0,2.1,10.6,9.3,4.2,3.2,9.4,9.2,3.2,3.5,1.8,1.7,0.2,0.2,105.19791666666667,1.8,1.3,0.8,0.9,0.8,1.1,12.6,9.7,4.0,3.1,11.4,10.6,7.4,4.9,2.2,1.8,0.0,0.0,1.6,1.2,1.6,1.0,1.6,1.4,1.2,1.1,1.2,1.0,1.4,1.2,-1.0,0.3999999999999999
297,2020-06-21 14:00:00,E0,21/06/2020,14:00,Newcastle,Sheffield United,3,0,H,0,0,D,D Coote,12,7,8,1,9,10,2,4,2,0,0,1,3.3,3.1,2.37,3.3,3.2,2.3,3.3,3.05,2.35,3.39,3.16,2.43,3.3,3.1,2.35,3.4,3.0,2.38,3.45,3.25,2.55,3.31,3.1,2.38,2.5,1.53,2.57,1.58,2.63,1.61,2.46,1.55,0.25,1.89,2.04,1.87,2.06,1.93,2.06,1.85,2.02,3.3,3.0,2.4,3.3,3.0,2.4,3.3,2.95,2.45,3.31,3.13,2.5,3.3,3.0,2.4,3.4,3.0,2.45,3.48,3.15,2.53,3.32,3.03,2.43,2.75,1.44,2.91,1.47,2.98,1.52,2.77,1.45,0.25,1.82,2.11,1.83,2.11,1.86,2.2,1.83,2.07,0.3021148036253776,0.3225806451612903,0.42016806722689076,0.28914283922748935,0.3087299347880612,0.4021272259844495,105.95833333333333,1.0,1.0,0.2,0.6,1.0,1.3,13.6,11.3,4.0,3.2,11.2,10.8,7.6,5.4,3.0,2.3,0.2,0.1,3.8333333333333335,2.2,1.5,1.0,0.7,0.4,0.8,11.0,9.5,3.4,2.7,10.8,10.5,7.8,6.5,1.0,1.3,0.0,0.0,1.0,1.6,0.4,1.0,1.0,1.0,1.0,1.4,0.4,0.8,1.0,0.9,-1.2000000000000002,-0.8
298,2020-06-21 16:15:00,E0,21/06/2020,16:15,Aston Villa,Chelsea,1,2,A,1,0,H,P Tierney,8,19,4,5,9,17,2,10,2,1,0,0,6.0,4.5,1.5,5.75,4.1,1.57,5.9,4.45,1.53,6.23,4.72,1.53,6.0,4.6,1.5,6.5,4.4,1.5,6.5,4.9,1.57,6.0,4.5,1.53,1.57,2.37,1.6,2.51,1.65,2.52,1.59,2.38,1.0,2.07,1.86,2.1,1.84,2.11,1.89,2.03,1.85,6.75,4.75,1.44,6.5,4.5,1.48,7.0,4.5,1.45,7.25,4.61,1.49,7.0,4.6,1.44,7.5,4.5,1.45,7.8,4.83,1.51,7.0,4.59,1.47,1.72,2.1,1.78,2.18,1.78,2.27,1.7,2.18,1.25,1.84,2.09,1.83,2.11,1.92,2.12,1.83,2.06,0.16666666666666666,0.2222222222222222,0.6535947712418301,0.15987460815047022,0.213166144200627,0.6269592476489029,3.9270833333333335,0.2,0.8,0.6,0.9,2.2,2.3,11.6,11.1,3.4,3.4,13.4,11.5,7.6,5.7,2.2,2.0,0.0,0.0,105.09375,1.6,1.6,2.0,1.8,1.4,1.2,16.2,16.6,5.6,5.7,10.4,11.8,7.6,8.1,2.0,2.0,0.0,0.0,1.4,1.3,1.2,1.3,2.0,2.0,1.2,1.5,1.4,1.7,1.4,1.5,-1.4000000000000001,-1.4
299,2020-06-21 19:00:00,E0,21/06/2020,19:00,Everton,Liverpool,0,0,D,0,0,D,M Dean,9,10,3,3,15,12,1,6,2,2,0,0,6.0,4.2,1.55,5.5,4.25,1.57,5.5,4.2,1.57,5.9,4.37,1.6,5.8,4.2,1.57,5.75,4.2,1.57,6.05,4.4,1.64,5.66,4.23,1.59,1.66,2.2,1.68,2.33,1.73,2.35,1.66,2.23,1.0,1.9,2.03,1.92,2.01,1.95,2.04,1.88,2.0,5.75,3.9,1.61,5.5,4.0,1.62,5.7,4.0,1.6,6.04,4.05,1.63,5.8,3.9,1.6,5.75,4.0,1.62,6.45,4.1,1.68,5.75,3.97,1.62,1.87,2.03,1.86,2.06,1.92,2.16,1.81,2.02,1.0,1.75,2.05,1.82,2.13,1.89,2.19,1.8,2.09,0.17667844522968199,0.23640661938534277,0.6289308176100629,0.16955446480566924,0.22687429569742026,0.6035712394969106,105.20833333333333,1.4,1.5,1.8,1.6,2.2,1.7,12.4,13.3,4.8,5.2,11.6,11.5,5.0,5.5,2.2,2.0,0.2,0.1,106.27083333333333,2.4,2.7,2.0,1.9,1.2,0.7,15.8,15.3,5.8,5.9,8.4,7.9,8.6,7.6,0.4,0.6,0.0,0.0,2.2,1.9,1.6,1.4,0.8,0.8,2.4,2.5,1.2,1.8,0.8,0.7,-1.0,-0.19999999999999996
300,2020-06-22 20:00:00,E0,22/06/2020,20:00,Man City,Burnley,5,0,H,3,0,H,A Marriner,19,1,7,0,8,7,3,1,1,1,0,0,1.12,9.0,15.0,1.15,9.0,15.0,1.13,8.6,18.5,1.13,9.32,20.02,1.11,9.0,23.0,1.11,9.0,26.0,1.16,10.0,26.0,1.13,8.97,19.85,1.33,3.4,1.32,3.59,1.36,3.62,1.32,3.35,-2.5,2.06,1.87,2.05,1.85,2.1,1.9,2.04,1.84,1.12,9.0,23.0,1.15,8.5,16.5,1.2,7.0,13.0,1.13,9.76,28.4,1.11,9.0,23.0,1.13,9.0,23.0,1.2,10.75,30.0,1.14,8.85,21.48,1.5,2.62,1.5,2.8,1.53,2.85,1.48,2.67,-2.25,1.93,2.0,1.93,1.99,1.98,2.03,1.93,1.95,0.8849557522123894,0.11148272017837234,0.05037783375314861,0.8453782645708335,0.10649692742085193,0.04812480800831445,4.989583333333333,1.8,2.2,1.2,1.9,0.8,0.8,16.6,18.0,6.6,6.7,9.4,9.7,7.0,7.7,1.6,1.4,0.2,0.1,107.10416666666667,1.8,1.5,1.2,1.1,0.4,1.0,13.8,11.7,5.4,3.8,10.6,10.7,5.0,4.7,3.0,2.6,0.0,0.0,2.6,2.5,2.2,2.2,0.6,0.8,1.4,1.3,0.8,0.9,1.0,1.5,0.0,0.0
301,2020-06-23 18:00:00,E0,23/06/2020,18:00,Leicester,Brighton,0,0,D,0,0,D,L Mason,11,10,2,2,10,13,6,7,2,2,0,0,1.6,4.0,5.75,1.65,3.9,5.25,1.65,3.8,5.4,1.64,4.07,5.8,1.62,3.9,5.8,1.62,3.9,6.0,1.68,4.15,6.15,1.64,3.97,5.64,1.9,1.9,1.98,1.92,2.04,1.96,1.95,1.88,-0.75,1.81,2.09,1.83,2.1,1.86,2.12,1.82,2.07,1.61,3.9,5.75,1.6,4.0,5.75,1.65,3.8,5.4,1.65,3.99,6.02,1.6,3.9,5.8,1.6,4.0,6.0,1.66,4.25,6.25,1.62,3.94,5.86,2.0,1.8,2.05,1.88,2.11,1.92,1.99,1.84,-1.0,2.02,1.77,2.15,1.8,2.17,1.85,2.1,1.79,0.6097560975609756,0.2518891687657431,0.1773049645390071,0.5868963492629328,0.24244584705068256,0.17065780368638472,3.2291666666666665,1.0,1.2,1.0,1.6,0.6,1.0,13.6,14.1,3.8,5.4,13.4,12.2,5.2,4.9,1.4,1.1,0.2,0.1,3.125,1.2,0.9,0.8,1.0,0.8,1.3,11.6,13.3,3.6,4.1,8.6,9.0,4.6,4.8,2.0,1.8,0.0,0.0,1.4,1.7,2.2,1.8,1.2,1.2,0.6,0.7,1.0,1.1,1.6,1.7,-0.19999999999999996,0.19999999999999996
302,2020-06-23 20:15:00,E0,23/06/2020,20:15,Tottenham,West Ham,2,0,H,0,0,D,C Pawson,15,10,4,2,12,7,9,4,2,2,0,0,1.66,4.0,5.0,1.65,4.1,5.0,1.65,3.9,5.2,1.68,4.12,5.22,1.65,3.9,5.25,1.67,4.0,5.25,1.71,4.15,5.65,1.67,4.01,5.21,1.8,2.0,1.82,2.09,1.87,2.14,1.79,2.05,-0.75,1.87,2.03,1.89,2.03,1.9,2.08,1.86,2.03,1.55,4.2,6.0,1.6,4.0,5.75,1.65,3.9,5.2,1.56,4.19,6.86,1.53,4.2,6.5,1.53,4.2,6.5,1.65,4.45,7.08,1.56,4.16,6.29,1.8,2.0,1.86,2.06,1.88,2.13,1.8,2.03,-1.0,1.94,1.96,1.98,1.94,2.05,2.05,1.95,1.94,0.5988023952095809,0.24937655860349128,0.19193857965451055,0.5757064715689111,0.23975805673817496,0.18453547169291393,4.0,1.0,1.2,1.6,1.2,1.8,1.2,12.8,12.3,4.6,4.3,12.8,10.9,5.6,5.3,1.8,1.8,0.0,0.0,3.1145833333333335,0.6,0.5,1.0,1.0,1.8,2.0,9.0,8.9,3.8,3.9,8.4,9.2,5.0,5.0,1.6,1.3,0.0,0.0,1.4,1.7,1.4,1.8,1.2,1.2,0.0,0.6,0.6,0.6,2.2,1.8,0.4,0.6000000000000001
303,2020-06-24 18:00:00,E0,24/06/2020,18:00,Man United,Sheffield United,3,0,H,2,0,H,A Taylor,15,4,6,1,10,6,10,5,1,0,0,0,1.4,4.5,8.5,1.42,4.5,8.0,1.41,4.4,8.5,1.4,4.47,9.32,1.42,4.2,9.0,1.44,4.2,9.0,1.5,4.6,9.6,1.43,4.39,8.62,2.0,1.8,2.04,1.85,2.1,1.91,2.0,1.83,-1.25,2.06,1.84,2.06,1.84,2.08,1.91,2.03,1.85,1.33,5.0,9.5,1.36,4.75,9.75,1.37,5.0,8.0,1.37,5.0,10.32,1.35,4.8,9.5,1.36,4.8,10.0,1.4,5.3,11.25,1.37,4.85,9.61,1.9,1.9,1.92,2.0,1.96,2.05,1.89,1.94,-1.25,1.9,2.0,1.93,1.99,1.95,2.08,1.88,2.0,0.6993006993006994,0.22779043280182235,0.1160092807424594,0.6704059270702494,0.21837824048074184,0.11121583244900889,4.90625,2.2,1.5,1.8,1.3,0.4,0.8,13.6,13.9,5.8,5.5,11.4,12.5,5.4,4.9,2.0,1.6,0.0,0.0,3.1666666666666665,1.6,1.5,0.8,0.7,1.0,0.9,10.4,9.4,3.0,2.8,9.8,10.9,7.6,6.4,0.6,1.2,0.2,0.1,2.0,2.1,1.8,2.1,0.4,0.8,1.0,1.3,0.4,0.7,1.2,1.1,0.6000000000000001,1.0
304,2020-06-24 18:00:00,E0,24/06/2020,18:00,Newcastle,Aston Villa,1,1,D,0,0,D,C Kavanagh,13,14,3,2,15,13,6,9,2,2,0,0,2.3,3.3,3.2,2.3,3.3,3.25,2.3,3.3,3.15,2.35,3.39,3.22,2.3,3.3,3.2,2.38,3.3,3.2,2.42,3.5,3.32,2.33,3.33,3.17,2.1,1.72,2.15,1.78,2.19,1.83,2.09,1.76,-0.25,2.02,1.88,2.03,1.9,2.04,1.92,2.01,1.87,2.3,3.3,3.2,2.35,3.3,3.1,2.35,3.4,3.05,2.4,3.45,3.17,2.25,3.5,3.1,2.38,3.4,3.1,2.45,3.6,3.25,2.36,3.36,3.12,1.9,1.9,1.96,1.95,2.12,1.99,1.96,1.87,-0.25,2.05,1.85,2.06,1.87,2.09,1.9,2.04,1.85,0.4291845493562232,0.3003003003003003,0.31545741324921134,0.41072561096606763,0.2873845866519332,0.3018898023819992,3.1666666666666665,1.4,1.3,0.8,0.8,1.0,1.1,13.0,10.5,4.6,3.5,11.0,10.4,6.4,5.1,3.0,2.3,0.2,0.1,3.0729166666666665,0.2,0.8,0.6,1.0,2.2,2.2,9.6,10.8,3.2,3.6,12.2,11.5,6.4,5.6,2.0,2.1,0.0,0.0,1.6,1.8,0.8,1.2,0.6,0.9,0.8,0.5,0.8,0.8,2.0,2.1,1.2,0.20000000000000007
305,2020-06-24 18:00:00,E0,24/06/2020,18:00,Norwich,Everton,0,1,A,0,0,D,A Madley,9,12,1,5,8,13,6,5,0,1,0,0,3.9,3.6,1.9,3.75,3.7,1.95,3.95,3.65,1.9,4.06,3.76,1.93,4.0,3.6,1.91,4.0,3.6,1.95,4.25,3.8,2.0,3.94,3.66,1.94,1.8,2.0,1.87,2.05,1.88,2.1,1.82,2.01,0.5,1.95,1.95,1.99,1.93,1.99,1.99,1.94,1.93,4.5,3.6,1.83,4.33,3.6,1.85,4.25,3.5,1.87,4.48,3.62,1.91,4.5,3.5,1.83,4.5,3.5,1.87,4.86,3.78,1.92,4.42,3.57,1.87,1.9,1.9,2.03,1.89,2.07,1.92,1.98,1.85,0.5,2.01,1.89,2.02,1.91,2.05,1.93,2.0,1.87,0.25380710659898476,0.27322404371584696,0.5154639175257733,0.2434612061280191,0.2620866535913648,0.4944521402806162,5.0,0.6,0.8,0.2,0.4,1.6,1.5,8.6,11.3,3.4,3.5,8.2,9.2,4.6,4.6,1.2,1.5,0.0,0.1,2.9583333333333335,1.0,1.3,1.2,1.4,1.8,1.6,11.8,12.0,4.4,4.6,11.8,11.7,4.4,4.8,2.2,2.0,0.0,0.1,1.4,0.9,0.6,0.9,1.0,1.5,0.8,1.1,1.4,1.5,2.4,2.2,-0.4,-1.0
306,2020-06-24 18:00:00,E0,24/06/2020,18:00,Wolves,Bournemouth,1,0,H,0,0,D,M Oliver,10,4,2,0,11,11,6,4,3,3,0,0,1.55,4.0,6.0,1.57,4.1,6.0,1.57,3.95,6.0,1.6,4.09,6.21,1.55,4.0,6.5,1.57,3.9,6.5,1.63,4.25,6.65,1.58,4.03,6.11,2.1,1.72,2.16,1.78,2.16,1.86,2.07,1.77,-1.0,2.08,1.82,2.1,1.83,2.12,1.91,2.06,1.83,1.55,4.0,6.0,1.57,3.9,6.5,1.57,3.8,6.7,1.59,3.83,7.43,1.55,3.9,7.0,1.57,3.75,7.0,1.63,4.11,7.5,1.57,3.87,6.76,2.3,1.61,2.35,1.68,2.41,1.7,2.29,1.64,-1.0,2.07,1.83,2.09,1.85,2.12,1.92,2.05,1.84,0.6329113924050632,0.24813895781637715,0.1636661211129296,0.6058212058212058,0.23751799136414523,0.15666080281464898,4.020833333333333,2.2,1.6,1.6,1.4,0.4,0.9,13.8,12.6,4.0,3.8,9.8,10.1,5.0,4.8,1.6,1.2,0.0,0.0,3.9270833333333335,0.2,0.7,0.8,0.9,2.2,2.1,9.8,9.5,3.2,3.1,10.0,9.4,5.2,4.4,2.2,1.8,0.0,0.2,1.2,1.6,1.0,1.4,0.6,0.9,0.0,0.3,0.4,0.6,2.4,2.0,2.0,0.8
307,2020-06-24 20:15:00,E0,24/06/2020,20:15,Liverpool,Crystal Palace,4,0,H,2,0,H,M Atkinson,21,3,7,0,7,5,6,0,0,0,0,0,1.22,6.5,13.0,1.22,6.25,14.0,1.26,5.7,12.0,1.25,6.42,13.96,1.22,6.0,15.0,1.25,6.0,13.0,1.27,6.61,16.0,1.24,6.13,13.09,1.66,2.2,1.73,2.23,1.77,2.28,1.69,2.19,-1.5,1.8,2.0,1.88,2.05,1.91,2.12,1.82,2.07,1.25,5.75,12.0,1.28,5.75,11.0,1.33,5.3,8.8,1.3,5.85,11.67,1.27,5.8,12.0,1.29,5.5,12.0,1.33,6.5,14.0,1.28,5.78,11.79,1.66,2.2,1.74,2.24,1.76,2.34,1.7,2.19,-1.5,1.92,1.98,1.95,1.97,1.96,2.17,1.88,2.0,0.8064516129032259,0.1631321370309951,0.07639419404125286,0.7710025030146673,0.15596135460655586,0.07303614237877673,3.0520833333333335,2.0,2.5,1.2,1.7,1.2,0.7,14.6,14.4,4.6,5.5,9.0,8.6,8.6,7.4,0.8,0.8,0.0,0.0,4.020833333333333,2.4,1.5,1.2,1.0,0.6,1.0,11.4,9.9,3.8,3.1,12.6,11.4,6.4,4.9,2.0,1.8,0.0,0.0,3.0,3.0,2.6,2.6,0.6,0.7,1.6,1.3,1.4,1.0,1.2,1.0,-0.3999999999999999,0.0
308,2020-06-25 18:00:00,E0,25/06/2020,18:00,Burnley,Watford,1,0,H,0,0,D,M Dean,9,10,5,4,13,15,1,7,1,0,0,0,3.0,3.25,2.45,2.95,3.2,2.5,3.0,3.2,2.5,3.09,3.25,2.51,3.0,3.2,2.45,3.0,3.2,2.5,3.18,3.3,2.59,3.02,3.22,2.48,2.2,1.66,2.26,1.71,2.3,1.76,2.18,1.7,0.0,2.1,1.8,2.18,1.77,2.2,1.83,2.12,1.78,3.5,3.3,2.15,3.2,3.2,2.35,3.55,3.15,2.2,3.72,3.33,2.2,3.6,3.25,2.15,3.75,3.1,2.2,3.86,3.37,2.33,3.59,3.2,2.22,2.5,1.53,2.55,1.58,2.67,1.6,2.51,1.54,0.25,2.03,1.87,2.05,1.88,2.07,1.95,1.99,1.89,0.33112582781456956,0.3105590062111801,0.40322580645161293,0.3168939189510944,0.2972110668423308,0.3858950142065747,2.9166666666666665,1.6,1.5,1.2,1.1,1.4,1.3,11.0,11.0,5.0,3.7,10.4,9.7,4.2,4.3,3.0,2.3,0.0,0.0,5.229166666666667,1.0,1.2,1.0,1.3,1.2,1.2,8.8,10.5,3.4,3.2,13.0,13.8,4.0,3.9,1.4,1.7,0.0,0.1,1.6,1.4,1.4,1.2,0.8,1.2,0.8,0.8,1.0,0.9,1.4,1.4,0.6000000000000001,0.19999999999999996
309,2020-06-25 18:00:00,E0,25/06/2020,18:00,Southampton,Arsenal,0,2,A,0,1,A,G Scott,12,10,3,5,10,14,4,6,0,2,1,0,2.6,3.5,2.62,2.65,3.4,2.65,2.6,3.45,2.65,2.69,3.53,2.67,2.6,3.5,2.62,2.63,3.5,2.63,2.75,3.65,2.8,2.64,3.47,2.65,1.8,2.0,1.83,2.1,1.87,2.13,1.8,2.03,0.0,1.94,1.96,1.97,1.96,1.99,2.0,1.93,1.94,2.62,3.5,2.55,2.6,3.5,2.6,2.6,3.5,2.65,2.7,3.65,2.65,2.7,3.5,2.55,2.63,3.5,2.63,2.84,3.68,2.72,2.66,3.52,2.63,1.72,2.1,1.8,2.14,1.9,2.21,1.75,2.1,0.0,1.93,1.97,1.98,1.94,2.02,1.99,1.95,1.93,0.3787878787878788,0.2881844380403458,0.37735849056603776,0.36270870887453993,0.27595129435988053,0.36133999676557943,6.0,1.2,1.5,1.4,1.4,1.2,1.4,15.2,14.7,5.0,5.3,12.2,14.0,6.8,6.4,1.0,1.7,0.2,0.1,5.125,1.8,1.6,1.8,1.5,1.4,1.1,9.8,9.2,3.8,3.5,10.6,11.2,5.2,4.7,1.0,1.5,0.2,0.3,1.2,1.3,1.2,1.2,1.2,1.2,0.6,0.9,0.8,1.0,1.6,1.4,-0.6000000000000001,-0.40000000000000013
310,2020-06-25 20:15:00,E0,25/06/2020,20:15,Chelsea,Man City,2,1,H,1,0,H,S Attwell,15,11,10,2,13,3,5,7,1,1,0,1,4.0,4.0,1.8,4.1,4.0,1.8,4.15,4.0,1.8,4.1,4.24,1.82,4.2,4.0,1.78,4.4,4.0,1.75,4.4,4.25,1.87,4.14,4.07,1.8,1.61,2.3,1.66,2.36,1.7,2.41,1.63,2.29,0.75,1.85,2.05,1.87,2.06,1.91,2.06,1.85,2.02,4.2,4.0,1.8,4.33,4.1,1.75,4.15,3.85,1.8,4.29,3.96,1.85,4.33,3.9,1.78,4.33,3.7,1.85,4.45,4.42,1.98,4.2,3.93,1.82,1.72,2.1,1.84,2.09,1.85,3.0,1.75,2.1,0.75,1.77,2.02,1.83,2.12,1.86,2.16,1.82,2.07,0.24154589371980678,0.24570024570024568,0.5555555555555556,0.23163166581298733,0.23561550281714186,0.5327528313698708,4.166666666666667,2.0,1.6,2.0,1.8,1.2,1.2,18.6,17.2,6.0,5.8,11.0,11.6,8.4,8.8,1.8,1.7,0.0,0.0,3.0104166666666665,2.4,2.2,2.2,2.2,0.4,0.8,16.8,18.3,7.0,7.0,8.2,10.0,6.4,7.2,1.2,1.4,0.0,0.1,2.0,1.6,2.2,1.5,1.0,1.0,1.8,1.6,1.6,2.0,1.0,1.4,-0.3999999999999999,-0.20000000000000018
311,2020-06-27 12:30:00,E0,27/06/2020,12:30,Aston Villa,Wolves,0,1,A,0,0,D,C Pawson,11,9,1,2,16,16,2,2,1,1,0,0,4.6,3.7,1.75,4.75,3.6,1.78,4.8,3.65,1.77,4.98,3.81,1.76,4.8,3.7,1.75,5.0,3.6,1.8,5.1,3.92,1.82,4.79,3.68,1.78,2.1,1.72,2.13,1.8,2.2,1.84,2.08,1.76,0.75,1.86,2.04,1.91,2.02,1.91,2.08,1.85,2.01,4.5,3.5,1.85,4.5,3.4,1.87,4.2,3.1,1.85,4.61,3.48,1.93,4.5,3.4,1.88,4.6,3.3,1.93,4.86,3.6,1.97,4.49,3.42,1.9,2.5,1.53,2.58,1.57,2.6,1.64,2.44,1.56,0.5,1.97,1.93,2.0,1.93,2.03,1.99,1.96,1.91,0.20876826722338204,0.2717391304347826,0.5617977528089888,0.20029476696897608,0.2607097646145096,0.5389954684165144,2.7708333333333335,0.4,0.6,0.4,0.9,1.8,2.2,8.8,11.1,2.8,3.2,12.4,11.8,5.8,6.1,2.0,2.2,0.0,0.0,2.7708333333333335,2.6,1.9,1.8,1.4,0.4,0.7,12.8,12.0,3.8,3.6,9.4,10.6,4.8,4.7,1.8,1.4,0.0,0.0,0.8,1.0,1.2,1.2,2.4,2.1,2.0,1.8,1.8,1.6,1.2,1.2,-2.2,-1.4
312,2020-06-28 16:30:00,E0,28/06/2020,16:30,Watford,Southampton,1,3,A,0,1,A,M Oliver,8,11,0,7,18,9,5,3,3,0,0,0,2.5,3.3,2.87,2.5,3.3,2.9,2.5,3.3,2.9,2.51,3.39,2.96,2.45,3.3,2.9,2.5,3.3,2.9,2.6,3.42,3.1,2.49,3.32,2.92,2.0,1.8,2.06,1.86,2.1,1.91,2.0,1.83,0.0,1.8,2.1,1.81,2.13,1.86,2.16,1.8,2.09,2.4,3.25,3.1,2.35,3.3,3.1,2.35,3.2,3.2,2.41,3.28,3.31,2.35,3.2,3.2,2.38,3.2,3.25,2.49,3.34,3.4,2.38,3.23,3.2,2.2,1.66,2.28,1.71,2.34,1.75,2.21,1.68,-0.25,2.04,1.86,2.05,1.88,2.08,1.9,2.03,1.85,0.4016064257028112,0.30120481927710846,0.3424657534246575,0.38421052631578945,0.28815789473684217,0.32763157894736844,2.9375,0.8,0.9,0.8,1.1,1.2,1.2,9.8,10.6,3.8,3.3,13.6,14.1,5.0,4.2,1.0,1.4,0.0,0.0,2.9375,1.2,1.2,1.2,1.3,1.2,1.6,15.6,14.7,5.2,5.3,12.6,12.9,6.8,6.2,0.6,1.4,0.4,0.2,1.6,1.5,1.6,1.4,1.0,1.0,1.8,1.6,1.6,1.7,1.6,1.5,-0.3999999999999999,-0.3999999999999999
313,2020-06-29 20:00:00,E0,29/06/2020,20:00,Crystal Palace,Burnley,0,1,A,0,0,D,S Hooper,17,8,4,4,12,13,9,1,1,1,0,0,2.25,3.2,3.4,2.25,3.2,3.4,2.3,3.1,3.35,2.37,3.18,3.41,2.3,3.2,3.3,2.25,3.1,3.5,2.42,3.32,3.55,2.29,3.16,3.41,2.5,1.53,2.56,1.57,2.63,1.61,2.42,1.57,-0.25,1.97,1.93,2.02,1.91,2.02,1.97,1.95,1.92,2.0,3.2,4.2,1.95,3.25,4.4,2.0,3.1,4.3,2.06,3.18,4.5,2.0,3.1,4.33,2.05,3.1,4.33,2.11,3.3,4.56,2.02,3.17,4.31,2.62,1.5,2.83,1.5,2.83,1.56,2.68,1.48,-0.5,2.06,1.87,2.06,1.88,2.11,1.88,2.04,1.84,0.4366812227074236,0.3164556962025316,0.29325513196480935,0.41732085248771345,0.3024255544926784,0.2802535930196081,4.989583333333333,2.4,1.4,1.0,0.9,0.8,1.3,10.0,9.0,3.4,2.8,11.2,11.0,5.2,4.4,1.8,1.8,0.0,0.0,4.083333333333333,1.6,1.8,1.0,1.1,1.2,1.1,11.0,9.9,4.8,4.1,10.8,9.8,3.8,3.6,2.8,2.3,0.0,0.0,1.4,1.4,0.6,0.8,0.8,1.0,1.4,1.3,0.8,0.8,1.8,1.8,0.7999999999999998,0.0
314,2020-06-30 20:15:00,E0,30/06/2020,20:15,Brighton,Man United,0,3,A,0,2,A,A Marriner,8,12,2,6,10,9,4,5,0,1,0,0,6.0,3.8,1.61,6.0,3.8,1.62,6.1,3.85,1.6,6.61,3.92,1.62,6.5,3.9,1.57,7.0,3.9,1.57,7.0,4.1,1.64,6.31,3.85,1.61,2.1,1.72,2.15,1.79,2.19,1.83,2.1,1.76,1.0,1.85,2.08,1.85,2.08,1.88,2.14,1.82,2.08,6.5,4.2,1.53,6.75,4.2,1.5,6.7,4.05,1.53,7.42,4.14,1.54,7.0,4.0,1.52,7.5,4.0,1.53,7.6,4.33,1.57,6.82,4.12,1.53,2.0,1.8,2.08,1.85,2.13,1.92,2.01,1.82,1.0,1.97,1.96,1.98,1.94,2.02,1.99,1.95,1.93,0.1584786053882726,0.2597402597402597,0.6211180124223602,0.1524804986826925,0.249909596542283,0.5976099047750246,7.09375,1.2,0.9,0.6,0.9,0.6,1.2,11.6,12.7,3.6,3.8,9.4,9.5,5.4,5.0,2.0,1.8,0.0,0.0,6.09375,2.2,1.8,2.0,1.6,0.4,0.6,14.8,14.4,6.4,5.7,11.2,12.0,5.8,5.5,1.6,1.7,0.0,0.0,1.2,1.3,1.0,1.1,1.0,1.0,1.0,1.2,0.8,1.1,1.2,1.3,-1.0000000000000002,-1.4
315,2020-07-01 18:00:00,E0,01/07/2020,18:00,Arsenal,Norwich,4,0,H,2,0,H,P Bankes,13,8,8,2,10,10,6,2,1,4,0,0,1.44,4.75,7.0,1.45,4.75,6.5,1.45,4.65,6.9,1.46,4.85,7.42,1.42,4.6,8.0,1.44,4.6,7.5,1.48,4.9,8.2,1.44,4.69,7.23,1.72,2.1,1.74,2.24,1.77,2.28,1.7,2.18,-1.25,2.06,1.87,2.07,1.86,2.09,1.92,2.02,1.86,1.45,4.75,6.5,1.42,5.0,6.75,1.4,4.85,7.6,1.47,4.89,7.05,1.42,4.75,7.5,1.44,4.75,7.5,1.48,5.15,7.8,1.45,4.83,6.97,1.57,2.37,1.63,2.46,1.66,2.53,1.6,2.36,-1.25,2.03,1.9,2.05,1.88,2.07,1.95,2.0,1.89,0.6944444444444444,0.21321961620469082,0.1383125864453665,0.6639196452171869,0.20384739639930688,0.1322329583835061,6.0,1.8,1.6,1.4,1.5,1.4,1.1,8.8,9.2,3.4,3.6,10.4,11.5,5.4,5.2,1.0,1.5,0.2,0.3,7.0,0.6,0.7,0.2,0.3,1.6,1.5,9.4,10.7,3.4,3.2,8.8,8.8,5.4,5.0,1.0,1.0,0.0,0.1,2.6,1.5,2.2,1.6,0.6,1.3,0.2,0.5,0.2,0.5,2.0,1.6,1.2000000000000002,1.2
316,2020-07-01 18:00:00,E0,01/07/2020,18:00,Bournemouth,Newcastle,1,4,A,0,2,A,K Friend,12,12,1,7,11,10,6,3,2,0,0,0,2.4,3.1,3.2,2.3,3.25,3.2,2.4,3.1,3.15,2.47,3.23,3.25,2.38,3.2,3.2,2.4,3.1,3.3,2.51,3.3,3.32,2.4,3.16,3.21,2.37,1.57,2.49,1.61,2.52,1.65,2.38,1.59,-0.25,2.08,1.85,2.1,1.84,2.1,1.88,2.05,1.83,2.15,3.2,3.75,2.4,3.0,3.3,2.15,3.15,3.7,2.2,3.22,3.88,2.15,3.1,3.75,2.2,3.13,3.75,2.28,3.34,3.94,2.19,3.17,3.72,2.37,1.57,2.47,1.62,2.52,1.65,2.4,1.58,-0.25,1.85,2.08,1.87,2.07,1.88,2.1,1.85,2.03,0.4166666666666667,0.3164556962025316,0.3115264797507788,0.3988581135280517,0.3029302128061152,0.298211673665833,7.0,0.2,0.7,0.6,0.9,2.0,1.8,8.6,9.6,2.8,2.9,10.6,9.3,5.2,4.6,2.4,1.9,0.0,0.2,7.0,1.6,1.4,1.0,0.9,0.4,0.9,13.6,11.3,4.8,3.6,12.2,11.1,6.4,5.3,3.4,2.4,0.2,0.1,1.4,1.1,1.4,1.0,1.8,1.6,1.0,1.1,0.8,1.0,1.6,1.7,-1.4000000000000001,-0.4
317,2020-07-01 18:00:00,E0,01/07/2020,18:00,Everton,Leicester,2,1,H,2,0,H,D Coote,7,15,2,3,13,10,3,5,1,1,0,0,2.5,3.3,2.9,2.5,3.3,2.85,2.5,3.25,2.85,2.59,3.36,2.96,2.55,3.25,2.88,2.55,3.25,2.9,2.64,3.42,3.05,2.54,3.28,2.9,2.1,1.72,2.16,1.79,2.2,1.84,2.08,1.76,0.0,1.82,2.11,1.84,2.1,1.88,2.14,1.81,2.08,2.55,3.25,2.87,2.55,3.2,2.9,2.55,3.15,2.9,2.64,3.25,2.99,2.55,3.2,2.9,2.6,3.2,2.9,2.7,3.32,3.02,2.58,3.21,2.9,2.2,1.66,2.28,1.71,2.34,1.75,2.22,1.68,0.0,1.84,2.09,1.85,2.09,1.9,2.14,1.83,2.06,0.39370078740157477,0.3048780487804878,0.3448275862068966,0.3773225647779382,0.29219491296828143,0.3304825222537804,7.0,1.0,1.6,0.8,1.4,1.6,1.4,11.4,12.5,3.8,4.9,12.2,11.9,4.6,4.7,2.4,1.7,0.0,0.1,8.0,1.0,1.0,1.0,1.3,0.6,1.0,14.0,13.5,3.6,4.6,13.4,12.0,6.4,5.0,1.4,1.2,0.0,0.1,1.8,1.7,1.4,1.2,0.8,0.8,1.0,1.7,1.0,1.6,0.8,0.9,0.0,-0.19999999999999996
318,2020-07-01 20:15:00,E0,01/07/2020,20:15,West Ham,Chelsea,3,2,H,1,1,D,M Atkinson,10,17,4,6,10,9,2,3,2,1,0,0,5.5,4.33,1.57,5.25,4.2,1.62,5.4,4.2,1.6,5.71,4.41,1.61,5.8,4.2,1.57,6.0,4.2,1.57,6.0,4.5,1.65,5.48,4.27,1.59,1.72,2.1,1.78,2.18,1.81,2.25,1.72,2.14,1.0,1.88,2.05,1.89,2.04,1.93,2.07,1.86,2.02,6.5,4.75,1.44,7.0,4.5,1.45,6.6,4.5,1.47,7.15,4.78,1.48,7.0,4.6,1.44,7.5,4.6,1.44,8.0,4.87,1.49,7.02,4.65,1.46,1.72,2.1,1.82,2.12,1.85,2.16,1.77,2.08,1.25,1.89,2.04,1.88,2.05,1.98,2.09,1.86,2.03,0.18248175182481752,0.234192037470726,0.6289308176100629,0.17452271214150392,0.22397762588652026,0.6014996619719758,8.0,0.6,0.5,1.0,1.0,1.8,2.1,10.4,9.2,4.2,3.9,8.4,9.3,5.6,5.1,1.8,1.5,0.0,0.0,6.0,2.6,1.8,2.4,1.9,1.0,1.2,18.2,17.1,7.8,6.3,11.4,11.4,7.6,9.0,1.2,1.5,0.0,0.0,1.0,0.8,1.4,1.7,1.8,2.0,1.2,1.5,1.4,1.5,1.4,1.4,-2.0,-1.4
319,2020-07-02 18:00:00,E0,02/07/2020,18:00,Sheffield United,Tottenham,3,1,H,1,0,H,C Kavanagh,7,9,5,2,13,13,1,6,2,0,0,0,4.2,3.4,1.95,4.2,3.4,1.95,4.05,3.4,1.97,4.17,3.49,2.01,4.2,3.4,1.95,4.2,3.4,1.93,4.3,3.54,2.08,4.1,3.41,1.98,2.2,1.66,2.23,1.74,2.27,1.78,2.15,1.71,0.5,1.94,1.99,1.92,2.01,1.95,2.01,1.9,1.97,4.75,3.75,1.75,4.75,3.7,1.75,4.55,3.55,1.8,4.66,3.7,1.83,4.75,3.6,1.78,4.8,3.6,1.8,5.15,3.85,1.85,4.72,3.67,1.79,2.1,1.72,2.1,1.83,2.18,1.84,2.09,1.76,0.75,1.77,2.02,1.83,2.1,1.89,2.12,1.83,2.05,0.24390243902439027,0.29325513196480935,0.5050505050505051,0.23402470642061918,0.2813786792740582,0.4845966143053225,8.0,1.0,1.5,0.4,0.7,1.4,1.0,8.0,9.5,2.0,2.7,9.0,10.7,7.0,6.5,0.2,1.2,0.2,0.1,8.90625,1.0,1.5,1.4,1.4,1.4,1.1,11.2,12.7,3.4,4.2,13.2,11.3,6.0,5.3,2.2,1.6,0.0,0.0,2.0,1.8,1.0,1.4,0.6,0.9,1.0,1.3,1.0,1.4,1.2,1.4,0.0,-0.9999999999999999
320,2020-07-02 20:15:00,E0,02/07/2020,20:15,Man City,Liverpool,4,0,H,3,0,H,A Taylor,14,11,6,3,8,7,3,3,2,2,0,0,2.05,3.9,3.3,2.05,3.8,3.3,2.05,3.8,3.3,2.08,4.01,3.42,2.05,3.8,3.3,2.1,3.75,3.3,2.14,4.32,3.52,2.07,3.85,3.32,1.57,2.37,1.6,2.52,1.64,2.55,1.57,2.42,-0.5,2.05,1.75,2.08,1.85,2.12,1.85,2.06,1.81,1.95,3.8,3.6,1.95,3.75,3.7,2.0,3.8,3.5,2.05,3.79,3.59,2.0,3.75,3.5,2.05,3.7,3.6,2.1,3.94,3.88,2.02,3.74,3.57,1.72,2.1,1.72,2.24,1.79,2.4,1.68,2.2,-0.5,2.06,1.87,2.05,1.87,2.07,1.99,2.03,1.85,0.48309178743961356,0.2597402597402597,0.30120481927710846,0.4627152574401153,0.24878456698728274,0.288500175572602,7.0,1.8,1.9,2.0,2.1,0.8,0.9,15.0,17.8,6.0,6.5,7.8,9.2,6.6,7.6,1.4,1.5,0.2,0.2,8.0,2.0,2.5,1.8,2.0,1.2,0.7,15.4,15.2,4.8,5.5,8.2,8.5,8.4,7.7,0.4,0.6,0.0,0.0,2.6,2.5,2.8,2.4,0.6,0.8,2.0,2.5,1.0,1.7,0.8,0.6,-0.19999999999999996,0.19999999999999996
321,2020-07-04 12:30:00,E0,04/07/2020,12:30,Norwich,Brighton,0,1,A,0,1,A,S Attwell,12,8,1,2,11,13,0,2,2,2,0,0,3.3,3.4,2.2,3.3,3.3,2.25,3.35,3.3,2.2,3.47,3.38,2.24,3.4,3.3,2.2,3.5,3.3,2.2,3.56,3.45,2.33,3.39,3.32,2.23,2.1,1.72,2.13,1.79,2.2,1.84,2.08,1.77,0.25,1.98,1.92,1.99,1.93,2.0,1.95,1.96,1.92,3.5,3.3,2.15,3.6,3.4,2.1,3.45,3.2,2.2,3.41,3.25,2.33,3.5,3.25,2.2,3.7,3.25,2.15,3.75,3.55,2.33,3.56,3.27,2.2,2.2,1.66,2.33,1.68,2.33,1.81,2.21,1.68,0.25,1.96,1.94,1.93,2.0,2.08,2.0,1.99,1.89,0.2949852507374631,0.30120481927710846,0.4484304932735426,0.2823850698563206,0.2883389719316045,0.4292759582120748,2.7708333333333335,0.6,0.7,0.2,0.3,1.8,1.5,9.8,10.7,3.0,3.1,9.6,9.1,5.6,5.0,1.2,1.4,0.0,0.1,3.6770833333333335,1.0,0.9,0.4,0.9,1.0,1.4,11.6,12.6,3.6,3.8,10.2,9.8,5.8,5.1,1.6,1.7,0.0,0.0,1.2,0.9,0.4,0.9,1.0,1.4,0.8,0.8,1.0,1.0,1.4,1.4,-0.4,-0.2
322,2020-07-04 15:00:00,E0,04/07/2020,15:00,Leicester,Crystal Palace,3,0,H,0,0,D,J Moss,15,7,4,1,18,8,3,7,2,1,0,0,1.66,3.6,5.75,1.65,3.6,6.0,1.67,3.6,5.6,1.68,3.66,6.08,1.65,3.6,6.0,1.67,3.6,6.0,1.72,3.8,6.5,1.68,3.63,5.84,2.2,1.66,2.3,1.69,2.34,1.76,2.21,1.69,-0.75,1.9,2.0,1.92,2.01,1.93,2.03,1.89,1.99,1.61,3.7,6.0,1.62,3.7,6.0,1.67,3.7,5.4,1.66,3.86,5.85,1.62,3.75,6.0,1.65,3.6,6.5,1.7,3.95,6.5,1.65,3.73,5.91,2.1,1.72,2.19,1.76,2.27,1.8,2.16,1.71,-0.75,1.86,2.04,1.88,2.05,1.9,2.1,1.85,2.04,0.5952380952380952,0.27548209366391185,0.17123287671232876,0.571271504333204,0.26439011770792914,0.16433837795886688,2.875,1.0,1.0,1.2,1.3,0.8,1.0,15.0,14.5,3.6,4.4,12.6,12.1,6.8,5.3,1.6,1.3,0.0,0.1,4.791666666666667,1.8,1.3,0.8,0.8,1.0,1.3,9.8,10.1,2.4,2.9,10.6,10.8,5.6,5.2,1.6,1.7,0.0,0.0,1.6,1.5,2.0,1.6,0.8,1.2,1.4,1.3,1.2,1.0,1.8,1.2,-0.8,0.3999999999999999
323,2020-07-04 15:00:00,E0,04/07/2020,15:00,Man United,Bournemouth,5,2,H,3,1,H,M Dean,19,7,10,3,13,12,8,3,0,1,0,0,1.16,7.5,17.0,1.17,7.0,18.0,1.18,7.1,16.0,1.17,7.66,18.7,1.15,7.5,19.0,1.17,7.5,20.0,1.19,8.3,21.0,1.17,7.46,17.41,1.53,2.5,1.53,2.62,1.59,2.71,1.53,2.54,-2.0,1.92,1.98,1.93,1.98,1.99,2.02,1.92,1.96,1.18,7.5,13.0,1.18,7.5,14.5,1.22,6.2,13.5,1.19,7.81,16.0,1.17,7.5,17.0,1.2,7.0,17.0,1.22,8.2,19.5,1.19,7.3,15.59,1.53,2.5,1.54,2.61,1.61,2.63,1.55,2.48,-1.75,1.82,2.08,1.81,2.11,1.85,2.16,1.8,2.09,0.8547008547008548,0.13404825737265416,0.05743825387708214,0.8169672876179812,0.12813025824571556,0.05490245413630316,3.78125,2.2,1.8,2.0,1.5,0.4,0.6,13.0,14.3,5.8,5.7,11.8,11.1,6.2,5.6,1.8,1.8,0.0,0.0,2.875,0.2,0.7,0.8,1.0,2.2,1.9,8.6,9.8,2.2,2.9,11.0,10.1,5.8,4.7,2.2,2.0,0.0,0.2,2.0,2.1,1.6,2.1,0.4,0.7,0.0,0.3,0.4,0.5,1.8,1.9,2.0,1.2
324,2020-07-04 17:30:00,E0,04/07/2020,17:30,Wolves,Arsenal,0,2,A,0,1,A,M Oliver,10,8,1,5,6,11,3,5,2,4,0,0,2.25,3.4,3.25,2.25,3.25,3.4,2.25,3.25,3.3,2.28,3.33,3.43,2.25,3.3,3.3,2.3,3.3,3.3,2.36,3.48,3.5,2.27,3.3,3.32,2.1,1.72,2.18,1.76,2.22,1.83,2.1,1.75,-0.25,1.97,1.93,1.96,1.97,2.01,2.0,1.96,1.92,2.3,3.25,3.2,2.35,3.2,3.2,2.35,3.1,3.25,2.4,3.21,3.32,2.38,3.2,3.2,2.45,3.13,3.25,2.48,3.36,3.4,2.37,3.18,3.26,2.3,1.61,2.42,1.63,2.48,1.7,2.34,1.61,-0.25,2.06,1.84,2.05,1.88,2.14,1.91,2.04,1.85,0.44052863436123346,0.30303030303030304,0.30120481927710846,0.42165382513450894,0.2900467221379804,0.2882994527275107,7.208333333333333,2.6,2.1,1.4,1.4,0.4,0.6,10.8,12.0,3.0,3.4,10.4,10.9,4.4,4.4,1.6,1.5,0.0,0.0,2.9791666666666665,1.8,1.8,1.6,1.8,1.0,1.0,9.6,9.8,4.2,4.0,10.0,10.3,5.4,5.4,1.2,1.3,0.2,0.2,1.6,1.6,1.0,1.3,0.4,0.8,1.0,1.2,1.0,1.2,1.4,1.2,0.8,-0.20000000000000018
325,2020-07-04 20:00:00,E0,04/07/2020,20:00,Chelsea,Watford,3,0,H,2,0,H,K Friend,21,7,9,3,9,12,5,3,0,2,0,0,1.4,4.75,8.0,1.42,4.5,8.0,1.45,4.55,7.4,1.43,4.6,8.69,1.38,4.6,9.0,1.44,4.6,8.0,1.46,4.9,9.3,1.43,4.61,7.96,1.72,2.1,1.79,2.15,1.82,2.21,1.73,2.13,-1.25,2.01,1.89,2.04,1.88,2.04,1.95,1.99,1.89,1.33,5.25,8.5,1.36,5.0,8.5,1.45,4.4,7.2,1.37,5.16,9.16,1.33,5.25,9.0,1.36,5.0,9.5,1.45,5.45,10.0,1.37,5.06,8.84,1.66,2.2,1.71,2.26,1.82,2.3,1.71,2.17,-1.25,1.86,2.04,1.87,2.06,1.9,2.08,1.84,2.04,0.6993006993006994,0.21691973969631234,0.12562814070351758,0.6712114533013114,0.20820658963576466,0.120581957062924,2.9895833333333335,2.0,1.5,2.4,1.8,1.4,1.5,18.2,17.0,7.6,6.1,10.4,11.6,7.6,8.3,1.2,1.6,0.0,0.0,6.145833333333333,0.8,0.6,1.0,0.9,1.2,1.5,10.0,9.6,3.4,2.7,14.2,14.6,5.0,4.2,1.4,1.6,0.0,0.0,2.0,1.6,2.0,1.5,1.2,1.1,0.2,0.5,0.4,0.7,1.6,1.5,1.2,1.4
326,2020-07-05 12:00:00,E0,05/07/2020,12:00,Burnley,Sheffield United,1,1,D,1,0,H,P Bankes,9,10,4,3,8,14,3,9,0,0,0,0,2.9,3.0,2.7,2.9,2.95,2.75,2.9,2.95,2.7,2.96,3.0,2.79,2.9,3.0,2.7,2.9,2.9,2.75,3.02,3.1,2.86,2.91,2.97,2.75,2.62,1.5,2.73,1.51,2.8,1.55,2.65,1.49,0.0,2.01,1.89,2.02,1.91,2.04,1.95,1.99,1.89,3.1,2.9,2.6,3.1,2.9,2.6,3.15,2.9,2.55,3.21,2.95,2.64,3.2,2.88,2.55,3.2,2.9,2.63,3.36,3.02,2.75,3.16,2.92,2.6,2.75,1.44,2.78,1.5,2.78,1.56,2.67,1.48,0.25,1.7,2.1,1.75,2.21,1.84,2.28,1.74,2.18,0.3436426116838488,0.33670033670033667,0.36363636363636365,0.3291661125149621,0.32251629206011434,0.3483175954249235,5.666666666666667,1.6,2.1,0.6,1.2,1.2,0.8,9.4,10.0,3.6,4.3,11.6,10.7,2.6,3.4,2.2,2.1,0.0,0.0,2.75,1.4,1.5,0.8,0.9,1.4,1.1,6.6,8.9,2.4,2.9,11.0,10.9,4.8,5.9,0.6,1.3,0.2,0.1,2.2,1.4,1.4,1.0,0.4,1.2,1.0,1.2,0.4,0.6,1.4,1.3,0.20000000000000018,-0.20000000000000007
327,2020-07-05 14:15:00,E0,05/07/2020,14:15,Newcastle,West Ham,2,2,D,1,1,D,C Pawson,11,17,4,7,9,11,6,4,0,0,0,0,2.6,3.3,2.75,2.65,3.25,2.75,2.65,3.25,2.7,2.72,3.31,2.77,2.62,3.3,2.7,2.63,3.25,2.75,2.77,3.48,2.9,2.66,3.28,2.74,2.0,1.8,2.05,1.86,2.09,1.91,2.0,1.82,0.0,1.92,1.98,1.94,1.98,1.99,2.01,1.91,1.96,2.7,3.4,2.6,2.7,3.3,2.65,2.7,3.35,2.6,2.75,3.43,2.66,2.75,3.3,2.6,2.75,3.4,2.63,2.82,3.52,2.8,2.73,3.36,2.65,1.9,1.9,1.96,1.96,2.0,2.05,1.9,1.92,0.0,1.99,1.91,2.0,1.93,2.03,1.98,1.98,1.9,0.37593984962406013,0.3048780487804878,0.36496350364963503,0.3594822482840275,0.291531335498632,0.34898641621734056,3.84375,2.2,1.6,1.8,1.2,0.4,0.9,14.4,12.0,5.8,4.2,12.0,10.9,6.0,5.4,2.2,2.1,0.0,0.1,3.75,1.2,0.7,1.2,1.2,1.6,2.2,11.0,9.0,4.2,3.7,8.4,9.2,4.4,4.6,1.6,1.6,0.0,0.0,1.8,1.6,1.0,1.1,0.2,0.9,0.0,0.6,0.6,0.6,2.4,1.7,1.0000000000000002,0.6000000000000001
328,2020-07-05 16:30:00,E0,05/07/2020,16:30,Liverpool,Aston Villa,2,0,H,0,0,D,P Tierney,6,9,4,3,18,8,7,5,1,1,0,0,1.33,5.5,8.5,1.34,5.5,8.25,1.35,5.3,8.0,1.35,5.51,8.94,1.32,5.5,9.0,1.33,5.5,9.0,1.38,5.9,9.8,1.35,5.45,8.4,1.5,2.62,1.5,2.77,1.51,2.77,1.49,2.62,-1.5,1.98,1.92,2.0,1.93,2.02,1.97,1.98,1.9,1.18,7.5,13.0,1.18,7.5,14.5,1.27,5.8,10.5,1.18,8.0,15.87,1.18,7.5,15.0,1.22,7.0,12.0,1.27,8.35,17.0,1.2,7.49,13.94,1.44,2.75,1.42,3.05,1.46,3.08,1.42,2.86,-2.0,2.01,1.89,1.98,1.94,2.2,1.95,1.99,1.89,0.7407407407407407,0.18348623853211007,0.11904761904761904,0.7100151215540305,0.17587530533907175,0.11410957310689775,2.84375,1.4,2.2,1.2,1.8,1.6,1.1,12.6,14.7,4.0,5.3,8.8,8.5,5.8,6.9,0.8,0.7,0.0,0.0,8.166666666666666,0.4,0.6,0.4,0.8,1.6,1.7,10.2,11.5,2.8,3.2,12.2,12.9,5.0,6.1,1.4,2.1,0.0,0.0,3.0,3.0,3.0,2.7,0.6,0.6,0.4,0.6,0.6,0.8,2.0,2.0,0.9999999999999999,0.7999999999999999
329,2020-07-05 19:00:00,E0,05/07/2020,19:00,Southampton,Man City,1,0,H,1,0,H,A Marriner,8,26,4,6,6,7,2,13,1,2,0,0,8.5,6.0,1.3,8.5,5.5,1.33,8.6,5.4,1.33,9.17,5.61,1.34,10.0,5.5,1.3,10.0,5.5,1.3,11.31,6.1,1.36,9.03,5.56,1.33,1.53,2.5,1.56,2.59,1.57,2.59,1.54,2.47,1.5,1.94,1.96,1.95,1.98,2.01,2.0,1.93,1.94,9.0,5.75,1.3,8.75,5.5,1.33,8.5,5.6,1.32,8.93,5.99,1.32,9.5,5.5,1.3,10.5,5.5,1.3,10.5,6.3,1.35,9.11,5.69,1.32,1.5,2.62,1.47,2.83,1.53,2.83,1.49,2.65,1.5,1.97,1.93,1.99,1.93,2.01,1.99,1.96,1.93,0.1107419712070875,0.1798561151079137,0.7518796992481203,0.10622957413645734,0.17252752777917443,0.7212428980843681,7.104166666666667,1.2,1.2,1.4,1.4,1.4,1.6,12.2,14.2,4.8,5.0,11.8,12.1,5.6,6.1,0.4,1.1,0.4,0.2,2.9479166666666665,1.8,1.9,2.6,1.9,0.8,0.8,14.2,17.0,5.8,5.9,7.4,8.8,5.8,7.5,1.8,1.6,0.2,0.2,0.6,1.3,1.0,1.1,1.6,1.2,1.2,1.6,0.6,2.0,1.2,1.3,-0.6000000000000001,-1.2000000000000002
330,2020-07-06 20:00:00,E0,06/07/2020,20:00,Tottenham,Everton,1,0,H,1,0,H,G Scott,12,11,2,3,14,18,5,6,3,2,0,0,2.1,3.5,3.4,2.05,3.6,3.5,2.1,3.5,3.4,2.19,3.54,3.53,2.1,3.6,3.4,2.1,3.5,3.5,2.22,3.74,3.58,2.13,3.51,3.45,1.9,1.9,1.93,1.99,1.96,2.04,1.86,1.97,-0.25,1.85,2.05,1.88,2.04,1.88,2.13,1.84,2.04,1.95,3.6,3.8,2.0,3.5,3.75,1.97,3.55,3.85,2.01,3.64,3.92,1.95,3.5,4.0,2.05,3.4,3.9,2.08,3.77,4.13,1.99,3.56,3.88,1.9,1.9,1.93,1.99,1.98,2.03,1.89,1.93,-0.5,1.97,1.93,2.01,1.92,2.02,1.98,1.98,1.9,0.4694835680751174,0.2849002849002849,0.2898550724637681,0.4495940120961005,0.2728305543489157,0.2775754335549838,4.083333333333333,1.0,1.5,1.4,1.5,1.6,1.3,12.0,12.2,3.2,4.0,13.0,12.2,6.2,5.5,1.8,1.6,0.0,0.0,5.083333333333333,1.6,1.6,0.8,1.5,1.2,1.5,9.4,11.8,3.2,4.5,12.4,12.5,4.6,4.6,1.8,1.6,0.0,0.1,2.0,1.9,1.8,1.9,1.0,1.1,1.4,1.1,1.4,1.4,2.0,2.1,-0.6000000000000001,0.5999999999999999
331,2020-07-07 18:00:00,E0,07/07/2020,18:00,Crystal Palace,Chelsea,2,3,A,1,2,A,D Coote,13,14,4,6,11,10,7,9,1,0,0,0,8.5,4.5,1.4,8.0,4.5,1.42,8.5,4.5,1.4,8.61,4.45,1.45,8.5,4.5,1.4,9.0,4.5,1.4,9.05,4.85,1.46,8.43,4.5,1.43,1.86,2.04,1.85,2.06,1.91,2.1,1.83,2.0,1.25,1.9,2.0,1.91,2.02,1.94,2.04,1.89,1.99,8.0,4.33,1.44,8.0,4.4,1.44,8.5,4.5,1.4,7.51,4.4,1.49,8.5,4.2,1.44,8.5,4.33,1.45,8.5,4.55,1.51,7.62,4.36,1.47,1.9,1.9,1.96,1.96,2.0,2.03,1.9,1.93,1.0,2.11,1.79,2.11,1.82,2.16,1.87,2.11,1.79,0.11862396204033215,0.2222222222222222,0.6993006993006994,0.11404539485227268,0.21364503968992413,0.6723095654578033,3.125,1.2,1.2,0.6,0.6,1.6,1.4,8.8,10.3,2.0,2.7,10.4,10.9,5.6,5.7,1.6,1.6,0.0,0.0,2.9166666666666665,2.4,1.8,2.6,2.1,1.0,1.4,17.8,17.2,8.2,6.6,11.2,11.1,5.8,7.8,0.8,1.5,0.0,0.0,1.2,1.4,0.4,0.8,0.8,0.9,1.0,1.2,1.6,1.5,1.8,1.6,-1.2,-2.0
332,2020-07-07 18:00:00,E0,07/07/2020,18:00,Watford,Norwich,2,1,H,1,1,D,A Taylor,9,12,4,3,11,15,4,3,2,4,0,0,1.7,3.75,5.0,1.72,3.7,5.0,1.77,3.65,4.8,1.77,3.75,5.05,1.73,3.6,5.25,1.75,3.6,5.25,1.8,3.94,5.5,1.75,3.71,5.02,2.0,1.8,2.12,1.81,2.15,1.88,2.05,1.8,-0.75,2.02,1.88,2.02,1.9,2.08,1.95,2.0,1.89,1.7,3.8,5.0,1.72,3.7,5.0,1.77,3.6,4.75,1.8,3.74,4.8,1.73,3.7,5.0,1.75,3.6,5.25,1.81,3.9,5.4,1.75,3.71,4.94,2.1,1.72,2.15,1.78,2.2,1.9,2.07,1.77,-0.75,2.05,1.85,2.07,1.85,2.09,1.94,2.01,1.87,0.5714285714285714,0.2695417789757412,0.19920318725099603,0.5493588817079968,0.2591315479754702,0.19150957031653282,2.9166666666666665,0.2,0.5,0.4,0.9,1.8,1.8,8.6,8.8,3.0,2.8,15.8,14.5,5.0,4.2,1.8,1.6,0.0,0.0,3.2291666666666665,0.0,0.4,0.0,0.2,2.0,1.6,10.0,10.3,2.0,2.7,9.2,9.2,4.4,4.6,1.4,1.4,0.0,0.0,1.0,1.5,1.4,1.4,1.4,1.1,0.2,0.5,0.2,0.5,2.0,1.8,0.2,0.4
333,2020-07-07 20:15:00,E0,07/07/2020,20:15,Arsenal,Leicester,1,1,D,1,0,H,C Kavanagh,11,13,7,5,10,14,10,1,1,0,1,0,2.3,3.5,3.0,2.3,3.4,3.1,2.35,3.4,3.0,2.43,3.43,3.06,2.38,3.4,3.0,2.4,3.4,3.0,2.49,3.59,3.15,2.38,3.43,3.03,1.9,1.9,1.93,1.98,1.99,2.05,1.88,1.95,-0.25,2.06,1.84,2.1,1.83,2.1,1.87,2.06,1.83,2.2,3.5,3.2,2.2,3.4,3.3,2.2,3.4,3.3,2.24,3.46,3.39,2.2,3.4,3.3,2.2,3.4,3.4,2.3,3.57,3.55,2.21,3.44,3.34,1.9,1.9,1.97,1.95,2.0,2.03,1.91,1.92,-0.25,1.94,1.96,1.94,1.99,1.99,2.0,1.92,1.96,0.42016806722689076,0.29154518950437314,0.33003300330033003,0.40333052620140725,0.27986199777240495,0.31680747602618786,3.1145833333333335,1.8,2.0,1.8,1.9,1.0,0.9,9.4,9.5,4.8,4.1,10.0,10.5,5.2,5.5,1.8,1.6,0.2,0.2,3.21875,1.6,1.3,1.8,1.5,0.6,0.8,14.2,14.2,3.6,4.0,13.0,13.1,6.0,5.1,1.6,1.5,0.0,0.1,2.6,1.7,2.6,1.9,0.6,1.2,0.4,1.4,0.6,1.5,1.2,1.1,0.19999999999999996,0.0
334,2020-07-08 18:00:00,E0,08/07/2020,18:00,Man City,Newcastle,5,0,H,2,0,H,A Madley,23,6,9,1,12,7,8,1,0,0,0,0,1.12,9.0,21.0,1.12,9.25,21.0,1.13,8.5,20.0,1.12,9.75,25.19,1.11,9.0,26.0,1.12,9.0,29.0,1.16,10.5,29.0,1.13,9.15,22.2,1.36,3.2,1.4,3.09,1.43,3.2,1.39,3.01,-2.25,1.88,2.02,1.88,2.02,1.92,2.06,1.86,2.02,1.11,10.0,21.0,1.1,11.5,19.5,1.12,9.0,20.0,1.09,12.02,25.19,1.1,11.0,23.0,1.06,11.5,23.0,1.12,13.0,32.0,1.1,11.17,23.23,1.3,3.5,1.31,3.62,1.37,3.66,1.32,3.39,-2.75,2.04,1.86,1.98,1.92,2.08,1.92,2.02,1.87,0.8849557522123894,0.1092896174863388,0.04504504504504505,0.8514999654168526,0.10515791922634354,0.04334211535680376,2.9583333333333335,1.8,1.8,2.6,1.7,0.6,0.7,18.0,17.1,6.6,5.9,7.0,8.6,6.2,7.4,1.4,1.7,0.2,0.2,3.15625,2.2,1.4,2.2,1.3,0.8,1.1,12.4,12.4,5.8,4.4,11.6,10.9,5.0,5.9,1.4,2.0,0.0,0.1,2.6,2.5,3.2,2.6,0.4,0.7,1.4,1.1,1.4,1.1,1.6,1.6,-0.40000000000000013,0.3999999999999999
335,2020-07-08 18:00:00,E0,08/07/2020,18:00,Sheffield United,Wolves,1,0,H,0,0,D,M Atkinson,7,6,3,1,5,6,6,1,2,0,0,0,3.8,3.2,2.1,3.9,3.0,2.15,3.95,3.05,2.15,4.08,3.05,2.19,4.0,3.1,2.1,4.1,3.1,2.1,4.1,3.26,2.25,3.96,3.08,2.14,2.75,1.44,2.86,1.47,2.86,1.51,2.69,1.47,0.25,2.08,1.82,2.08,1.85,2.13,1.85,2.07,1.81,4.2,3.0,2.05,4.1,3.0,2.1,4.15,3.05,2.05,4.27,3.11,2.11,4.2,3.0,2.1,4.2,3.1,2.1,4.32,3.2,2.21,4.13,3.07,2.11,2.75,1.44,2.78,1.5,2.83,1.5,2.7,1.47,0.25,2.13,1.78,2.17,1.78,2.17,1.83,2.11,1.79,0.25252525252525254,0.3246753246753247,0.4672897196261682,0.2417688831504196,0.3108457069076823,0.44738540994189796,3.25,1.0,1.5,0.8,0.9,1.6,1.1,6.6,8.7,2.2,2.8,11.4,11.0,4.6,6.3,0.6,1.1,0.2,0.1,4.020833333333333,2.0,1.8,0.8,1.1,0.4,0.6,10.0,12.2,2.4,3.1,8.8,10.3,4.0,4.4,1.6,1.6,0.0,0.0,2.0,1.8,1.4,1.4,0.8,1.0,2.6,2.0,1.8,1.6,0.8,1.1,-1.0,0.0
336,2020-07-08 18:00:00,E0,08/07/2020,18:00,West Ham,Burnley,0,1,A,0,1,A,M Oliver,21,8,5,4,7,7,10,3,1,1,0,0,2.0,3.4,3.9,2.0,3.4,3.9,2.0,3.4,3.85,2.05,3.51,3.9,2.0,3.4,3.9,2.0,3.4,4.0,2.1,3.6,4.05,2.02,3.42,3.89,2.0,1.8,2.08,1.83,2.2,1.87,2.06,1.78,-0.5,2.03,1.87,2.05,1.88,2.05,1.9,2.02,1.85,1.85,3.6,4.2,1.83,3.6,4.4,1.85,3.55,4.4,1.87,3.67,4.5,1.83,3.6,4.4,1.8,3.6,4.75,1.93,3.8,4.75,1.85,3.61,4.44,2.0,1.8,2.09,1.83,2.11,1.9,2.03,1.8,-0.5,1.85,2.05,1.87,2.06,1.93,2.1,1.85,2.03,0.49504950495049505,0.29239766081871343,0.2570694087403599,0.47395083719273245,0.27993587459921626,0.24611328820805128,3.15625,0.8,0.8,1.0,1.3,1.8,2.0,11.6,10.1,4.2,4.2,9.0,8.4,4.4,4.2,1.4,1.5,0.0,0.0,3.25,1.6,1.9,0.8,1.1,1.4,0.8,9.6,10.1,4.2,4.2,11.4,10.1,1.8,3.3,1.6,2.0,0.0,0.0,1.4,1.1,1.8,1.8,2.0,1.9,2.0,1.6,1.0,0.9,1.2,1.5,-0.8,0.19999999999999996
337,2020-07-08 20:15:00,E0,08/07/2020,20:15,Brighton,Liverpool,1,3,A,1,2,A,C Pawson,12,19,2,8,7,15,6,10,1,4,0,0,6.0,4.33,1.53,5.75,4.33,1.55,5.9,4.2,1.55,6.08,4.3,1.58,6.0,4.2,1.55,6.5,4.2,1.55,6.5,4.45,1.62,5.99,4.26,1.56,1.72,2.1,1.78,2.16,1.82,2.2,1.73,2.12,1.0,1.93,1.97,1.93,2.0,1.98,2.01,1.92,1.96,6.0,4.1,1.57,6.2,4.1,1.55,5.8,3.95,1.6,5.95,4.07,1.62,6.0,4.0,1.57,6.5,4.0,1.57,6.6,4.3,1.64,6.1,4.04,1.58,2.0,1.9,1.98,1.94,2.03,2.06,1.93,1.9,1.0,1.81,2.09,1.8,2.14,1.89,2.17,1.83,2.06,0.1669449081803005,0.2347417840375587,0.641025641025641,0.16010639066768817,0.2251261220890733,0.6147674872432385,4.322916666666667,1.6,1.1,0.6,0.9,0.8,1.3,8.4,12.4,2.4,3.8,11.2,10.0,4.6,5.0,1.8,1.6,0.0,0.0,3.15625,2.0,2.2,1.6,1.8,1.0,1.0,12.4,14.0,4.6,5.1,10.8,9.2,6.2,7.2,1.0,0.7,0.0,0.0,1.0,1.0,0.8,0.9,1.4,1.3,1.4,2.2,0.6,1.5,1.4,0.9,-0.3999999999999999,-1.0
338,2020-07-09 18:00:00,E0,09/07/2020,18:00,Bournemouth,Tottenham,0,0,D,0,0,D,P Tierney,9,9,2,0,11,14,8,12,3,2,0,0,5.25,3.8,1.66,5.0,4.1,1.65,4.85,3.95,1.7,4.98,4.11,1.7,5.0,4.0,1.67,5.0,4.0,1.67,5.45,4.2,1.72,5.03,4.0,1.68,1.72,2.1,1.77,2.17,1.82,2.22,1.73,2.12,0.75,2.01,1.89,2.02,1.91,2.05,1.94,2.0,1.87,4.5,3.9,1.72,4.75,3.9,1.72,4.6,3.8,1.75,4.8,3.81,1.79,4.75,3.8,1.73,4.8,3.8,1.75,5.3,4.12,1.82,4.76,3.87,1.75,1.8,2.0,1.86,2.05,1.9,2.13,1.8,2.04,0.75,1.9,2.0,1.91,2.02,2.0,2.08,1.92,1.97,0.19880715705765406,0.25,0.5952380952380952,0.19042005757939837,0.23945322240609346,0.5701267200145081,5.125,0.0,0.7,0.8,1.2,2.8,2.3,8.2,9.9,1.8,2.9,11.8,10.3,5.6,4.5,2.0,1.9,0.0,0.1,2.9166666666666665,1.6,1.7,1.2,1.6,1.0,1.3,11.8,11.7,2.6,3.7,13.4,12.3,6.4,5.7,1.8,1.6,0.0,0.0,1.4,0.8,1.6,1.0,2.0,2.0,1.0,1.2,1.2,1.4,1.6,1.6,-1.6,-0.3999999999999999
339,2020-07-09 18:00:00,E0,09/07/2020,18:00,Everton,Southampton,1,1,D,1,1,D,L Mason,11,17,4,4,13,14,3,5,3,3,0,0,2.05,3.5,3.6,2.0,3.5,3.75,2.05,3.45,3.6,2.11,3.57,3.61,2.05,3.5,3.6,2.05,3.5,3.6,2.15,3.65,3.86,2.07,3.51,3.62,1.9,1.9,1.99,1.93,2.01,1.98,1.92,1.9,-0.5,2.07,1.83,2.11,1.82,2.12,1.86,2.06,1.81,2.05,3.5,3.6,2.1,3.5,3.5,2.05,3.4,3.65,2.1,3.44,3.81,2.05,3.4,3.7,2.1,3.4,3.7,2.17,3.57,3.92,2.09,3.42,3.68,2.0,1.8,2.04,1.88,2.11,1.92,2.01,1.82,-0.25,1.79,2.11,1.81,2.13,1.86,2.16,1.8,2.1,0.48309178743961356,0.2849002849002849,0.27624309392265195,0.46262738801323855,0.27283153652062786,0.26454107546613365,2.9166666666666665,1.4,1.5,0.6,1.4,1.2,1.5,8.4,11.8,2.8,4.5,13.8,13.0,3.2,4.6,1.6,1.8,0.0,0.1,3.9583333333333335,1.8,1.5,1.4,1.3,0.8,1.3,11.8,13.9,5.2,4.9,10.8,11.4,4.2,6.2,0.4,1.0,0.4,0.2,1.8,1.9,1.6,1.3,1.0,0.8,1.8,1.9,1.8,1.9,1.6,1.4,-0.40000000000000013,-0.7999999999999999
340,2020-07-09 20:15:00,E0,09/07/2020,20:15,Aston Villa,Man United,0,3,A,0,2,A,J Moss,9,14,1,6,7,13,3,5,2,3,0,0,9.0,5.25,1.33,9.25,5.25,1.33,8.7,5.1,1.35,9.47,5.22,1.36,10.0,5.0,1.33,10.0,5.0,1.33,10.5,5.45,1.38,9.26,5.15,1.35,1.66,2.2,1.7,2.28,1.74,2.36,1.65,2.25,1.5,1.87,2.03,1.88,2.04,1.93,2.06,1.86,2.01,8.5,5.5,1.33,8.5,5.5,1.33,9.7,5.5,1.3,9.29,5.84,1.33,9.0,5.5,1.32,9.5,5.5,1.33,10.0,6.29,1.36,9.05,5.62,1.33,1.53,2.5,1.57,2.56,1.61,2.66,1.55,2.47,1.5,1.92,1.98,1.93,2.0,1.99,2.03,1.92,1.96,0.1079913606911447,0.1941747572815534,0.7407407407407407,0.10354842312991025,0.18618609673455708,0.7102654801355326,4.15625,0.4,0.5,0.4,0.7,1.2,1.8,11.2,11.6,3.2,3.2,11.4,12.4,6.0,6.2,1.4,1.9,0.0,0.0,5.21875,2.6,2.1,2.8,2.0,0.6,0.6,14.0,15.3,6.8,6.3,12.2,11.4,6.2,5.9,1.0,1.5,0.0,0.0,0.8,1.0,1.0,1.1,1.4,2.0,1.6,1.5,1.4,1.4,0.8,1.2,-2.2,-2.4
341,2020-07-11 12:30:00,E0,11/07/2020,12:30,Norwich,West Ham,0,4,A,0,2,A,K Friend,11,19,2,7,9,8,1,6,1,0,0,0,3.75,3.75,1.95,3.8,3.6,1.95,3.9,3.55,1.95,3.84,3.71,2.01,3.7,3.6,2.0,3.8,3.6,2.0,3.9,3.8,2.07,3.76,3.65,1.99,1.8,2.0,1.88,2.03,1.89,2.11,1.83,2.01,0.5,1.9,2.0,1.92,2.01,1.92,2.03,1.88,2.0,3.6,3.5,2.05,3.6,3.5,2.05,3.75,3.5,2.0,3.64,3.55,2.11,3.7,3.4,2.05,3.7,3.5,2.05,3.85,3.72,2.14,3.65,3.53,2.07,1.9,1.9,1.95,1.97,2.0,2.03,1.91,1.92,0.5,1.77,2.02,1.82,2.11,1.89,2.11,1.83,2.05,0.26595744680851063,0.273972602739726,0.5025125628140703,0.25512910126133215,0.2628179234911257,0.48205297524754215,3.7708333333333335,0.0,0.4,0.2,0.2,2.2,1.6,10.0,10.3,1.6,2.8,10.6,10.0,4.0,4.6,2.2,1.7,0.0,0.0,2.7708333333333335,0.8,0.8,1.0,1.3,1.8,1.9,13.0,11.5,4.0,4.3,8.6,8.5,5.0,4.9,1.2,1.4,0.0,0.0,0.6,0.8,0.2,0.7,1.2,1.3,0.2,0.4,0.8,0.7,2.0,1.9,-0.8,-0.8
342,2020-07-11 12:30:00,E0,11/07/2020,12:30,Watford,Newcastle,2,1,H,0,1,A,C Pawson,17,8,5,4,23,15,2,4,1,4,0,0,1.8,3.6,4.5,1.83,3.6,4.5,1.8,3.55,4.55,1.83,3.65,4.74,1.8,3.5,4.75,1.83,3.5,4.8,1.88,3.72,5.0,1.82,3.58,4.65,2.1,1.72,2.13,1.79,2.13,1.87,2.06,1.78,-0.75,2.02,1.77,2.11,1.82,2.13,1.85,2.08,1.81,1.85,3.6,4.33,1.9,3.5,4.25,1.9,3.45,4.2,1.92,3.57,4.41,1.91,3.5,4.2,1.91,3.5,4.33,1.99,3.66,4.55,1.91,3.51,4.28,2.1,1.72,2.13,1.79,2.22,1.84,2.08,1.76,-0.5,1.93,1.97,1.92,2.01,1.97,2.01,1.92,1.96,0.5494505494505494,0.27932960893854747,0.2150537634408602,0.5263773651725184,0.2675996660932915,0.20602296873419002,3.7708333333333335,0.8,0.8,0.8,1.0,1.8,1.7,8.4,8.9,3.0,3.0,14.2,13.8,4.2,4.3,1.4,1.6,0.0,0.0,2.7708333333333335,1.6,1.3,2.0,1.1,1.8,1.4,10.8,12.2,4.6,4.3,10.0,10.6,3.6,5.6,0.8,1.9,0.0,0.1,1.4,1.8,1.8,1.6,1.6,0.9,1.2,1.1,1.0,1.1,2.2,1.9,-0.8,-1.2
343,2020-07-11 15:00:00,E0,11/07/2020,15:00,Liverpool,Burnley,1,1,D,1,0,H,D Coote,23,6,9,2,7,4,12,6,1,2,0,0,1.22,6.5,12.0,1.25,6.0,11.5,1.26,6.1,11.0,1.27,6.37,11.79,1.24,6.5,12.0,1.22,6.5,13.0,1.28,6.7,13.0,1.25,6.27,11.44,1.53,2.5,1.56,2.6,1.56,2.71,1.52,2.54,-1.75,1.97,1.93,2.0,1.93,2.01,1.95,1.96,1.92,1.2,7.0,13.0,1.22,6.75,11.5,1.25,6.3,12.0,1.23,6.82,13.07,1.2,7.0,13.0,1.22,6.5,13.0,1.25,7.3,19.5,1.22,6.7,13.12,1.53,2.5,1.56,2.57,1.57,2.66,1.53,2.5,-1.75,1.91,1.99,1.92,2.0,1.96,2.08,1.89,1.98,0.8,0.1594896331738437,0.08741258741258742,0.7641592349970118,0.15234434509509803,0.08349641990789028,2.78125,2.0,2.2,1.8,1.9,1.0,1.1,13.4,14.6,5.0,5.4,11.8,10.1,6.4,7.5,1.8,1.1,0.0,0.0,2.875,2.0,1.9,0.8,1.0,1.2,0.8,7.0,10.4,3.4,4.4,9.6,10.1,1.8,3.4,0.8,1.9,0.0,0.0,3.0,3.0,3.0,2.7,0.6,0.5,2.0,1.6,0.8,0.7,1.2,1.5,0.0,1.0
344,2020-07-11 17:30:00,E0,11/07/2020,17:30,Sheffield United,Chelsea,3,0,H,2,0,H,A Marriner,9,15,4,4,8,6,4,6,1,0,0,0,6.0,3.8,1.6,6.0,3.75,1.62,5.8,3.9,1.6,6.14,3.95,1.63,6.5,3.9,1.57,6.5,3.9,1.6,6.8,4.15,1.65,6.07,3.93,1.6,2.0,1.8,2.04,1.88,2.04,1.97,1.98,1.85,1.0,1.82,2.08,1.82,2.11,1.9,2.12,1.82,2.06,4.75,3.75,1.72,5.25,3.8,1.67,4.75,3.75,1.75,5.0,3.83,1.76,5.0,3.7,1.73,5.0,3.8,1.73,5.55,4.0,1.78,4.94,3.8,1.74,1.9,1.9,1.93,1.98,1.99,2.05,1.89,1.94,0.75,1.9,2.0,1.94,1.99,2.01,2.03,1.92,1.96,0.16474464579901152,0.2544529262086514,0.625,0.1577715273578538,0.2436827407282882,0.5985457319138578,2.9791666666666665,1.4,1.8,1.0,1.0,1.6,1.0,7.0,9.0,2.6,3.0,9.6,10.2,5.0,6.4,0.8,0.9,0.2,0.1,3.9791666666666665,2.4,2.0,2.4,2.2,1.4,1.4,17.2,16.7,7.2,6.4,11.6,11.0,6.4,7.0,0.6,1.3,0.0,0.0,2.6,2.0,1.6,1.2,0.6,0.7,1.6,1.5,2.2,1.7,2.0,1.6,-1.0,-1.4
345,2020-07-11 20:00:00,E0,11/07/2020,20:00,Brighton,Man City,0,5,A,0,2,A,G Scott,3,26,0,8,7,3,2,7,1,0,0,0,10.0,5.5,1.28,10.0,5.5,1.3,9.6,5.6,1.3,10.19,5.83,1.31,11.0,5.5,1.29,12.0,5.5,1.29,12.0,6.05,1.35,9.95,5.62,1.31,1.53,2.5,1.54,2.64,1.57,2.66,1.52,2.55,1.5,2.04,1.86,2.08,1.85,2.08,1.94,2.03,1.86,11.0,7.0,1.22,12.0,7.0,1.22,8.4,5.7,1.32,12.68,6.77,1.24,13.0,6.5,1.22,13.0,7.0,1.22,16.25,7.5,1.32,12.13,6.65,1.24,1.44,2.75,1.47,2.85,1.5,2.96,1.45,2.74,1.75,2.05,1.85,2.07,1.85,2.16,1.93,2.03,1.85,0.10050251256281408,0.17793594306049823,0.7633587786259541,0.09647031999968551,0.17079709679659624,0.7327325832037181,2.9895833333333335,1.4,1.1,0.8,0.9,1.4,1.3,9.4,11.5,2.6,3.2,11.2,9.5,5.8,4.8,1.4,1.6,0.0,0.0,3.0833333333333335,1.8,1.8,3.0,2.1,0.6,0.7,18.6,17.6,6.0,6.3,7.6,8.5,6.8,6.9,1.2,1.4,0.2,0.2,0.8,1.0,0.8,1.0,1.8,1.4,0.6,1.5,0.4,1.8,1.4,1.2,-0.40000000000000013,-2.2
346,2020-07-12 12:00:00,E0,12/07/2020,12:00,Wolves,Everton,3,0,H,1,0,H,A Taylor,14,6,7,2,9,9,5,2,0,2,0,0,2.05,3.3,3.8,2.05,3.4,3.8,2.05,3.2,4.0,2.06,3.3,4.15,2.05,3.2,4.0,2.0,3.2,4.2,2.16,3.35,4.2,2.06,3.25,4.01,2.5,1.53,2.59,1.56,2.63,1.61,2.49,1.55,-0.5,2.05,1.85,2.06,1.86,2.08,1.89,2.04,1.83,2.05,3.2,3.9,2.05,3.2,4.0,2.05,3.1,4.05,2.12,3.21,4.07,2.05,3.2,4.0,2.1,3.1,4.2,2.15,3.28,4.3,2.08,3.17,4.07,2.75,1.44,2.81,1.49,2.81,1.51,2.71,1.47,-0.5,2.1,1.8,2.12,1.82,2.15,1.85,2.09,1.81,0.4854368932038835,0.3076923076923077,0.24937655860349128,0.46564432741057804,0.2951468659894741,0.23920880659994784,3.75,1.8,1.8,0.8,1.0,0.6,0.5,9.0,11.8,2.4,2.9,9.2,10.3,3.8,4.3,1.4,1.6,0.0,0.0,2.75,1.6,1.5,0.8,1.3,0.6,1.4,10.0,11.2,3.4,4.1,14.4,13.0,3.6,4.3,1.8,2.0,0.0,0.1,1.6,1.5,0.8,1.2,0.4,0.9,1.2,1.1,1.2,1.3,2.0,2.0,0.19999999999999996,0.0
347,2020-07-12 14:15:00,E0,12/07/2020,14:15,Aston Villa,Crystal Palace,2,0,H,1,0,H,M Atkinson,12,9,9,5,21,21,5,1,2,4,0,1,2.25,3.3,3.3,2.25,3.3,3.3,2.25,3.35,3.2,2.33,3.38,3.28,2.25,3.3,3.3,2.25,3.3,3.3,2.35,3.48,3.45,2.29,3.35,3.24,2.0,1.8,2.03,1.89,2.11,1.89,2.01,1.82,-0.25,1.97,1.93,2.01,1.92,2.01,1.97,1.97,1.91,2.35,3.4,3.0,2.3,3.3,3.2,2.35,3.3,3.15,2.35,3.45,3.17,2.3,3.4,3.1,2.38,3.25,3.2,2.44,3.49,3.3,2.36,3.35,3.13,2.1,1.72,2.17,1.77,2.23,1.82,2.12,1.74,-0.25,2.04,1.86,2.03,1.89,2.1,1.89,2.03,1.85,0.4366812227074236,0.29850746268656714,0.30864197530864196,0.4183448897865108,0.2859730739137641,0.29568203629972517,2.75,0.2,0.2,0.4,0.5,1.8,2.0,10.2,10.9,2.2,2.8,10.6,12.0,4.2,5.9,1.6,1.9,0.0,0.0,4.84375,0.6,1.2,0.8,0.8,2.2,1.5,9.4,11.0,2.2,3.1,10.2,10.8,5.4,6.4,1.0,1.6,0.0,0.0,0.2,0.7,0.6,0.9,1.8,2.3,1.2,1.0,0.8,0.8,2.0,1.5,-0.39999999999999997,-0.4
348,2020-07-12 16:30:00,E0,12/07/2020,16:30,Tottenham,Arsenal,2,1,H,1,1,D,M Oliver,15,13,9,4,16,11,6,5,5,3,0,0,2.62,3.4,2.7,2.65,3.4,2.65,2.6,3.45,2.65,2.68,3.51,2.69,2.6,3.4,2.7,2.6,3.4,2.7,2.75,4.48,2.83,2.6,3.48,2.68,1.8,2.0,1.8,2.12,1.9,3.22,1.77,2.08,0.0,1.93,1.97,1.96,1.97,2.06,2.07,1.9,1.95,2.7,3.4,2.6,2.75,3.4,2.55,2.75,3.3,2.6,2.78,3.45,2.63,2.75,3.3,2.6,2.75,3.4,2.63,2.88,3.51,2.75,2.75,3.38,2.62,1.9,1.9,1.93,1.98,2.0,2.03,1.92,1.91,0.0,1.97,1.93,2.02,1.91,2.05,1.97,1.97,1.9,0.3846153846153846,0.28735632183908044,0.3731343283582089,0.3680156575541385,0.27495422690826443,0.35703011553759706,2.9375,1.6,1.5,1.0,1.4,0.8,1.2,11.0,11.2,2.2,3.4,14.0,12.5,7.8,6.2,1.4,1.8,0.0,0.0,4.84375,2.0,2.0,2.0,1.8,0.6,0.8,11.0,10.4,6.2,4.6,10.6,10.9,6.8,6.0,1.8,1.6,0.2,0.2,2.0,1.9,1.6,1.7,0.8,0.9,1.4,1.4,1.0,1.2,1.0,1.0,-0.3999999999999999,-1.0
349,2020-07-12 19:00:00,E0,12/07/2020,19:00,Bournemouth,Leicester,4,1,H,0,1,A,S Attwell,10,13,4,5,11,12,2,6,2,1,0,1,5.25,3.8,1.66,5.0,4.0,1.67,4.95,3.8,1.7,5.24,3.83,1.72,5.25,3.7,1.7,5.25,3.75,1.7,5.6,4.0,1.75,5.14,3.82,1.7,1.9,1.9,1.94,1.97,1.98,2.01,1.89,1.92,0.75,1.96,1.94,1.99,1.94,2.0,1.97,1.96,1.91,5.0,3.8,1.7,4.6,3.8,1.75,5.0,3.8,1.7,4.52,3.9,1.81,4.8,3.7,1.75,5.0,3.8,1.73,5.25,4.0,1.85,4.87,3.8,1.75,2.0,1.8,2.0,1.92,2.06,1.93,1.99,1.84,0.75,1.9,2.0,1.88,2.05,1.96,2.06,1.9,1.98,0.19455252918287938,0.2617801047120419,0.5882352941176471,0.18625167781385157,0.25061089632544425,0.5631374258607041,3.0416666666666665,0.2,0.5,0.6,0.9,2.4,2.2,8.8,9.7,1.4,2.8,11.6,10.5,6.4,4.8,2.4,2.1,0.0,0.1,4.947916666666667,1.2,1.1,1.2,1.2,0.8,0.8,13.8,13.6,3.2,3.7,12.8,13.5,4.4,4.5,1.2,1.4,0.0,0.1,1.0,0.9,1.0,0.9,1.8,1.8,0.6,1.2,0.6,1.4,1.0,1.2,-1.0,-0.6
350,2020-07-13 20:00:00,E0,13/07/2020,20:00,Man United,Southampton,2,2,D,2,1,H,C Kavanagh,8,9,4,5,14,15,4,6,1,3,0,0,1.3,5.5,10.0,1.28,6.0,10.0,1.3,5.5,9.7,1.28,5.99,11.75,1.27,5.8,11.0,1.29,5.5,11.0,1.33,6.3,12.0,1.29,5.73,10.41,1.61,2.3,1.62,2.44,1.72,2.47,1.61,2.33,-1.5,1.95,1.95,1.97,1.96,2.02,2.01,1.93,1.94,1.25,6.0,12.0,1.28,6.0,9.5,1.3,5.6,9.5,1.28,6.34,10.55,1.25,6.0,12.0,1.29,6.0,11.0,1.31,6.8,12.5,1.28,6.1,10.57,1.5,2.62,1.47,2.85,1.53,2.85,1.48,2.66,-1.75,2.0,1.8,2.11,1.82,2.13,1.96,2.04,1.84,0.7751937984496123,0.17452006980802792,0.09606147934678194,0.7412622607956515,0.1668810325351467,0.09185670666920177,3.9895833333333335,2.6,2.4,3.0,2.3,0.6,0.4,14.4,14.3,6.8,6.2,12.6,11.6,6.8,5.9,1.2,1.8,0.0,0.0,4.083333333333333,2.0,1.3,1.6,1.2,0.8,1.4,14.0,14.1,5.4,4.7,10.8,11.5,4.2,5.9,1.0,1.1,0.2,0.2,2.6,2.3,2.6,2.4,0.4,0.7,1.4,1.9,1.6,1.8,1.8,1.3,0.6000000000000001,1.4
351,2020-07-14 20:15:00,E0,14/07/2020,20:15,Chelsea,Norwich,1,0,H,1,0,H,J Moss,22,2,6,0,10,9,8,1,2,2,0,0,1.12,9.5,17.0,1.13,8.75,18.5,1.12,9.0,20.0,1.12,9.64,23.55,1.11,9.0,23.0,1.12,10.0,21.0,1.14,10.8,24.75,1.13,9.5,20.76,1.36,3.2,1.35,3.36,1.38,3.4,1.36,3.17,-2.5,2.02,1.77,2.05,1.85,2.12,1.89,2.03,1.84,1.12,9.5,17.0,1.12,9.0,21.0,1.12,9.0,20.0,1.12,9.66,24.8,1.11,9.0,23.0,1.13,9.5,21.0,1.15,10.8,25.0,1.12,9.54,20.99,1.36,3.2,1.36,3.29,1.39,3.44,1.35,3.17,-2.5,2.04,1.86,2.05,1.85,2.07,1.97,2.01,1.86,0.8849557522123894,0.10526315789473684,0.048169556840077066,0.8522395812177147,0.10137165545010711,0.046388763332178104,3.1145833333333335,1.8,1.9,2.0,2.0,1.8,1.5,16.4,17.5,7.0,6.5,9.4,10.2,5.6,7.0,0.4,1.1,0.0,0.0,3.3229166666666665,0.0,0.3,0.2,0.2,2.4,2.0,10.4,9.5,1.8,2.6,10.6,9.4,2.4,3.5,2.2,1.7,0.0,0.0,2.4,1.9,2.2,1.8,0.8,1.0,0.2,0.2,0.2,0.4,2.0,2.0,1.8,1.8
352,2020-07-15 18:00:00,E0,15/07/2020,18:00,Burnley,Wolves,1,1,D,0,0,D,M Dean,9,14,1,5,10,8,3,8,0,0,0,0,4.5,3.3,1.9,4.5,3.3,1.9,4.6,3.25,1.9,4.74,3.37,1.93,4.75,3.25,1.88,4.8,3.25,1.9,5.0,3.42,1.97,4.65,3.3,1.9,2.5,1.53,2.61,1.55,2.68,1.59,2.52,1.53,0.5,1.99,1.91,2.01,1.93,2.03,1.95,1.97,1.9,4.5,3.25,1.9,4.5,3.2,1.95,4.65,3.2,1.9,4.6,3.42,1.93,4.5,3.3,1.91,5.0,3.13,1.93,5.0,3.52,1.97,4.63,3.26,1.93,2.75,1.44,2.74,1.51,2.86,1.53,2.69,1.47,0.5,1.95,1.95,2.0,1.93,2.01,1.97,1.95,1.93,0.2150537634408602,0.30303030303030304,0.5263157894736842,0.2059113300492611,0.2901477832512316,0.5039408866995074,4.125,2.2,1.9,1.0,1.1,0.4,0.9,8.0,9.5,3.8,4.4,9.0,9.7,2.8,3.5,1.0,2.0,0.0,0.0,3.25,1.8,2.0,1.0,1.3,0.6,0.5,9.8,11.8,2.6,3.3,9.6,9.7,3.4,4.2,1.2,1.4,0.0,0.0,1.8,1.5,1.2,1.1,0.4,1.1,2.0,1.7,1.2,1.4,0.6,1.1,0.40000000000000013,0.0
353,2020-07-15 18:00:00,E0,15/07/2020,18:00,Man City,Bournemouth,2,1,H,2,0,H,L Mason,8,15,4,3,10,10,3,5,1,1,0,0,1.14,8.5,17.0,1.16,8.0,15.5,1.17,8.0,14.0,1.16,8.83,15.59,1.12,9.0,19.0,1.15,8.5,17.0,1.18,9.8,20.5,1.15,8.68,16.72,1.28,3.75,1.29,3.84,1.31,3.87,1.29,3.65,-2.25,1.88,2.02,1.83,2.08,1.93,2.09,1.86,2.02,1.12,9.5,17.0,1.14,9.0,15.5,1.17,8.0,14.0,1.17,8.49,14.53,1.12,9.5,17.0,1.14,9.0,18.0,1.18,10.3,21.0,1.15,9.04,16.98,1.3,3.5,1.32,3.58,1.33,3.75,1.3,3.51,-2.25,1.94,1.96,1.96,1.94,1.97,2.1,1.88,2.0,0.8695652173913044,0.1152073732718894,0.059808612440191394,0.8324534414441699,0.11029049051391651,0.057256068041913605,3.9166666666666665,1.8,2.1,3.0,2.6,0.6,0.5,20.0,18.4,6.2,6.6,6.6,7.4,7.6,7.0,1.0,1.1,0.2,0.1,2.9583333333333335,0.8,0.5,1.4,1.1,2.2,2.2,8.4,9.1,2.0,2.6,11.2,10.6,4.6,4.9,2.2,2.2,0.0,0.0,3.0,2.5,3.8,2.9,0.0,0.6,0.0,0.3,0.8,0.5,2.6,2.1,1.0,1.6
354,2020-07-15 18:00:00,E0,15/07/2020,18:00,Newcastle,Tottenham,1,3,A,0,1,A,D Coote,22,8,6,5,6,13,5,4,2,3,0,0,4.6,3.8,1.75,4.4,3.7,1.8,4.45,3.7,1.8,4.6,3.84,1.81,4.5,3.75,1.78,4.6,3.7,1.8,4.8,3.98,1.85,4.56,3.77,1.79,1.9,1.9,1.89,2.02,1.95,2.04,1.87,1.95,0.75,1.85,2.05,1.88,2.05,1.88,2.08,1.85,2.02,5.0,4.2,1.61,5.0,4.0,1.67,5.2,4.0,1.65,5.39,4.28,1.64,5.0,4.2,1.63,5.5,4.0,1.65,5.75,4.31,1.7,5.25,4.06,1.65,1.8,2.0,1.83,2.09,1.92,2.13,1.83,1.99,1.0,1.72,2.07,1.83,2.11,1.83,2.22,1.76,2.15,0.2192982456140351,0.26525198938992045,0.5586592178770949,0.21021497169949444,0.2542653238593355,0.5355197044411701,4.229166666666667,1.0,1.2,1.6,1.2,2.2,1.6,10.0,11.5,3.8,4.2,11.2,11.1,4.0,5.2,1.2,2.1,0.0,0.1,3.0625,2.0,1.5,1.2,1.4,0.8,1.3,12.0,12.4,3.4,4.0,13.8,13.3,7.6,6.6,2.4,2.1,0.0,0.0,1.4,1.6,1.2,1.1,0.6,0.9,1.0,1.0,1.2,1.1,1.6,1.4,-1.0,0.40000000000000013
355,2020-07-15 20:15:00,E0,15/07/2020,20:15,Arsenal,Liverpool,2,1,H,2,1,H,P Tierney,3,24,2,8,14,10,2,13,3,1,0,0,3.8,3.8,1.9,3.8,4.0,1.85,3.85,3.85,1.87,3.97,3.98,1.9,3.9,3.8,1.88,3.9,3.9,1.9,4.1,4.05,1.95,3.89,3.89,1.89,1.57,2.37,1.6,2.5,1.65,2.52,1.58,2.41,0.5,2.01,1.89,2.02,1.9,2.04,1.93,1.99,1.88,4.2,4.2,1.72,4.33,4.2,1.72,4.6,4.15,1.7,4.74,4.33,1.7,4.5,4.2,1.7,4.6,4.0,1.73,4.82,4.5,1.77,4.53,4.2,1.72,1.57,2.37,1.6,2.5,1.63,2.57,1.56,2.43,0.75,2.0,1.9,2.04,1.88,2.05,1.95,1.98,1.9,0.2570694087403599,0.2570694087403599,0.5291005291005292,0.24641460234680573,0.24641460234680573,0.5071707953063886,3.15625,2.0,1.9,2.0,1.9,0.6,1.0,11.0,10.4,5.8,4.8,11.2,10.9,6.4,5.8,2.2,1.6,0.2,0.2,4.21875,2.0,2.0,2.0,1.6,1.2,1.2,16.0,15.3,6.2,5.4,10.8,9.9,7.6,8.1,1.6,1.2,0.0,0.0,2.6,1.7,2.6,1.8,0.6,1.1,1.4,2.2,0.8,1.6,1.6,0.9,0.0,0.0
356,2020-07-16 18:00:00,E0,16/07/2020,18:00,Everton,Aston Villa,1,1,D,0,0,D,A Taylor,9,15,1,1,15,13,5,5,2,1,0,0,2.0,3.5,3.75,1.95,3.6,3.8,2.0,3.55,3.65,2.05,3.61,3.78,2.0,3.6,3.7,2.0,3.5,3.8,2.1,3.74,3.94,2.02,3.57,3.74,1.9,1.9,1.91,2.01,1.96,2.03,1.87,1.95,-0.5,2.03,1.87,2.05,1.88,2.05,1.9,2.02,1.85,2.1,3.5,3.4,2.1,3.5,3.5,2.15,3.3,2.9,2.1,3.62,3.62,2.1,3.5,3.5,2.15,3.4,3.6,2.21,3.65,3.86,2.12,3.51,3.49,1.9,1.9,1.92,2.0,1.98,2.05,1.91,1.91,-0.25,1.84,2.06,1.82,2.12,1.9,2.16,1.83,2.06,0.49504950495049505,0.2801120448179272,0.267379679144385,0.4748488512696493,0.26868198307134217,0.2564691656590084,4.25,1.4,1.2,0.8,1.0,1.2,1.5,9.4,10.6,3.2,3.8,13.2,12.5,3.8,4.1,1.8,2.0,0.0,0.0,4.15625,0.8,0.5,0.6,0.6,1.4,1.8,11.0,10.3,3.2,3.2,13.0,12.6,4.8,5.6,1.6,1.8,0.0,0.0,1.8,2.0,1.4,1.4,0.8,0.7,0.2,0.5,0.4,0.6,2.2,2.0,0.5999999999999999,0.20000000000000007
357,2020-07-16 18:00:00,E0,16/07/2020,18:00,Leicester,Sheffield United,2,0,H,1,0,H,M Oliver,15,5,7,1,12,10,9,5,1,2,0,0,2.05,3.25,3.9,1.95,3.4,4.1,2.0,3.35,3.95,2.04,3.4,4.12,2.0,3.4,4.0,2.0,3.3,4.1,2.1,3.58,4.2,2.02,3.34,4.01,2.2,1.66,2.19,1.76,2.25,1.79,2.14,1.72,-0.5,2.0,1.9,2.04,1.89,2.05,1.93,2.0,1.87,2.1,3.25,3.75,2.1,3.3,3.7,2.15,3.05,3.65,2.19,3.22,3.8,2.1,3.2,3.8,2.15,3.25,3.75,2.25,3.47,4.3,2.14,3.24,3.75,2.2,1.66,2.33,1.68,2.38,1.76,2.24,1.67,-0.25,1.86,2.04,1.87,2.06,1.88,2.29,1.83,2.06,0.49504950495049505,0.29940119760479045,0.24937655860349128,0.4742638206257702,0.2868302148694778,0.23890596450475207,3.9583333333333335,1.0,1.0,1.2,1.1,1.4,1.0,13.4,13.5,3.8,3.8,12.8,13.1,4.2,4.7,1.2,1.3,0.2,0.2,5.020833333333333,2.0,1.8,1.6,1.2,1.0,1.0,7.4,8.9,3.2,3.1,9.2,9.5,5.0,6.3,1.0,0.8,0.0,0.1,1.6,1.5,1.8,1.7,0.6,1.1,1.0,1.2,0.4,0.6,1.4,1.3,-1.0,-0.40000000000000013
358,2020-07-16 20:15:00,E0,16/07/2020,20:15,Crystal Palace,Man United,0,2,A,0,1,A,G Scott,13,17,5,5,10,15,2,7,1,2,0,0,9.5,4.75,1.36,9.25,4.75,1.36,9.6,5.0,1.35,10.36,5.03,1.36,10.0,5.0,1.33,10.5,5.0,1.33,10.9,5.4,1.38,9.84,5.0,1.35,1.72,2.1,1.79,2.13,1.84,2.18,1.77,2.08,1.5,1.85,2.05,1.88,2.04,1.92,2.1,1.85,2.03,8.0,5.25,1.36,8.75,5.25,1.34,8.75,5.25,1.35,8.65,5.38,1.36,8.5,5.25,1.35,9.0,5.0,1.36,10.25,5.55,1.39,8.68,5.27,1.35,1.61,2.3,1.63,2.41,1.75,2.47,1.64,2.27,1.25,2.09,1.81,2.09,1.83,2.17,1.94,2.09,1.8,0.1016260162601626,0.2,0.7407407407407407,0.09749545021232343,0.19187104601785254,0.7106335037698241,4.25,0.0,1.2,0.4,0.8,2.6,1.6,9.8,10.6,2.8,3.3,11.4,12.0,4.8,5.6,1.4,1.7,0.2,0.1,3.0104166666666665,2.6,2.4,3.2,2.5,0.8,0.6,13.6,13.6,6.4,6.1,11.8,11.6,6.4,5.9,1.2,1.6,0.0,0.0,1.2,1.4,0.8,0.9,1.0,1.0,2.2,1.7,2.0,1.4,0.4,0.9,-2.6,-2.8000000000000003
359,2020-07-16 20:15:00,E0,16/07/2020,20:15,Southampton,Brighton,1,1,D,0,1,A,A Marriner,21,10,6,2,6,10,8,2,1,0,0,0,2.15,3.3,3.5,2.2,3.25,3.5,2.15,3.25,3.5,2.2,3.37,3.59,2.15,3.3,3.5,2.15,3.25,3.6,2.26,3.48,3.68,2.18,3.31,3.53,2.1,1.72,2.16,1.78,2.22,1.82,2.13,1.73,-0.25,1.88,2.02,1.89,2.03,1.91,2.05,1.87,2.0,2.25,3.4,3.2,2.2,3.3,3.4,2.3,3.2,3.2,2.3,3.45,3.28,2.25,3.3,3.3,2.3,3.4,3.2,2.38,3.5,3.5,2.28,3.37,3.25,1.98,1.92,1.97,1.95,2.09,2.05,1.96,1.87,-0.25,1.99,1.91,1.99,1.93,2.02,2.01,1.96,1.91,0.4587155963302752,0.3021148036253776,0.28328611898017,0.4393337218702412,0.28934970201725857,0.27131657611250026,3.0104166666666665,1.6,1.4,1.4,1.4,1.2,1.2,11.4,13.3,4.6,4.8,10.8,11.5,4.0,5.4,1.4,1.2,0.2,0.2,5.010416666666667,0.8,1.0,0.4,0.6,2.2,1.5,8.2,9.9,1.6,2.6,10.0,9.3,4.2,4.4,1.2,1.6,0.0,0.0,1.2,1.3,0.8,1.0,1.0,1.1,1.4,1.1,1.0,1.0,0.8,1.2,0.8,0.9999999999999999
360,2020-07-17 20:00:00,E0,17/07/2020,20:00,West Ham,Watford,3,1,H,3,0,H,M Atkinson,10,14,4,3,11,11,9,3,0,2,0,0,2.4,3.0,3.3,2.35,3.1,3.3,2.4,3.0,3.3,2.43,3.04,3.46,2.38,3.1,3.25,2.4,3.1,3.2,2.5,3.18,3.5,2.42,3.04,3.31,2.0,1.8,2.08,1.84,2.11,1.89,2.03,1.8,-0.25,2.05,1.85,2.05,1.88,2.09,1.89,2.04,1.84,2.45,2.9,3.3,2.4,2.85,3.3,2.5,2.8,3.4,2.54,2.92,3.39,2.35,2.88,3.4,2.6,2.88,3.13,2.6,3.11,3.7,2.48,2.91,3.34,2.2,1.66,2.26,1.71,2.3,1.77,2.2,1.68,-0.25,2.11,1.79,2.13,1.81,2.19,1.83,2.1,1.8,0.4132231404958678,0.32894736842105265,0.3021148036253776,0.39569946597245714,0.3149976012017586,0.28930293282578434,6.3125,1.4,1.0,1.8,1.4,1.4,1.6,15.4,12.2,5.0,4.4,8.6,8.5,5.2,5.1,1.0,1.3,0.0,0.0,6.3125,1.2,1.1,1.0,1.0,1.8,1.5,10.2,9.5,3.2,3.3,15.8,14.4,4.2,4.1,1.6,1.5,0.0,0.0,1.4,1.1,1.8,1.6,1.8,1.7,0.2,0.5,0.2,0.6,1.8,1.6,0.19999999999999996,0.8
361,2020-07-18 17:30:00,E0,18/07/2020,17:30,Norwich,Burnley,0,2,A,0,1,A,K Friend,6,23,2,8,9,16,6,8,0,0,2,0,3.2,3.4,2.25,3.4,3.3,2.2,3.3,3.15,2.25,3.4,3.43,2.25,3.3,3.3,2.25,3.4,3.3,2.25,3.52,3.43,2.36,3.32,3.33,2.25,2.0,1.8,2.07,1.85,2.12,1.88,2.05,1.78,0.25,1.97,1.93,1.98,1.94,1.98,1.95,1.94,1.93,3.1,3.4,2.3,3.3,3.4,2.2,3.15,3.15,2.35,3.19,3.45,2.34,3.2,3.4,2.25,3.3,3.3,2.3,3.37,3.6,2.4,3.2,3.39,2.3,2.1,1.72,2.14,1.79,2.21,1.83,2.13,1.73,0.25,1.9,2.0,1.9,2.02,2.01,2.04,1.9,1.98,0.30120481927710846,0.3003003003003003,0.4444444444444444,0.287972603687433,0.287107821093777,0.4249195752187899,3.8854166666666665,0.0,0.3,0.2,0.2,2.4,2.0,9.0,9.2,1.6,2.5,10.8,9.8,1.4,3.4,2.6,1.8,0.0,0.0,2.9791666666666665,1.8,1.7,1.0,1.0,0.6,0.9,8.0,9.5,3.0,3.9,8.4,9.6,3.2,3.5,0.8,1.8,0.0,0.0,0.6,0.8,0.2,0.6,1.8,1.5,1.6,1.7,0.6,0.8,1.2,1.1,-1.8,-0.8
362,2020-07-19 14:00:00,E0,19/07/2020,14:00,Bournemouth,Southampton,0,2,A,0,1,A,C Pawson,11,16,3,8,12,11,12,6,2,2,0,0,2.4,3.6,2.8,2.3,3.7,2.9,2.45,3.4,2.85,2.43,3.78,2.82,2.4,3.6,2.8,2.38,3.5,2.9,2.5,3.82,3.01,2.39,3.65,2.84,1.72,2.1,1.74,2.22,1.79,2.25,1.71,2.16,-0.25,2.07,1.83,2.13,1.81,2.13,1.86,2.08,1.81,2.4,3.75,2.7,2.35,3.7,2.8,2.45,3.5,2.75,2.46,3.82,2.76,2.45,3.7,2.7,2.45,3.6,2.8,2.55,3.92,2.85,2.43,3.73,2.74,1.66,2.2,1.66,2.35,1.75,2.37,1.65,2.27,0.0,1.84,2.06,1.85,2.08,1.91,2.15,1.83,2.06,0.41841004184100417,0.273972602739726,0.35211267605633806,0.400585846172871,0.262301417083058,0.33711273674407105,3.8333333333333335,0.8,0.5,1.6,1.1,2.4,2.2,10.6,9.6,2.6,2.7,11.0,10.8,4.8,5.0,1.8,2.1,0.0,0.0,2.7395833333333335,1.8,1.5,1.6,1.4,1.0,1.1,13.2,14.4,5.2,5.2,10.0,11.3,4.8,5.8,1.6,1.1,0.0,0.2,1.0,1.2,1.4,1.3,1.8,1.6,1.6,2.0,2.0,1.9,1.4,1.3,-1.0,0.0
363,2020-07-19 16:00:00,E0,19/07/2020,16:00,Tottenham,Leicester,3,0,H,3,0,H,A Taylor,7,24,3,6,15,10,4,13,2,1,0,0,2.25,3.3,3.25,2.35,3.3,3.1,2.35,3.25,3.05,2.33,3.53,3.15,2.3,3.4,3.1,2.3,3.3,3.2,2.41,3.58,3.25,2.32,3.42,3.11,1.9,1.9,2.01,1.91,2.04,1.95,1.95,1.87,-0.25,2.01,1.89,2.02,1.91,2.05,1.93,2.01,1.87,2.25,3.4,3.2,2.4,3.3,3.0,2.35,3.2,3.1,2.36,3.39,3.22,2.25,3.3,3.3,2.38,3.3,3.13,2.44,3.5,3.51,2.33,3.36,3.14,2.0,1.8,2.07,1.85,2.11,1.92,1.99,1.84,-0.25,2.03,1.87,2.03,1.89,2.07,1.9,2.02,1.86,0.4310344827586207,0.29239766081871343,0.3215434083601286,0.41248283939222363,0.2798129202894616,0.3077042403183147,3.9166666666666665,2.0,1.5,1.4,1.4,1.0,1.2,10.6,10.9,3.6,3.5,14.0,13.6,6.6,6.3,2.6,2.4,0.0,0.0,2.9166666666666665,1.4,1.2,1.6,1.3,1.4,1.0,14.2,14.1,4.8,4.2,13.2,13.3,4.8,5.6,1.0,1.2,0.2,0.1,2.0,1.9,1.6,1.4,1.0,1.0,0.4,0.9,0.8,1.1,1.8,1.5,0.6000000000000001,-0.20000000000000018
364,2020-07-20 18:00:00,E0,20/07/2020,18:00,Brighton,Newcastle,0,0,D,0,0,D,S Hooper,11,12,3,1,13,12,9,7,4,2,0,0,1.9,3.4,4.33,1.95,3.4,4.2,1.95,3.25,4.1,1.97,3.48,4.3,1.91,3.5,4.2,1.91,3.4,4.33,2.0,3.62,4.5,1.93,3.42,4.23,2.1,1.72,2.14,1.79,2.2,1.82,2.12,1.73,-0.5,1.95,1.95,1.97,1.96,1.98,1.99,1.93,1.93,1.95,3.5,4.0,1.95,3.5,4.0,2.0,3.3,3.85,2.01,3.55,4.0,2.0,3.5,3.9,2.0,3.5,3.9,2.05,3.67,4.2,1.99,3.49,3.92,1.9,1.9,1.93,1.99,1.98,2.03,1.9,1.92,-0.5,2.04,1.89,2.01,1.91,2.06,1.95,2.0,1.88,0.5181347150259068,0.29239766081871343,0.23640661938534277,0.4949043997660027,0.2792881554235044,0.2258074448104929,3.90625,0.8,1.0,0.6,0.6,2.4,1.5,8.2,9.9,1.6,2.6,9.4,9.4,3.2,4.3,0.8,1.4,0.0,0.0,5.0,0.8,1.2,1.6,1.3,2.6,1.5,11.8,12.7,4.4,4.6,9.4,10.8,3.8,5.1,1.2,2.3,0.0,0.1,0.6,0.9,0.6,0.8,2.6,1.7,1.2,0.8,1.2,1.0,1.8,2.1,0.0,-1.0
365,2020-07-20 18:00:00,E0,20/07/2020,18:00,Sheffield United,Everton,0,1,A,0,0,D,S Attwell,8,5,0,2,11,19,7,1,1,3,0,0,2.2,3.25,3.5,2.15,3.3,3.5,2.2,3.1,3.55,2.18,3.42,3.57,2.15,3.3,3.5,2.15,3.2,3.7,2.27,3.45,3.7,2.17,3.29,3.52,2.3,1.61,2.37,1.66,2.43,1.7,2.32,1.62,-0.25,1.88,2.02,1.88,2.04,1.93,2.07,1.87,2.01,1.95,3.3,4.2,1.91,3.4,4.25,1.97,3.2,4.1,2.0,3.41,4.25,1.95,3.3,4.2,1.95,3.3,4.33,2.05,3.53,4.4,1.98,3.35,4.15,2.2,1.66,2.31,1.68,2.43,1.69,2.28,1.64,-0.5,2.0,1.93,2.0,1.93,2.05,1.95,1.99,1.89,0.4608294930875576,0.303951367781155,0.2840909090909091,0.439357323064666,0.28978887265967335,0.27085380427566064,4.0,2.0,1.5,1.6,1.0,0.8,1.1,7.6,7.8,3.2,2.6,10.0,9.5,5.0,6.0,1.4,0.8,0.0,0.1,4.0,1.0,1.0,0.8,0.8,1.4,1.5,8.8,10.1,2.4,3.1,13.6,12.9,3.8,4.2,2.0,2.2,0.0,0.0,2.6,2.3,1.8,1.5,0.4,0.5,0.6,1.1,0.6,1.1,2.2,1.8,1.0,0.8
366,2020-07-20 20:15:00,E0,20/07/2020,20:15,Wolves,Crystal Palace,2,0,H,1,0,H,P Bankes,11,7,5,3,11,15,5,2,2,1,0,0,1.5,4.0,7.5,1.5,3.9,7.75,1.53,3.8,7.5,1.51,4.12,8.08,1.47,4.0,8.0,1.5,3.9,8.0,1.54,4.35,8.3,1.5,4.03,7.72,2.3,1.61,2.33,1.68,2.39,1.71,2.29,1.64,-1.0,1.94,1.96,1.97,1.96,1.99,2.02,1.9,1.97,1.4,4.2,9.5,1.44,4.25,8.25,1.45,4.0,8.25,1.46,4.31,8.7,1.42,4.2,9.0,1.45,4.2,9.0,1.49,4.55,10.3,1.44,4.24,8.68,2.2,1.66,2.21,1.75,2.27,1.82,2.18,1.69,-1.0,1.79,2.11,1.83,2.1,1.88,2.15,1.79,2.11,0.6666666666666666,0.24813895781637715,0.1295336787564767,0.6383621344123307,0.23760377211377073,0.12403409347389849,5.09375,1.4,2.0,1.0,1.4,0.8,0.6,10.6,11.7,3.2,3.5,9.0,9.2,3.8,4.3,0.6,1.2,0.0,0.0,4.0,0.0,1.2,0.4,0.7,2.2,1.5,11.8,10.9,3.8,3.6,12.4,11.8,5.2,5.2,1.6,1.7,0.2,0.1,2.0,1.5,1.4,1.3,0.4,0.9,1.2,0.9,0.6,0.8,1.8,1.7,1.4,0.6
367,2020-07-21 18:00:00,E0,21/07/2020,18:00,Watford,Man City,0,4,A,0,2,A,M Oliver,2,26,0,10,14,11,0,8,2,0,0,0,8.5,5.5,1.33,9.0,5.75,1.3,8.0,5.25,1.35,8.57,5.73,1.34,9.5,5.8,1.3,10.0,5.75,1.3,10.0,6.15,1.37,8.62,5.6,1.33,1.5,2.62,1.5,2.74,1.5,2.79,1.48,2.67,1.5,1.97,1.96,1.94,1.98,2.0,1.99,1.94,1.94,9.0,5.75,1.3,7.25,5.75,1.35,9.0,5.75,1.33,9.2,6.37,1.3,9.5,6.0,1.29,9.5,6.0,1.3,10.5,6.6,1.33,9.13,6.01,1.3,1.5,2.62,1.49,2.79,1.5,2.82,1.47,2.69,1.5,2.05,1.88,2.06,1.85,2.09,1.91,2.03,1.85,0.1160092807424594,0.17857142857142858,0.7518796992481203,0.1108587384608973,0.1706432724165955,0.7184979891225073,3.9166666666666665,1.2,1.0,1.2,1.0,2.2,1.7,11.0,10.4,3.0,3.4,15.0,14.3,3.4,4.2,2.0,1.5,0.0,0.0,6.0,2.4,2.1,3.2,2.6,0.4,0.6,19.4,17.2,6.6,6.3,8.0,7.9,6.8,6.7,1.0,1.2,0.0,0.1,2.0,2.0,1.8,1.8,1.2,1.0,1.2,1.5,1.4,1.9,1.0,1.1,-1.2,-2.0
368,2020-07-21 20:15:00,E0,21/07/2020,20:15,Aston Villa,Arsenal,1,0,H,1,0,H,C Kavanagh,8,7,3,0,13,19,8,9,2,4,0,0,3.3,3.6,2.1,3.25,3.9,2.05,3.25,3.55,2.15,3.24,3.94,2.14,3.2,3.8,2.1,3.3,3.7,2.15,3.4,3.98,2.2,3.24,3.78,2.11,1.66,2.2,1.7,2.28,1.74,2.37,1.66,2.25,0.25,2.04,1.89,2.04,1.88,2.09,1.92,2.02,1.85,3.1,3.75,2.2,3.1,3.6,2.2,3.1,3.65,2.25,3.14,3.86,2.21,3.2,3.7,2.15,3.13,3.6,2.25,3.35,3.88,2.26,3.13,3.7,2.2,1.72,2.1,1.76,2.18,1.79,2.25,1.73,2.13,0.25,1.96,1.97,1.98,1.94,1.99,2.0,1.95,1.94,0.30864197530864196,0.2645502645502646,0.47393364928909953,0.2947515465974855,0.25264418279784473,0.4526042706046697,5.09375,0.8,0.6,0.6,0.5,1.4,1.6,11.2,10.0,3.0,2.9,13.0,12.7,4.0,4.9,1.4,1.7,0.0,0.0,6.0,2.0,1.9,2.0,1.7,0.8,1.1,9.6,9.2,5.2,4.3,11.2,10.8,5.6,5.5,2.4,1.7,0.2,0.2,0.8,1.0,0.6,1.0,1.2,1.9,1.2,1.1,1.2,1.0,1.4,1.1,-1.2,-1.4
369,2020-07-22 18:00:00,E0,22/07/2020,18:00,Man United,West Ham,1,1,D,0,1,A,P Tierney,11,12,4,3,10,9,2,3,3,1,0,0,1.22,6.5,11.0,1.25,6.25,11.5,1.27,6.0,11.0,1.26,6.37,12.18,1.24,6.5,12.0,1.22,6.5,13.0,1.28,7.0,13.5,1.24,6.38,11.56,1.5,2.62,1.48,2.84,1.5,2.84,1.47,2.68,-1.75,1.95,1.98,1.97,1.95,1.97,2.15,1.92,1.96,1.22,6.5,12.0,1.25,6.5,10.5,1.25,6.0,9.0,1.27,6.55,10.55,1.25,6.0,12.0,1.29,6.0,11.5,1.3,7.0,13.0,1.26,6.4,10.94,1.44,2.75,1.45,2.92,1.47,2.93,1.44,2.81,-1.75,2.05,1.85,2.04,1.88,2.09,1.97,1.98,1.89,0.8064516129032259,0.15673981191222572,0.08650519031141868,0.7682711378522975,0.14931915531925533,0.08240970682844713,5.90625,2.6,2.4,3.0,2.5,0.8,0.6,14.0,14.4,6.2,6.3,12.8,12.0,5.8,5.8,1.4,1.5,0.0,0.0,4.916666666666667,2.0,1.3,2.4,1.7,1.2,1.5,15.4,12.9,5.4,4.8,9.4,8.9,6.2,5.9,0.6,1.2,0.0,0.0,2.6,2.1,3.0,2.4,0.8,0.8,0.8,0.7,1.6,1.1,1.6,1.7,0.6000000000000001,0.6000000000000001
370,2020-07-22 20:15:00,E0,22/07/2020,20:15,Liverpool,Chelsea,5,3,H,3,1,H,A Marriner,10,10,7,5,8,11,6,0,1,0,0,0,2.0,3.75,3.5,1.95,3.8,3.6,2.1,3.5,3.4,2.08,3.71,3.59,2.05,3.7,3.4,2.05,3.75,3.4,2.13,3.95,3.7,2.04,3.7,3.51,1.57,2.37,1.65,2.39,1.66,2.41,1.6,2.34,-0.5,2.09,1.84,2.08,1.85,2.13,1.87,2.05,1.82,1.9,3.8,3.8,1.9,3.8,3.8,2.0,3.55,3.75,1.93,3.8,4.09,1.88,3.7,4.0,1.87,3.75,4.1,2.0,3.9,4.25,1.91,3.73,3.97,1.72,2.1,1.78,2.16,1.81,2.23,1.72,2.13,-0.5,1.91,1.99,1.93,2.01,1.95,2.04,1.91,1.96,0.49019607843137253,0.27027027027027023,0.2849002849002849,0.4689226369722048,0.2585411295738642,0.272536233453931,7.0,1.4,1.7,1.4,1.6,1.6,1.4,16.6,16.0,6.4,5.6,11.4,9.8,9.0,8.7,1.8,1.1,0.0,0.0,8.0,1.8,2.2,1.8,2.1,1.6,1.3,17.8,18.0,6.2,7.0,8.8,10.1,6.2,6.9,0.6,0.9,0.0,0.0,2.6,2.8,2.4,2.3,0.8,0.4,1.4,1.5,1.8,1.6,2.2,1.6,-0.40000000000000013,-0.40000000000000013
371,2020-07-26 16:00:00,E0,26/07/2020,16:00,Arsenal,Watford,3,2,H,3,1,H,M Dean,13,19,5,6,9,12,4,8,3,3,0,0,1.9,3.8,3.8,1.91,3.75,3.8,1.95,3.85,3.7,1.93,4.04,3.79,1.91,3.9,3.75,1.9,3.8,3.8,2.05,4.05,4.0,1.93,3.89,3.72,1.61,2.3,1.62,2.45,1.66,2.5,1.61,2.34,-0.5,1.93,1.97,1.93,1.99,2.05,1.99,1.93,1.93,2.0,3.8,3.5,2.0,3.8,3.5,2.05,3.75,3.45,2.05,3.84,3.56,2.0,3.7,3.6,2.0,3.75,3.6,2.09,3.87,4.1,2.01,3.76,3.56,1.66,2.2,1.68,2.33,1.76,2.35,1.65,2.25,-0.5,2.05,1.85,2.05,1.88,2.09,1.89,2.02,1.86,0.5181347150259068,0.2570694087403599,0.26881720430107525,0.4962874810087077,0.24623003556473153,0.25748248342656066,4.822916666666667,1.4,1.6,1.2,1.4,1.0,1.0,8.4,9.0,3.6,3.9,13.0,11.5,6.2,5.8,3.0,2.1,0.2,0.2,4.916666666666667,1.2,1.0,1.0,1.0,2.4,1.8,9.8,9.9,3.0,3.2,14.2,14.2,2.4,3.7,1.8,1.6,0.0,0.0,2.6,2.0,2.2,1.9,0.8,1.0,0.0,0.5,0.2,0.7,2.2,1.7,0.19999999999999996,0.19999999999999996
372,2020-07-26 16:00:00,E0,26/07/2020,16:00,Burnley,Brighton,1,2,A,1,1,D,J Moss,13,14,2,4,11,11,6,7,3,0,0,0,2.37,3.4,3.0,2.3,3.4,3.1,2.35,3.25,3.1,2.34,3.55,3.11,2.3,3.4,3.1,2.3,3.4,3.13,2.38,3.65,3.26,2.32,3.44,3.09,1.9,1.9,1.94,1.98,2.0,2.0,1.91,1.91,-0.25,2.01,1.89,2.04,1.89,2.05,1.93,2.0,1.87,2.62,3.3,2.7,2.6,3.3,2.75,2.6,3.1,2.75,2.64,3.39,2.8,2.6,3.4,2.7,2.63,3.3,2.8,2.75,3.58,2.89,2.62,3.33,2.75,2.0,1.8,2.07,1.85,2.1,1.9,2.01,1.81,0.0,1.9,2.0,1.9,2.02,1.96,2.05,1.89,1.99,0.4310344827586207,0.29069767441860467,0.3236245954692557,0.4123324230387289,0.27808465739821253,0.3095829195630586,7.9375,1.8,1.7,1.2,0.9,0.6,0.9,11.0,10.2,3.8,3.7,9.0,10.3,4.6,3.6,0.6,1.4,0.0,0.0,5.916666666666667,1.0,1.0,0.6,0.5,1.8,1.4,8.8,10.2,1.8,2.7,10.0,10.1,4.2,5.0,1.6,1.6,0.0,0.0,1.8,1.6,1.4,1.1,0.6,0.8,1.4,0.9,0.6,0.9,0.4,1.2,0.8,0.6
373,2020-07-26 16:00:00,E0,26/07/2020,16:00,Chelsea,Wolves,2,0,H,2,0,H,S Attwell,11,5,3,1,10,16,3,3,2,3,0,0,1.85,3.8,4.0,1.8,3.8,4.25,1.9,3.5,4.2,1.88,3.81,4.29,1.83,3.7,4.33,1.83,3.75,4.2,1.9,3.92,4.55,1.84,3.76,4.23,1.9,1.9,1.93,1.98,1.99,2.0,1.9,1.92,-0.5,1.84,2.06,1.88,2.05,1.9,2.11,1.84,2.03,1.85,3.4,4.5,1.85,3.4,4.6,1.95,3.2,4.3,1.96,3.38,4.52,1.88,3.3,4.6,1.95,3.4,4.2,1.99,3.5,4.9,1.91,3.35,4.49,2.3,1.61,2.37,1.65,2.39,1.72,2.27,1.64,-0.5,1.95,1.95,1.96,1.97,1.98,1.99,1.92,1.95,0.5434782608695652,0.26595744680851063,0.23640661938534277,0.5196560196560197,0.2542997542997543,0.22604422604422605,3.8229166666666665,1.8,1.9,2.0,2.2,2.0,1.7,16.4,17.3,6.0,6.8,9.2,9.8,5.6,6.6,0.4,0.8,0.0,0.0,5.822916666666667,1.4,2.0,1.2,1.3,0.8,0.6,11.0,10.9,3.8,3.4,8.0,9.2,4.4,4.4,0.8,1.2,0.0,0.0,3.0,1.9,2.4,1.7,0.4,0.9,2.0,1.7,1.4,1.3,0.8,1.0,0.40000000000000013,0.8
374,2020-07-26 16:00:00,E0,26/07/2020,16:00,Crystal Palace,Tottenham,1,1,D,0,1,A,A Marriner,13,7,2,2,11,13,7,2,3,2,0,0,6.0,4.2,1.55,6.0,4.2,1.55,6.0,4.0,1.57,6.4,4.27,1.56,6.5,4.2,1.52,6.5,4.1,1.53,6.75,4.45,1.6,6.12,4.23,1.55,1.72,2.1,1.79,2.15,1.83,2.19,1.76,2.08,1.0,1.95,1.95,1.99,1.94,2.01,1.99,1.94,1.93,6.5,4.2,1.5,6.5,4.33,1.5,7.0,4.5,1.47,6.94,4.62,1.49,7.0,4.33,1.47,7.0,4.5,1.5,8.3,4.65,1.52,6.87,4.46,1.49,1.8,2.0,1.82,2.1,1.87,2.14,1.79,2.04,1.25,1.83,2.07,1.84,2.09,1.87,2.12,1.81,2.09,0.16339869281045752,0.23640661938534277,0.6451612903225806,0.15636738285861468,0.2262336603060808,0.6173989568353044,5.822916666666667,0.0,0.9,0.4,0.6,2.4,1.7,9.8,9.8,3.6,3.0,13.0,11.8,3.8,4.7,1.6,1.6,0.2,0.1,7.0,2.6,1.8,1.8,1.6,0.4,1.0,10.2,11.1,3.8,3.5,14.4,13.7,6.2,6.2,3.0,2.4,0.0,0.0,1.2,1.1,0.8,0.8,1.2,1.2,1.0,1.3,1.2,1.3,1.4,1.3,-2.6,-1.4
375,2020-07-26 16:00:00,E0,26/07/2020,16:00,Everton,Bournemouth,1,3,A,1,2,A,C Kavanagh,13,13,5,7,11,9,2,5,1,0,0,0,2.25,3.7,3.0,2.25,3.8,2.9,2.25,3.55,3.0,2.26,3.87,3.03,2.25,3.8,2.9,2.25,3.7,3.0,2.33,4.1,3.15,2.24,3.78,2.98,1.57,2.37,1.58,2.53,1.64,2.55,1.58,2.39,-0.25,1.98,1.92,1.99,1.93,2.0,1.97,1.96,1.9,2.3,3.75,2.87,2.35,3.6,2.9,2.4,3.4,2.85,2.34,3.7,3.01,2.35,3.6,2.88,2.3,3.6,3.0,2.46,3.82,3.09,2.35,3.62,2.91,1.72,2.1,1.8,2.13,1.82,2.25,1.72,2.15,-0.25,2.03,1.87,2.04,1.88,2.09,1.89,2.05,1.84,0.4464285714285714,0.2645502645502646,0.33557046979865773,0.42657194359028733,0.25278337397942957,0.3206446824302831,5.916666666666667,1.0,1.3,0.6,0.7,1.2,1.2,8.4,8.9,2.4,2.8,14.8,13.6,3.4,4.0,2.4,2.1,0.0,0.0,7.083333333333333,0.8,0.5,1.4,1.1,2.0,2.1,10.4,9.5,3.0,2.6,11.2,11.1,6.0,5.9,1.8,2.0,0.0,0.0,1.4,1.8,1.0,1.2,0.8,0.7,0.0,0.3,0.8,0.6,2.6,2.2,0.19999999999999996,-0.7999999999999999
376,2020-07-26 16:00:00,E0,26/07/2020,16:00,Leicester,Man United,0,2,A,0,0,D,M Atkinson,14,7,3,3,12,11,3,3,1,4,1,0,3.25,3.5,2.2,3.2,3.5,2.2,3.15,3.25,2.3,3.25,3.51,2.28,3.2,3.4,2.25,3.2,3.4,2.25,3.36,4.54,2.35,3.17,3.49,2.24,1.9,1.9,1.88,2.03,1.94,3.09,1.85,1.99,0.25,1.94,1.42,1.94,1.98,1.98,2.01,1.91,1.92,3.6,3.5,2.05,3.7,3.6,2.0,3.65,3.4,2.05,3.76,3.65,2.05,3.8,3.6,1.95,3.8,3.6,2.0,3.91,3.7,2.15,3.71,3.57,2.02,1.8,2.0,1.85,2.07,1.89,2.16,1.8,2.03,0.5,1.89,2.01,1.88,2.05,1.94,2.05,1.86,2.02,0.31545741324921134,0.28653295128939826,0.4464285714285714,0.30088870243286625,0.2733000534991937,0.42581124406794013,7.0,1.4,1.2,1.4,1.3,1.6,1.2,16.0,15.5,5.4,4.5,13.2,12.9,6.4,6.6,1.0,1.3,0.2,0.1,3.9166666666666665,2.2,2.2,2.6,2.3,1.0,0.7,13.8,13.4,5.8,5.8,13.0,12.4,5.2,5.7,1.8,1.8,0.0,0.0,2.0,1.5,1.8,1.7,0.2,1.1,2.2,1.7,2.0,1.4,0.4,0.8,-0.8000000000000003,-1.2000000000000002
377,2020-07-26 16:00:00,E0,26/07/2020,16:00,Man City,Norwich,5,0,H,2,0,H,C Pawson,31,5,10,4,7,4,9,0,1,1,0,0,1.08,11.0,26.0,1.05,13.5,41.0,1.07,12.0,30.0,1.08,13.1,30.22,1.07,15.0,21.0,1.05,13.0,34.0,1.1,15.25,41.0,1.07,12.8,30.42,1.22,4.33,1.21,4.76,1.22,4.8,1.21,4.36,-3.0,1.95,1.95,1.93,1.97,2.0,2.0,1.95,1.92,1.03,19.0,41.0,1.02,19.5,51.0,1.07,14.0,28.0,1.04,18.5,41.0,1.02,21.0,34.0,1.03,23.0,34.0,1.07,26.0,58.0,1.04,19.42,40.86,1.12,6.0,1.12,6.72,1.16,6.82,1.13,5.77,-3.75,2.03,1.87,2.01,1.88,2.06,1.88,2.02,1.84,0.9345794392523364,0.078125,0.03287310979618672,0.8938403852519641,0.07471946970465637,0.03144014504337941,4.916666666666667,2.4,2.1,3.2,2.9,0.4,0.6,21.8,18.0,7.4,6.6,8.6,8.0,7.8,6.8,0.6,1.2,0.0,0.1,7.9375,0.0,0.3,0.2,0.2,2.0,1.9,8.6,9.2,1.6,2.3,10.6,10.1,2.2,3.9,1.8,1.5,0.4,0.2,3.0,2.8,3.8,3.0,0.2,0.5,0.0,0.2,0.2,0.3,2.2,1.9,2.4,3.0
378,2020-07-26 16:00:00,E0,26/07/2020,16:00,Newcastle,Liverpool,1,3,A,1,1,D,A Taylor,3,14,2,6,11,5,2,4,1,0,0,0,7.5,5.25,1.36,7.5,4.75,1.42,7.5,4.8,1.4,7.79,5.07,1.41,8.0,5.0,1.38,8.0,4.8,1.4,8.2,5.4,1.45,7.6,4.99,1.4,1.53,2.5,1.53,2.65,1.59,2.68,1.54,2.49,1.5,1.75,2.05,1.83,2.1,1.87,2.14,1.79,2.08,5.5,4.6,1.53,4.75,4.5,1.62,5.25,4.2,1.6,5.42,4.62,1.58,6.0,4.4,1.52,5.75,4.1,1.6,6.45,4.8,1.62,5.57,4.48,1.56,1.57,2.37,1.62,2.44,1.62,2.51,1.57,2.4,1.0,1.94,1.96,1.95,1.97,2.03,2.0,1.95,1.92,0.13157894736842105,0.2004008016032064,0.7142857142857143,0.12576057605760574,0.1915391539153915,0.6827002700270026,5.916666666666667,0.4,1.3,0.8,1.3,2.4,1.4,11.8,13.1,3.2,4.5,9.8,10.9,4.6,5.3,1.6,1.9,0.0,0.0,3.8229166666666665,2.0,1.7,2.4,1.8,1.4,1.5,16.4,14.5,7.2,5.6,11.6,10.2,9.6,7.7,1.6,1.2,0.0,0.0,1.2,1.3,1.4,1.0,1.2,1.1,0.8,1.9,0.8,1.4,2.0,1.1,-1.6,-1.5999999999999999
379,2020-07-26 16:00:00,E0,26/07/2020,16:00,Southampton,Sheffield United,3,1,H,0,1,A,P Bankes,13,5,4,3,9,16,9,1,0,1,0,0,2.15,3.5,3.3,2.2,3.5,3.2,2.2,3.3,3.35,2.18,3.54,3.46,2.15,3.4,3.4,2.15,3.4,3.4,2.25,3.6,3.56,2.18,3.47,3.34,1.9,1.9,1.86,2.06,1.96,2.06,1.87,1.95,-0.25,1.89,2.01,1.89,2.04,1.92,2.04,1.88,1.99,2.0,3.5,3.8,2.0,3.5,3.75,2.0,3.4,3.75,2.0,3.68,3.93,2.0,3.6,3.75,1.95,3.6,4.0,2.05,3.85,4.07,1.99,3.61,3.81,1.8,2.0,1.83,2.09,1.9,2.11,1.82,2.01,-0.5,1.97,1.93,2.0,1.93,2.03,1.96,1.98,1.89,0.4587155963302752,0.2881844380403458,0.29940119760479045,0.43841637791463023,0.2754316149434853,0.28615200714188443,7.083333333333333,1.8,1.5,1.4,1.4,0.8,1.1,14.2,13.2,5.4,5.1,10.4,11.1,5.4,5.5,2.0,1.2,0.0,0.2,5.916666666666667,1.4,1.4,1.0,0.9,0.8,1.1,7.8,7.2,2.2,2.3,9.6,10.3,6.2,5.5,1.2,0.9,0.0,0.1,1.4,1.1,0.8,0.9,0.8,1.1,0.4,0.9,0.2,0.4,1.8,1.4,0.40000000000000013,0.3999999999999999
380,2020-07-26 16:00:00,E0,26/07/2020,16:00,West Ham,Aston Villa,1,1,D,0,0,D,M Oliver,10,13,1,4,16,13,0,7,2,1,0,0,3.0,3.6,2.3,3.0,3.5,2.3,3.05,3.4,2.3,3.12,3.62,2.31,3.0,3.6,2.3,3.1,3.6,2.25,3.2,3.82,2.36,3.05,3.57,2.28,1.66,2.2,1.67,2.34,1.71,2.39,1.66,2.24,0.25,1.91,1.99,1.92,2.01,1.94,2.02,1.89,1.97,2.55,3.5,2.62,2.55,3.6,2.65,2.6,3.35,2.65,2.66,3.53,2.69,2.62,3.6,2.55,2.63,3.5,2.7,2.75,3.76,2.75,2.62,3.5,2.65,1.8,2.0,1.86,2.05,1.93,2.13,1.8,2.03,0.0,1.93,1.97,1.95,1.98,1.99,2.0,1.93,1.95,0.3278688524590164,0.2801120448179272,0.4385964912280702,0.3132772177768541,0.2676458023023543,0.4190769799207916,3.9166666666666665,1.6,1.4,2.0,1.6,1.0,1.3,15.8,13.4,5.2,4.7,9.2,8.8,6.4,5.4,0.4,1.0,0.0,0.0,4.822916666666667,1.4,0.9,0.8,0.6,1.2,1.4,10.6,10.4,3.4,3.1,12.4,12.3,5.2,5.1,1.6,1.5,0.0,0.0,1.8,1.4,1.8,1.8,1.4,1.5,0.4,0.6,0.4,0.6,2.0,1.9,0.20000000000000018,1.2
